geolocation_name,quarter_label,country,year,deflated_gdp_usd,us_cpi,landlocked,region_economic_classification,access_to_airport,access_to_port,access_to_highway,access_to_railway,straight_distance_to_capital_km,seismic_hazard_zone,flood_risk_class,tropical_cyclone_wind_risk,tornadoes_wind_risk,koppen_climate_zone,sentinel2_tiff_file_name,viirs_tiff_file_name,construction_cost_per_m2_usd
0,3,0,2019,299682074191.28937,117.6899153350103,0,1,0,1,1,0,770.0,2,1,3,0,0,sentinel_2_dinagat_islands_2019-Q3.tif,viirs_dinagat_islands_2019-Q3.tif,129.9974201590657
1,2,1,2024,3928801383782.808,143.9682405014625,1,3,0,0,1,1,370.0,2,1,1,0,3,sentinel_2_29000_nara_2024-Q2.tif,viirs_29000_nara_2024-Q2.tif,1567.8787743705016
2,1,1,2020,4069008481605.98,118.4352913210933,0,3,1,1,1,1,450.0,2,1,1,0,5,sentinel_2_05000_akita_2020-Q1.tif,viirs_05000_akita_2020-Q1.tif,2009.8277005928624
3,4,0,2020,291244296180.30774,119.4024762808857,1,1,1,0,1,0,870.0,3,1,2,0,0,sentinel_2_cotabato_2020-Q4.tif,viirs_cotabato_2020-Q4.tif,377.2799614242616
4,3,0,2019,299682074191.28937,117.6899153350103,1,1,1,0,1,1,65.0,2,1,2,0,1,sentinel_2_pampanga_2019-Q3.tif,viirs_pampanga_2019-Q3.tif,163.9056883019777
5,1,0,2019,299682074191.28937,115.9781187205398,0,1,1,1,1,0,410.0,2,1,3,0,1,sentinel_2_antique_2019-Q1.tif,viirs_antique_2019-Q1.tif,236.31560437665115
6,2,1,2021,4247588558872.2593,123.5075473904579,0,3,1,1,1,1,270.0,2,1,2,1,3,sentinel_2_17000_ishikawa_2021-Q2.tif,viirs_17000_ishikawa_2021-Q2.tif,1760.3717290721825
7,3,1,2021,4247588558872.2593,125.4848727349994,0,3,1,1,1,1,150.0,3,1,2,1,3,sentinel_2_22000_shizuoka_2021-Q3.tif,viirs_22000_shizuoka_2021-Q3.tif,1998.1514282463447
8,2,1,2020,4069008481605.98,117.7956988014519,1,3,0,0,1,1,270.0,2,1,1,1,3,sentinel_2_21000_gifu_2020-Q2.tif,viirs_21000_gifu_2020-Q2.tif,2038.472106772219
9,1,0,2019,299682074191.28937,115.9781187205398,0,1,1,1,1,0,370.0,2,1,4,0,0,sentinel_2_catanduanes_2019-Q1.tif,viirs_catanduanes_2019-Q1.tif,173.96785449998526
10,2,1,2024,3928801383782.808,143.9682405014625,0,3,1,1,1,1,900.0,3,1,2,1,3,sentinel_2_43000_kumamoto_2024-Q2.tif,viirs_43000_kumamoto_2024-Q2.tif,1985.2283517854448
11,3,1,2019,4070264756531.522,117.6899153350103,0,3,1,1,1,1,870.0,2,1,3,1,3,sentinel_2_45000_miyazaki_2019-Q3.tif,viirs_45000_miyazaki_2019-Q3.tif,1507.5773424575727
12,2,1,2021,4247588558872.2593,123.5075473904579,0,3,1,1,1,1,970.0,3,1,3,1,3,sentinel_2_46000_kagoshima_2021-Q2.tif,viirs_46000_kagoshima_2021-Q2.tif,1691.0583400832106
13,1,0,2019,299682074191.28937,115.9781187205398,0,1,1,1,1,0,570.0,2,1,3,0,0,sentinel_2_leyte_2019-Q1.tif,viirs_leyte_2019-Q1.tif,141.77724064398484
14,3,1,2024,3928801383782.808,144.403145070865,0,3,1,1,1,1,450.0,3,1,1,1,5,sentinel_2_03000_iwate_2024-Q3.tif,viirs_03000_iwate_2024-Q3.tif,1706.6163973371624
15,1,1,2024,3928801383782.808,142.3299725681459,0,3,1,1,1,1,1200.0,2,1,2,1,3,sentinel_2_42000_nagasaki_2024-Q1.tif,viirs_42000_nagasaki_2024-Q1.tif,1530.8526948457186
16,2,1,2019,4070264756531.522,117.3681318135368,0,3,1,1,1,1,260.0,2,1,2,1,3,sentinel_2_16000_toyama_2019-Q2.tif,viirs_16000_toyama_2019-Q2.tif,1618.5349375743162
17,3,1,2021,4247588558872.2593,125.4848727349994,0,3,1,1,1,1,625.0,3,1,3,1,3,sentinel_2_39000_kochi_2021-Q3.tif,viirs_39000_kochi_2021-Q3.tif,1825.0917143442623
18,1,0,2021,332183318448.6994,120.6838014481023,0,1,1,1,1,0,350.0,2,1,3,0,1,sentinel_2_aklan_2021-Q1.tif,viirs_aklan_2021-Q1.tif,295.94368015463374
19,1,0,2020,291244296180.30774,118.4352913210933,0,1,1,1,1,0,970.0,3,1,2,0,0,sentinel_2_davao_del_sur_2020-Q1.tif,viirs_davao_del_sur_2020-Q1.tif,230.4855693132282
20,2,0,2021,332183318448.6994,123.5075473904579,0,1,0,0,1,1,30.0,2,1,3,0,1,sentinel_2_bulacan_2021-Q2.tif,viirs_bulacan_2021-Q2.tif,209.96006809930336
0,2,0,2021,332183318448.6994,123.5075473904579,0,1,0,1,0,0,770.0,2,1,3,0,0,sentinel_2_dinagat_islands_2021-Q2.tif,viirs_dinagat_islands_2021-Q2.tif,159.357989488004
17,2,1,2021,4247588558872.2593,123.5075473904579,0,3,1,1,1,1,625.0,3,1,3,1,3,sentinel_2_39000_kochi_2021-Q2.tif,viirs_39000_kochi_2021-Q2.tif,1958.5022084914683
21,3,1,2024,3928801383782.808,144.403145070865,0,3,1,1,1,1,500.0,3,1,2,1,3,sentinel_2_36000_tokushima_2024-Q3.tif,viirs_36000_tokushima_2024-Q3.tif,1523.5489879188451
22,3,1,2021,4247588558872.2593,125.4848727349994,0,3,1,1,1,1,500.0,2,1,2,1,3,sentinel_2_31000_tottori_2021-Q3.tif,viirs_31000_tottori_2021-Q3.tif,1894.530285958593
14,1,1,2021,4247588558872.2593,120.6838014481023,0,3,1,1,1,1,450.0,3,1,1,1,5,sentinel_2_03000_iwate_2021-Q1.tif,viirs_03000_iwate_2021-Q1.tif,1921.0423046521275
23,4,0,2020,291244296180.30774,119.4024762808857,0,1,1,1,1,0,500.0,2,1,3,0,0,sentinel_2_samar_2020-Q4.tif,viirs_samar_2020-Q4.tif,457.2029544438361
24,1,0,2019,299682074191.28937,115.9781187205398,0,1,1,1,1,0,470.0,2,1,3,0,0,sentinel_2_northern_samar_2019-Q1.tif,viirs_northern_samar_2019-Q1.tif,290.45753931795343
25,1,0,2020,291244296180.30774,118.4352913210933,1,1,0,0,1,0,265.0,2,1,2,0,1,sentinel_2_quirino_2020-Q1.tif,viirs_quirino_2020-Q1.tif,237.01969209401705
17,3,1,2023,3993446887350.673,140.714328844415,0,3,1,1,1,1,625.0,3,1,3,1,3,sentinel_2_39000_kochi_2023-Q3.tif,viirs_39000_kochi_2023-Q3.tif,1709.715510686194
26,2,1,2023,3993446887350.673,139.5056151606663,1,3,0,0,1,1,100.0,3,0,1,1,3,sentinel_2_10000_gunma_2023-Q2.tif,viirs_10000_gunma_2023-Q2.tif,1459.5649435230368
27,1,1,2022,3880440088794.578,130.2983261906564,0,3,0,1,1,1,320.0,2,1,1,0,3,sentinel_2_18000_fukui_2022-Q1.tif,viirs_18000_fukui_2022-Q1.tif,1714.0184827186436
8,3,1,2020,4069008481605.98,119.1285399053605,1,3,0,0,1,1,270.0,2,1,1,1,3,sentinel_2_21000_gifu_2020-Q3.tif,viirs_21000_gifu_2020-Q3.tif,1967.020623488982
28,1,0,2019,299682074191.28937,115.9781187205398,1,1,1,0,1,0,285.0,2,1,3,0,1,sentinel_2_isabela_2019-Q1.tif,viirs_isabela_2019-Q1.tif,164.89512456913235
29,3,0,2019,299682074191.28937,117.6899153350103,0,1,0,1,1,0,790.0,2,1,2,0,0,sentinel_2_lanao_del_norte_2019-Q3.tif,viirs_lanao_del_norte_2019-Q3.tif,140.20714554759803
30,3,0,2020,291244296180.30774,119.1285399053605,0,1,1,1,1,0,150.0,2,1,2,0,1,sentinel_2_occidental_mindoro_2020-Q3.tif,viirs_occidental_mindoro_2020-Q3.tif,143.21617229137587
31,3,1,2022,3880440088794.578,135.9371046973515,1,3,1,0,1,1,22.5,2,1,2,1,3,sentinel_2_11000_saitama_2022-Q3.tif,viirs_11000_saitama_2022-Q3.tif,1391.3593998260085
3,1,0,2019,299682074191.28937,115.9781187205398,1,1,1,0,1,0,870.0,3,1,2,0,0,sentinel_2_cotabato_2019-Q1.tif,viirs_cotabato_2019-Q1.tif,111.27126722727216
27,2,1,2024,3928801383782.808,143.9682405014625,0,3,0,1,1,1,320.0,2,1,1,1,3,sentinel_2_18000_fukui_2024-Q2.tif,viirs_18000_fukui_2024-Q2.tif,1503.0610503651835
32,1,0,2019,299682074191.28937,115.9781187205398,0,1,1,1,1,0,400.0,2,1,3,0,1,sentinel_2_capiz_2019-Q1.tif,viirs_capiz_2019-Q1.tif,227.8876850346824
33,1,0,2019,299682074191.28937,115.9781187205398,1,1,0,0,1,0,330.0,3,1,2,0,1,sentinel_2_abra_2019-Q1.tif,viirs_abra_2019-Q1.tif,178.06872669595893
34,3,0,2020,291244296180.30774,119.1285399053605,0,1,1,1,1,0,800.0,2,1,2,0,0,sentinel_2_agusan_del_norte_2020-Q3.tif,viirs_agusan_del_norte_2020-Q3.tif,206.4482223303457
35,1,1,2024,3928801383782.808,142.3299725681459,0,3,1,1,1,1,650.0,2,1,2,1,3,sentinel_2_32000_shimane_2024-Q1.tif,viirs_32000_shimane_2024-Q1.tif,2635.3867973524257
36,2,0,2021,332183318448.6994,123.5075473904579,1,1,1,0,1,0,1000.0,2,1,1,0,1,sentinel_2_south_cotabato_2021-Q2.tif,viirs_south_cotabato_2021-Q2.tif,153.4776091619691
28,2,0,2020,291244296180.30774,117.7956988014519,1,1,1,0,1,0,285.0,2,1,3,0,1,sentinel_2_isabela_2020-Q2.tif,viirs_isabela_2020-Q2.tif,169.24735051980565
37,2,1,2020,4069008481605.98,117.7956988014519,0,3,1,1,1,1,575.0,2,1,1,0,5,sentinel_2_02000_aomori_2020-Q2.tif,viirs_02000_aomori_2020-Q2.tif,1839.9102721070085
12,4,1,2021,4247588558872.2593,127.389433729792,0,3,1,1,1,1,970.0,3,1,3,1,3,sentinel_2_46000_kagoshima_2021-Q4.tif,viirs_46000_kagoshima_2021-Q4.tif,1740.9545318857506
38,3,1,2023,3993446887350.673,140.714328844415,0,3,1,1,1,1,540.0,2,1,1,1,3,sentinel_2_33000_okayama_2023-Q3.tif,viirs_33000_okayama_2023-Q3.tif,1796.7345619939686
12,3,1,2024,3928801383782.808,144.403145070865,0,3,1,1,1,1,970.0,3,1,3,1,3,sentinel_2_46000_kagoshima_2024-Q3.tif,viirs_46000_kagoshima_2024-Q3.tif,1741.3021307805875
39,3,0,2019,299682074191.28937,117.6899153350103,1,1,0,0,1,0,240.0,2,1,2,0,4,sentinel_2_ifugao_2019-Q3.tif,viirs_ifugao_2019-Q3.tif,124.55879739076364
20,3,0,2021,332183318448.6994,125.4848727349994,0,1,0,0,1,1,30.0,2,1,3,0,1,sentinel_2_bulacan_2021-Q3.tif,viirs_bulacan_2021-Q3.tif,188.78132785559427
40,4,1,2021,4247588558872.2593,127.389433729792,0,3,1,1,1,1,0.0,3,1,2,1,3,sentinel_2_13000_tokyo_2021-Q4.tif,viirs_13000_tokyo_2021-Q4.tif,2726.1217521559074
41,4,0,2021,332183318448.6994,127.389433729792,0,1,1,1,1,0,750.0,3,1,3,0,0,sentinel_2_surigao_del_norte_2021-Q4.tif,viirs_surigao_del_norte_2021-Q4.tif,140.96768951609243
42,1,0,2019,299682074191.28937,115.9781187205398,1,1,0,0,1,0,210.0,3,0,3,0,4,sentinel_2_benguet_2019-Q1.tif,viirs_benguet_2019-Q1.tif,236.112644263592
43,2,0,2020,291244296180.30774,117.7956988014519,0,1,1,1,1,1,330.0,3,1,4,0,0,sentinel_2_albay_2020-Q2.tif,viirs_albay_2020-Q2.tif,164.7931628587885
44,4,1,2019,4070264756531.522,117.9406160358257,0,3,1,1,1,1,430.0,3,1,2,1,3,sentinel_2_28000_hyogo_2019-Q4.tif,viirs_28000_hyogo_2019-Q4.tif,1856.066182284886
45,2,1,2019,4070264756531.522,117.3681318135368,1,3,0,0,1,1,110.0,2,0,2,1,3,sentinel_2_19000_yamanashi_2019-Q2.tif,viirs_19000_yamanashi_2019-Q2.tif,1816.875956200879
23,4,0,2021,332183318448.6994,127.389433729792,0,1,1,1,1,0,500.0,2,1,3,0,0,sentinel_2_samar_2021-Q4.tif,viirs_samar_2021-Q4.tif,243.78689003546293
46,3,0,2019,299682074191.28937,117.6899153350103,1,1,0,0,1,0,280.0,3,0,1,0,4,sentinel_2_mountain_province_2019-Q3.tif,viirs_mountain_province_2019-Q3.tif,245.40414262823444
47,2,0,2020,291244296180.30774,117.7956988014519,0,1,1,1,1,0,130.0,2,1,3,0,1,sentinel_2_oriental_mindoro_2020-Q2.tif,viirs_oriental_mindoro_2020-Q2.tif,152.87136473190708
48,3,0,2019,299682074191.28937,117.6899153350103,0,1,1,1,1,0,780.0,2,0,2,0,0,sentinel_2_camiguin_2019-Q3.tif,viirs_camiguin_2019-Q3.tif,149.05776632301553
49,3,0,2019,299682074191.28937,117.6899153350103,0,1,1,1,1,0,580.0,1,0,1,0,1,sentinel_2_palawan_2019-Q3.tif,viirs_palawan_2019-Q3.tif,230.7129124465073
22,4,1,2024,3928801383782.808,144.7279859179582,0,3,1,1,1,1,500.0,2,0,1,1,3,sentinel_2_31000_tottori_2024-Q4.tif,viirs_31000_tottori_2024-Q4.tif,1705.0237038929438
50,3,0,2021,332183318448.6994,125.4848727349994,1,1,0,0,1,0,110.0,2,1,2,1,1,sentinel_2_tarlac_2021-Q3.tif,viirs_tarlac_2021-Q3.tif,355.22336682582915
51,2,0,2019,299682074191.28937,117.3681318135368,0,1,1,1,1,0,350.0,2,1,3,0,1,sentinel_2_cagayan_2019-Q2.tif,viirs_cagayan_2019-Q2.tif,230.8109418283658
4,1,0,2020,291244296180.30774,118.4352913210933,1,1,1,0,1,1,65.0,2,1,3,0,1,sentinel_2_pampanga_2020-Q1.tif,viirs_pampanga_2020-Q1.tif,214.77078116046772
32,2,0,2021,332183318448.6994,123.5075473904579,0,1,1,1,1,0,400.0,2,1,3,0,1,sentinel_2_capiz_2021-Q2.tif,viirs_capiz_2021-Q2.tif,156.86817776087568
14,2,1,2023,3993446887350.673,139.5056151606663,0,3,1,1,1,1,450.0,3,1,1,0,5,sentinel_2_03000_iwate_2023-Q2.tif,viirs_03000_iwate_2023-Q2.tif,1528.038494165825
28,3,0,2021,332183318448.6994,125.4848727349994,1,1,1,0,1,0,285.0,2,1,3,0,1,sentinel_2_isabela_2021-Q3.tif,viirs_isabela_2021-Q3.tif,403.8669606878051
29,1,0,2019,299682074191.28937,115.9781187205398,0,1,0,1,1,0,790.0,2,1,2,0,0,sentinel_2_lanao_del_norte_2019-Q1.tif,viirs_lanao_del_norte_2019-Q1.tif,118.02167066191186
52,4,0,2021,332183318448.6994,127.389433729792,1,1,0,0,1,0,800.0,2,1,2,0,0,sentinel_2_agusan_del_sur_2021-Q4.tif,viirs_agusan_del_sur_2021-Q4.tif,384.85994415091017
26,4,1,2022,3880440088794.578,136.4362131047677,1,3,0,0,1,1,100.0,3,0,1,1,3,sentinel_2_10000_gunma_2022-Q4.tif,viirs_10000_gunma_2022-Q4.tif,1516.243223607638
53,3,1,2020,4069008481605.98,119.1285399053605,0,3,1,1,1,1,250.0,2,1,1,1,3,sentinel_2_15000_niigata_2020-Q3.tif,viirs_15000_niigata_2020-Q3.tif,2161.465206387008
54,1,1,2020,4069008481605.98,118.4352913210933,1,3,1,0,1,1,300.0,2,1,2,1,5,sentinel_2_06000_yamagata_2020-Q1.tif,viirs_06000_yamagata_2020-Q1.tif,1563.5068390058025
55,3,1,2021,4247588558872.2593,125.4848727349994,0,3,0,1,1,1,450.0,3,1,3,1,3,sentinel_2_30000_wakayama_2021-Q3.tif,viirs_30000_wakayama_2021-Q3.tif,1672.058748832966
56,4,1,2021,4247588558872.2593,127.389433729792,0,3,1,1,1,1,37.5,3,1,3,1,3,sentinel_2_12000_chiba_2021-Q4.tif,viirs_12000_chiba_2021-Q4.tif,1717.3267665699152
57,2,1,2023,3993446887350.673,139.5056151606663,1,3,0,0,1,1,370.0,2,0,2,1,3,sentinel_2_26000_kyoto_2023-Q2.tif,viirs_26000_kyoto_2023-Q2.tif,1642.8214643453375
27,1,1,2021,4247588558872.2593,120.6838014481023,0,3,0,1,1,1,320.0,2,1,2,1,3,sentinel_2_18000_fukui_2021-Q1.tif,viirs_18000_fukui_2021-Q1.tif,1790.093932963981
17,4,1,2021,4247588558872.2593,127.389433729792,0,3,1,1,1,1,625.0,3,1,3,1,3,sentinel_2_39000_kochi_2021-Q4.tif,viirs_39000_kochi_2021-Q4.tif,1932.8107413918208
58,3,1,2019,4070264756531.522,117.6899153350103,0,3,0,1,1,1,320.0,3,1,3,1,3,sentinel_2_24000_mie_2019-Q3.tif,viirs_24000_mie_2019-Q3.tif,1793.813494187579
59,2,1,2021,4247588558872.2593,123.5075473904579,0,3,1,1,1,1,770.0,2,1,2,1,3,sentinel_2_44000_oita_2021-Q2.tif,viirs_44000_oita_2021-Q2.tif,1768.709367079818
60,2,1,2020,4069008481605.98,117.7956988014519,1,3,0,0,1,1,340.0,2,1,1,1,3,sentinel_2_25000_shiga_2020-Q2.tif,viirs_25000_shiga_2020-Q2.tif,1972.2314753131195
61,2,1,2023,3993446887350.673,139.5056151606663,0,3,1,1,1,1,680.0,2,1,2,1,3,sentinel_2_34000_hiroshima_2023-Q2.tif,viirs_34000_hiroshima_2023-Q2.tif,1849.713710608573
59,4,1,2024,3928801383782.808,144.7279859179582,0,3,1,1,1,1,770.0,2,0,2,0,3,sentinel_2_44000_oita_2024-Q4.tif,viirs_44000_oita_2024-Q4.tif,1698.0829381490391
57,1,1,2024,3928801383782.808,142.3299725681459,1,3,0,0,1,1,370.0,2,0,2,1,3,sentinel_2_26000_kyoto_2024-Q1.tif,viirs_26000_kyoto_2024-Q1.tif,2092.092230168884
62,3,0,2019,299682074191.28937,117.6899153350103,0,1,1,1,1,0,115.0,2,1,3,0,1,sentinel_2_zambales_2019-Q3.tif,viirs_zambales_2019-Q3.tif,290.42083600099403
63,1,0,2020,291244296180.30774,118.4352913210933,0,1,0,1,1,0,640.0,2,1,3,0,0,sentinel_2_southern_leyte_2020-Q1.tif,viirs_southern_leyte_2020-Q1.tif,132.14489311921963
21,2,1,2023,3993446887350.673,139.5056151606663,0,3,1,1,1,1,500.0,3,1,3,1,3,sentinel_2_36000_tokushima_2023-Q2.tif,viirs_36000_tokushima_2023-Q2.tif,1652.0022150707084
1,3,1,2024,3928801383782.808,144.403145070865,1,3,0,0,1,1,370.0,2,1,1,0,3,sentinel_2_29000_nara_2024-Q3.tif,viirs_29000_nara_2024-Q3.tif,1638.3824307765854
64,3,0,2019,299682074191.28937,117.6899153350103,0,1,0,0,1,0,1050.0,2,1,1,0,0,sentinel_2_davao_occidental_2019-Q3.tif,viirs_davao_occidental_2019-Q3.tif,146.8697617431454
61,1,1,2023,3993446887350.673,137.8618440412342,0,3,1,1,1,1,680.0,2,1,2,1,3,sentinel_2_34000_hiroshima_2023-Q1.tif,viirs_34000_hiroshima_2023-Q1.tif,1688.2958645160948
12,1,1,2019,4070264756531.522,115.9781187205398,0,3,1,1,1,1,970.0,3,1,3,1,3,sentinel_2_46000_kagoshima_2019-Q1.tif,viirs_46000_kagoshima_2019-Q1.tif,1610.2856795542457
65,3,0,2020,291244296180.30774,119.1285399053605,0,1,1,1,1,0,780.0,2,1,2,0,0,sentinel_2_misamis_occidental_2020-Q3.tif,viirs_misamis_occidental_2020-Q3.tif,175.8983287397188
66,2,1,2019,4070264756531.522,117.3681318135368,0,3,1,1,1,1,800.0,2,1,2,1,3,sentinel_2_35000_yamaguchi_2019-Q2.tif,viirs_35000_yamaguchi_2019-Q2.tif,1921.946839254708
9,2,0,2021,332183318448.6994,123.5075473904579,0,1,1,1,1,0,370.0,2,1,4,0,0,sentinel_2_catanduanes_2021-Q2.tif,viirs_catanduanes_2021-Q2.tif,339.7938657345474
53,1,1,2021,4247588558872.2593,120.6838014481023,0,3,1,1,1,1,250.0,2,1,2,1,3,sentinel_2_15000_niigata_2021-Q1.tif,viirs_15000_niigata_2021-Q1.tif,1744.4765098953744
26,4,1,2024,3928801383782.808,144.7279859179582,1,3,0,0,1,1,100.0,3,1,1,1,3,sentinel_2_10000_gunma_2024-Q4.tif,viirs_10000_gunma_2024-Q4.tif,1610.3354322622845
67,2,0,2019,299682074191.28937,117.3681318135368,0,1,0,0,1,0,145.0,3,1,3,0,0,sentinel_2_aurora_2019-Q2.tif,viirs_aurora_2019-Q2.tif,152.3546899719535
53,4,1,2022,3880440088794.578,136.4362131047677,0,3,1,1,1,1,250.0,2,1,1,1,3,sentinel_2_15000_niigata_2022-Q4.tif,viirs_15000_niigata_2022-Q4.tif,1529.319958549199
14,2,1,2024,3928801383782.808,143.9682405014625,0,3,1,1,1,1,450.0,3,1,1,1,5,sentinel_2_03000_iwate_2024-Q2.tif,viirs_03000_iwate_2024-Q2.tif,1438.2791821231256
15,3,1,2020,4069008481605.98,119.1285399053605,0,3,1,1,1,1,1200.0,2,1,3,1,3,sentinel_2_42000_nagasaki_2020-Q3.tif,viirs_42000_nagasaki_2020-Q3.tif,2759.149129538569
60,1,1,2019,4070264756531.522,115.9781187205398,1,3,0,0,1,1,340.0,2,1,2,1,3,sentinel_2_25000_shiga_2019-Q1.tif,viirs_25000_shiga_2019-Q1.tif,1536.5560819964348
68,2,1,2021,4247588558872.2593,123.5075473904579,0,3,1,1,1,1,1550.0,2,1,3,1,3,sentinel_2_47000_okinawa_2021-Q2.tif,viirs_47000_okinawa_2021-Q2.tif,2693.688816100626
60,2,1,2023,3993446887350.673,139.5056151606663,1,3,0,0,1,1,340.0,2,1,1,1,3,sentinel_2_25000_shiga_2023-Q2.tif,viirs_25000_shiga_2023-Q2.tif,1556.198522937697
2,4,1,2022,3880440088794.578,136.4362131047677,0,3,1,1,1,1,450.0,2,1,1,0,5,sentinel_2_05000_akita_2022-Q4.tif,viirs_05000_akita_2022-Q4.tif,1360.5407756331736
53,3,1,2023,3993446887350.673,140.714328844415,0,3,1,1,1,1,250.0,2,1,1,1,3,sentinel_2_15000_niigata_2023-Q3.tif,viirs_15000_niigata_2023-Q3.tif,1652.351729770047
60,1,1,2021,4247588558872.2593,120.6838014481023,1,3,0,0,1,1,340.0,2,1,2,1,3,sentinel_2_25000_shiga_2021-Q1.tif,viirs_25000_shiga_2021-Q1.tif,1947.4680983015628
60,4,1,2024,3928801383782.808,144.7279859179582,1,3,0,0,1,1,340.0,2,1,2,1,3,sentinel_2_25000_shiga_2024-Q4.tif,viirs_25000_shiga_2024-Q4.tif,1451.6760268999146
3,3,0,2021,332183318448.6994,125.4848727349994,0,1,1,1,1,0,870.0,3,1,2,1,0,sentinel_2_cotabato_2021-Q3.tif,viirs_cotabato_2021-Q3.tif,319.1780745286265
2,4,1,2019,4070264756531.522,117.9406160358257,0,3,1,1,1,1,450.0,2,1,1,0,5,sentinel_2_05000_akita_2019-Q4.tif,viirs_05000_akita_2019-Q4.tif,1654.4130016501765
45,2,1,2024,3928801383782.808,143.9682405014625,1,3,0,0,1,1,110.0,2,0,1,0,3,sentinel_2_19000_yamanashi_2024-Q2.tif,viirs_19000_yamanashi_2024-Q2.tif,2075.1754326184027
57,4,1,2021,4247588558872.2593,127.389433729792,1,3,1,0,1,1,370.0,2,0,2,0,3,sentinel_2_26000_kyoto_2021-Q4.tif,viirs_26000_kyoto_2021-Q4.tif,1894.8936548010813
35,2,1,2019,4070264756531.522,117.3681318135368,0,3,1,1,1,1,650.0,2,1,2,1,3,sentinel_2_32000_shimane_2019-Q2.tif,viirs_32000_shimane_2019-Q2.tif,1693.2548833215735
69,1,1,2023,3993446887350.673,137.8618440412342,0,3,1,1,1,1,900.0,2,1,2,1,3,sentinel_2_41000_saga_2023-Q1.tif,viirs_41000_saga_2023-Q1.tif,1341.7460147048464
70,3,1,2020,4069008481605.98,119.1285399053605,0,3,1,1,1,1,880.0,2,1,2,1,3,sentinel_2_40000_fukuoka_2020-Q3.tif,viirs_40000_fukuoka_2020-Q3.tif,1921.7029306321228
70,4,1,2020,4069008481605.98,119.4024762808857,0,3,1,1,1,1,880.0,2,1,2,1,3,sentinel_2_40000_fukuoka_2020-Q4.tif,viirs_40000_fukuoka_2020-Q4.tif,1931.381807050956
1,3,1,2020,4069008481605.98,119.1285399053605,1,3,0,0,1,1,370.0,2,1,1,1,3,sentinel_2_29000_nara_2020-Q3.tif,viirs_29000_nara_2020-Q3.tif,2376.281377872221
22,4,1,2020,4069008481605.98,119.4024762808857,0,3,1,1,1,1,500.0,2,1,2,1,3,sentinel_2_31000_tottori_2020-Q4.tif,viirs_31000_tottori_2020-Q4.tif,1769.612951596597
71,4,0,2021,332183318448.6994,127.389433729792,0,1,1,1,1,0,690.0,2,1,2,0,1,sentinel_2_zamboanga_del_norte_2021-Q4.tif,viirs_zamboanga_del_norte_2021-Q4.tif,106.09923603789032
72,4,1,2024,3928801383782.808,144.7279859179582,0,3,1,1,1,1,540.0,2,0,2,0,3,sentinel_2_37000_kagawa_2024-Q4.tif,viirs_37000_kagawa_2024-Q4.tif,1866.2107457228308
73,1,1,2020,4069008481605.98,118.4352913210933,1,3,0,0,1,1,100.0,2,1,2,1,3,sentinel_2_09000_tochigi_2020-Q1.tif,viirs_09000_tochigi_2020-Q1.tif,1814.613950397328
74,4,0,2021,332183318448.6994,127.389433729792,0,1,1,1,1,0,95.0,2,1,3,0,1,sentinel_2_quezon_2021-Q4.tif,viirs_quezon_2021-Q4.tif,238.52947125494703
75,4,0,2019,299682074191.28937,117.9406160358257,0,1,1,1,1,0,850.0,3,1,3,0,0,sentinel_2_surigao_del_sur_2019-Q4.tif,viirs_surigao_del_sur_2019-Q4.tif,175.39690484011513
5,4,0,2020,291244296180.30774,119.4024762808857,0,1,1,1,1,0,410.0,2,1,2,0,1,sentinel_2_antique_2020-Q4.tif,viirs_antique_2020-Q4.tif,258.92783642535227
40,3,1,2023,3993446887350.673,140.714328844415,0,3,1,1,1,1,0.0,3,1,2,1,3,sentinel_2_13000_tokyo_2023-Q3.tif,viirs_13000_tokyo_2023-Q3.tif,2432.790545293574
11,4,1,2020,4069008481605.98,119.4024762808857,0,3,1,1,1,1,870.0,2,1,3,1,3,sentinel_2_45000_miyazaki_2020-Q4.tif,viirs_45000_miyazaki_2020-Q4.tif,2193.755303244855
54,1,1,2021,4247588558872.2593,120.6838014481023,0,3,1,0,1,1,300.0,2,1,1,1,5,sentinel_2_06000_yamagata_2021-Q1.tif,viirs_06000_yamagata_2021-Q1.tif,2082.7015825700746
59,3,1,2023,3993446887350.673,140.714328844415,0,3,1,1,1,1,770.0,2,1,2,1,3,sentinel_2_44000_oita_2023-Q3.tif,viirs_44000_oita_2023-Q3.tif,1675.673534349694
76,2,0,2019,299682074191.28937,117.3681318135368,0,1,0,1,1,0,1030.0,2,1,2,0,0,sentinel_2_sarangani_2019-Q2.tif,viirs_sarangani_2019-Q2.tif,133.65563676254132
6,3,1,2021,4247588558872.2593,125.4848727349994,0,3,1,1,1,1,270.0,2,1,2,1,3,sentinel_2_17000_ishikawa_2021-Q3.tif,viirs_17000_ishikawa_2021-Q3.tif,1716.6803875044377
77,3,1,2024,3928801383782.808,144.403145070865,1,3,1,0,1,1,180.0,2,1,1,0,5,sentinel_2_20000_nagano_2024-Q3.tif,viirs_20000_nagano_2024-Q3.tif,2044.0444293039195
70,1,1,2021,4247588558872.2593,120.6838014481023,0,3,1,1,1,1,880.0,2,1,2,1,3,sentinel_2_40000_fukuoka_2021-Q1.tif,viirs_40000_fukuoka_2021-Q1.tif,1769.5968198930811
64,3,0,2020,291244296180.30774,119.1285399053605,0,1,0,1,1,0,1050.0,2,1,2,0,0,sentinel_2_davao_occidental_2020-Q3.tif,viirs_davao_occidental_2020-Q3.tif,253.4481428645265
78,3,0,2020,291244296180.30774,119.1285399053605,0,1,0,1,1,0,85.0,3,1,3,0,1,sentinel_2_batangas_2020-Q3.tif,viirs_batangas_2020-Q3.tif,216.49701211708333
66,3,1,2023,3993446887350.673,140.714328844415,0,3,1,1,1,1,800.0,2,0,2,0,3,sentinel_2_35000_yamaguchi_2023-Q3.tif,viirs_35000_yamaguchi_2023-Q3.tif,1756.481975425586
64,3,0,2021,332183318448.6994,125.4848727349994,0,1,0,0,1,0,1050.0,2,1,1,0,0,sentinel_2_davao_occidental_2021-Q3.tif,viirs_davao_occidental_2021-Q3.tif,198.90013951360297
79,1,0,2019,299682074191.28937,115.9781187205398,0,1,1,1,1,0,630.0,2,1,2,0,1,sentinel_2_bohol_2019-Q1.tif,viirs_bohol_2019-Q1.tif,155.66099038130363
73,1,1,2024,3928801383782.808,142.3299725681459,1,3,0,0,1,1,100.0,2,1,1,0,3,sentinel_2_09000_tochigi_2024-Q1.tif,viirs_09000_tochigi_2024-Q1.tif,1938.358836776824
59,3,1,2019,4070264756531.522,117.6899153350103,0,3,1,1,1,1,770.0,2,1,3,1,3,sentinel_2_44000_oita_2019-Q3.tif,viirs_44000_oita_2019-Q3.tif,1610.3869393850373
40,4,1,2023,3993446887350.673,140.8613862067226,0,3,1,1,1,1,0.0,3,1,2,1,3,sentinel_2_13000_tokyo_2023-Q4.tif,viirs_13000_tokyo_2023-Q4.tif,2829.2083958462053
68,1,1,2023,3993446887350.673,137.8618440412342,0,3,1,1,1,1,1550.0,2,1,3,1,3,sentinel_2_47000_okinawa_2023-Q1.tif,viirs_47000_okinawa_2023-Q1.tif,2039.013357560185
80,3,0,2021,332183318448.6994,125.4848727349994,1,1,0,0,1,0,340.0,2,1,2,0,1,sentinel_2_kalinga_2021-Q3.tif,viirs_kalinga_2021-Q3.tif,252.3344459948905
16,1,1,2021,4247588558872.2593,120.6838014481023,0,3,1,1,1,1,260.0,2,1,2,1,3,sentinel_2_16000_toyama_2021-Q1.tif,viirs_16000_toyama_2021-Q1.tif,1710.102075926499
81,1,1,2020,4069008481605.98,118.4352913210933,0,3,1,1,1,1,260.0,3,1,3,1,3,sentinel_2_23000_aichi_2020-Q1.tif,viirs_23000_aichi_2020-Q1.tif,1916.171582606475
81,3,1,2021,4247588558872.2593,125.4848727349994,0,3,1,1,1,1,260.0,3,1,2,1,3,sentinel_2_23000_aichi_2021-Q3.tif,viirs_23000_aichi_2021-Q3.tif,1836.5374614067705
82,2,0,2021,332183318448.6994,123.5075473904579,0,1,1,1,1,0,170.0,2,0,3,0,1,sentinel_2_marinduque_2021-Q2.tif,viirs_marinduque_2021-Q2.tif,195.5951243802564
9,3,0,2020,291244296180.30774,119.1285399053605,0,1,1,1,1,0,370.0,2,1,4,0,0,sentinel_2_catanduanes_2020-Q3.tif,viirs_catanduanes_2020-Q3.tif,445.0324848609527
73,4,1,2023,3993446887350.673,140.8613862067226,1,3,0,0,1,1,100.0,2,1,2,1,3,sentinel_2_09000_tochigi_2023-Q4.tif,viirs_09000_tochigi_2023-Q4.tif,1452.874924912213
83,3,0,2019,299682074191.28937,117.6899153350103,0,1,1,1,1,0,630.0,2,1,2,0,1,sentinel_2_negros_oriental_2019-Q3.tif,viirs_negros_oriental_2019-Q3.tif,183.28249598343507
84,1,0,2019,299682074191.28937,115.9781187205398,0,1,1,1,1,0,570.0,2,0,2,0,1,sentinel_2_siquijor_2019-Q1.tif,viirs_siquijor_2019-Q1.tif,200.8916410006034
85,1,0,2019,299682074191.28937,115.9781187205398,0,1,1,1,1,1,260.0,2,1,3,0,1,sentinel_2_camarines_sur_2019-Q1.tif,viirs_camarines_sur_2019-Q1.tif,197.71317932356345
15,3,1,2019,4070264756531.522,117.6899153350103,0,3,1,1,1,1,1200.0,2,1,3,1,3,sentinel_2_42000_nagasaki_2019-Q3.tif,viirs_42000_nagasaki_2019-Q3.tif,2025.230189935398
86,2,0,2021,332183318448.6994,123.5075473904579,0,1,1,1,1,0,400.0,2,1,3,0,2,sentinel_2_ilocos_norte_2021-Q2.tif,viirs_ilocos_norte_2021-Q2.tif,210.7480985652168
75,2,0,2021,332183318448.6994,123.5075473904579,0,1,1,1,1,0,850.0,3,1,3,0,0,sentinel_2_surigao_del_sur_2021-Q2.tif,viirs_surigao_del_sur_2021-Q2.tif,147.14714327807087
76,4,0,2021,332183318448.6994,127.389433729792,0,1,0,1,1,0,1030.0,2,1,2,0,0,sentinel_2_sarangani_2021-Q4.tif,viirs_sarangani_2021-Q4.tif,157.07352758358232
17,3,1,2022,3880440088794.578,135.9371046973515,0,3,1,1,1,1,625.0,3,1,3,1,3,sentinel_2_39000_kochi_2022-Q3.tif,viirs_39000_kochi_2022-Q3.tif,1430.4411020528048
55,1,1,2023,3993446887350.673,137.8618440412342,0,3,1,1,1,1,450.0,3,1,3,1,3,sentinel_2_30000_wakayama_2023-Q1.tif,viirs_30000_wakayama_2023-Q1.tif,1631.0344822036525
16,3,1,2022,3880440088794.578,135.9371046973515,0,3,1,1,1,1,260.0,2,0,1,0,3,sentinel_2_16000_toyama_2022-Q3.tif,viirs_16000_toyama_2022-Q3.tif,1521.1060910385245
62,1,0,2020,291244296180.30774,118.4352913210933,0,1,1,1,1,0,115.0,2,1,3,0,1,sentinel_2_zambales_2020-Q1.tif,viirs_zambales_2020-Q1.tif,236.33134943584287
43,3,0,2019,299682074191.28937,117.6899153350103,0,1,1,1,1,0,330.0,3,1,4,1,0,sentinel_2_albay_2019-Q3.tif,viirs_albay_2019-Q3.tif,259.6831624072456
87,4,0,2019,299682074191.28937,117.9406160358257,0,1,1,1,1,0,460.0,2,1,3,0,1,sentinel_2_iloilo_2019-Q4.tif,viirs_iloilo_2019-Q4.tif,222.3253165291887
82,1,0,2019,299682074191.28937,115.9781187205398,0,1,1,1,1,0,170.0,2,1,2,0,1,sentinel_2_marinduque_2019-Q1.tif,viirs_marinduque_2019-Q1.tif,161.0840950197984
2,4,1,2023,3993446887350.673,140.8613862067226,0,3,1,1,1,1,450.0,2,0,1,0,5,sentinel_2_05000_akita_2023-Q4.tif,viirs_05000_akita_2023-Q4.tif,1896.6516221621664
88,2,1,2021,4247588558872.2593,123.5075473904579,0,3,1,1,1,1,30.0,3,1,2,1,3,sentinel_2_14000_kanagawa_2021-Q2.tif,viirs_14000_kanagawa_2021-Q2.tif,2000.970977449525
42,3,0,2021,332183318448.6994,125.4848727349994,1,1,0,0,1,0,210.0,3,0,3,0,4,sentinel_2_benguet_2021-Q3.tif,viirs_benguet_2021-Q3.tif,257.4827256924674
89,3,0,2020,291244296180.30774,119.1285399053605,0,1,1,1,1,0,970.0,2,1,2,0,0,sentinel_2_davao_del_norte_2020-Q3.tif,viirs_davao_del_norte_2020-Q3.tif,178.31532928597608
90,2,0,2020,291244296180.30774,117.7956988014519,1,1,0,0,1,0,820.0,2,0,2,0,1,sentinel_2_bukidnon_2020-Q2.tif,viirs_bukidnon_2020-Q2.tif,198.00837337352667
91,3,0,2020,291244296180.30774,119.1285399053605,0,2,1,1,1,1,0.0,3,1,3,0,1,sentinel_2_national_capital_region_2020-Q3.tif,viirs_national_capital_region_2020-Q3.tif,324.04583946653867
92,3,0,2021,332183318448.6994,125.4848727349994,0,1,0,0,1,1,57.5,2,1,2,0,1,sentinel_2_laguna_2021-Q3.tif,viirs_laguna_2021-Q3.tif,232.17237426613084
27,4,1,2019,4070264756531.522,117.9406160358257,0,3,0,1,1,1,320.0,2,1,1,1,3,sentinel_2_18000_fukui_2019-Q4.tif,viirs_18000_fukui_2019-Q4.tif,1977.884515222724
1,1,1,2021,4247588558872.2593,120.6838014481023,1,3,0,0,1,1,370.0,2,1,2,1,3,sentinel_2_29000_nara_2021-Q1.tif,viirs_29000_nara_2021-Q1.tif,1910.2075557189337
80,3,0,2019,299682074191.28937,117.6899153350103,1,1,0,0,1,0,340.0,2,1,2,0,1,sentinel_2_kalinga_2019-Q3.tif,viirs_kalinga_2019-Q3.tif,209.68365979239044
26,1,1,2020,4069008481605.98,118.4352913210933,1,3,0,0,1,1,100.0,3,0,2,1,3,sentinel_2_10000_gunma_2020-Q1.tif,viirs_10000_gunma_2020-Q1.tif,1440.9007554744433
93,2,0,2019,299682074191.28937,117.3681318135368,0,1,1,1,1,0,480.0,2,1,2,0,1,sentinel_2_negros_occidental_2019-Q2.tif,viirs_negros_occidental_2019-Q2.tif,249.6863175341793
94,4,0,2021,332183318448.6994,127.389433729792,0,1,0,1,1,0,220.0,2,1,3,0,1,sentinel_2_camarines_norte_2021-Q4.tif,viirs_camarines_norte_2021-Q4.tif,219.2682150771411
27,3,1,2022,3880440088794.578,135.9371046973515,0,3,0,1,1,1,320.0,2,1,1,0,3,sentinel_2_18000_fukui_2022-Q3.tif,viirs_18000_fukui_2022-Q3.tif,1460.1079331778092
79,4,0,2019,299682074191.28937,117.9406160358257,0,1,1,1,1,0,630.0,2,1,2,0,1,sentinel_2_bohol_2019-Q4.tif,viirs_bohol_2019-Q4.tif,182.90790296091564
42,4,0,2021,332183318448.6994,127.389433729792,1,1,0,0,1,0,210.0,3,0,3,0,4,sentinel_2_benguet_2021-Q4.tif,viirs_benguet_2021-Q4.tif,326.7766472427772
30,2,0,2019,299682074191.28937,117.3681318135368,0,1,1,1,1,0,150.0,2,1,3,0,1,sentinel_2_occidental_mindoro_2019-Q2.tif,viirs_occidental_mindoro_2019-Q2.tif,171.07206593399775
54,1,1,2019,4070264756531.522,115.9781187205398,1,3,1,0,1,1,300.0,2,1,2,1,5,sentinel_2_06000_yamagata_2019-Q1.tif,viirs_06000_yamagata_2019-Q1.tif,2007.7603733742217
9,2,0,2019,299682074191.28937,117.3681318135368,0,1,1,1,1,0,370.0,2,1,4,0,0,sentinel_2_catanduanes_2019-Q2.tif,viirs_catanduanes_2019-Q2.tif,123.64848593044913
8,3,1,2022,3880440088794.578,135.9371046973515,1,3,0,0,1,1,270.0,2,1,2,1,3,sentinel_2_21000_gifu_2022-Q3.tif,viirs_21000_gifu_2022-Q3.tif,1498.2498643980755
47,2,0,2019,299682074191.28937,117.3681318135368,0,1,0,1,1,0,130.0,2,1,3,0,1,sentinel_2_oriental_mindoro_2019-Q2.tif,viirs_oriental_mindoro_2019-Q2.tif,195.8341767322802
87,1,0,2020,291244296180.30774,118.4352913210933,0,1,1,1,1,0,460.0,2,1,3,0,1,sentinel_2_iloilo_2020-Q1.tif,viirs_iloilo_2020-Q1.tif,190.29156277064453
38,1,1,2024,3928801383782.808,142.3299725681459,0,3,1,1,1,1,540.0,2,1,1,1,3,sentinel_2_33000_okayama_2024-Q1.tif,viirs_33000_okayama_2024-Q1.tif,1585.2076424388715
50,4,0,2019,299682074191.28937,117.9406160358257,1,1,0,0,1,0,110.0,2,1,2,0,1,sentinel_2_tarlac_2019-Q4.tif,viirs_tarlac_2019-Q4.tif,196.05109536574096
54,4,1,2022,3880440088794.578,136.4362131047677,1,3,1,0,1,1,300.0,2,0,1,0,5,sentinel_2_06000_yamagata_2022-Q4.tif,viirs_06000_yamagata_2022-Q4.tif,1395.479197412881
19,4,0,2021,332183318448.6994,127.389433729792,0,1,1,1,1,0,970.0,3,1,1,0,0,sentinel_2_davao_del_sur_2021-Q4.tif,viirs_davao_del_sur_2021-Q4.tif,258.61264710206564
60,4,1,2019,4070264756531.522,117.9406160358257,1,3,0,0,1,1,340.0,2,1,2,1,3,sentinel_2_25000_shiga_2019-Q4.tif,viirs_25000_shiga_2019-Q4.tif,1728.07901067026
56,2,1,2023,3993446887350.673,139.5056151606663,0,3,1,1,1,1,37.5,3,1,3,1,3,sentinel_2_12000_chiba_2023-Q2.tif,viirs_12000_chiba_2023-Q2.tif,1786.992804281524
7,4,1,2022,3880440088794.578,136.4362131047677,0,3,1,1,1,1,150.0,3,1,2,1,3,sentinel_2_22000_shizuoka_2022-Q4.tif,viirs_22000_shizuoka_2022-Q4.tif,1765.647416318962
77,1,1,2021,4247588558872.2593,120.6838014481023,1,3,1,0,1,1,180.0,2,0,1,0,5,sentinel_2_20000_nagano_2021-Q1.tif,viirs_20000_nagano_2021-Q1.tif,1738.067485733361
95,4,0,2019,299682074191.28937,117.9406160358257,0,1,0,1,1,0,33.0,2,1,3,0,1,sentinel_2_cavite_2019-Q4.tif,viirs_cavite_2019-Q4.tif,205.36590355524268
73,3,1,2023,3993446887350.673,140.714328844415,1,3,0,0,1,1,100.0,2,1,2,1,3,sentinel_2_09000_tochigi_2023-Q3.tif,viirs_09000_tochigi_2023-Q3.tif,1558.5728529462592
78,3,0,2021,332183318448.6994,125.4848727349994,0,1,0,1,1,0,85.0,3,1,3,0,1,sentinel_2_batangas_2021-Q3.tif,viirs_batangas_2021-Q3.tif,273.46549889402945
2,2,1,2022,3880440088794.578,134.1731806810651,0,3,1,1,1,1,450.0,2,1,1,0,5,sentinel_2_05000_akita_2022-Q2.tif,viirs_05000_akita_2022-Q2.tif,1281.0805098609164
88,1,1,2022,3880440088794.578,130.2983261906564,0,3,1,1,1,1,30.0,3,1,3,1,3,sentinel_2_14000_kanagawa_2022-Q1.tif,viirs_14000_kanagawa_2022-Q1.tif,1918.0501338439483
61,3,1,2022,3880440088794.578,135.9371046973515,0,3,1,1,1,1,680.0,2,0,2,1,3,sentinel_2_34000_hiroshima_2022-Q3.tif,viirs_34000_hiroshima_2022-Q3.tif,1598.525563719086
31,4,1,2020,4069008481605.98,119.4024762808857,1,3,0,0,1,1,22.5,2,1,2,1,3,sentinel_2_11000_saitama_2020-Q4.tif,viirs_11000_saitama_2020-Q4.tif,1917.914856391547
53,1,1,2023,3993446887350.673,137.8618440412342,0,3,1,1,1,1,250.0,2,1,1,1,3,sentinel_2_15000_niigata_2023-Q1.tif,viirs_15000_niigata_2023-Q1.tif,1723.0002782799268
74,2,0,2019,299682074191.28937,117.3681318135368,0,1,1,1,1,1,95.0,2,1,3,0,1,sentinel_2_quezon_2019-Q2.tif,viirs_quezon_2019-Q2.tif,193.4213585221564
92,1,0,2021,332183318448.6994,120.6838014481023,0,1,0,0,1,1,57.5,2,1,2,0,1,sentinel_2_laguna_2021-Q1.tif,viirs_laguna_2021-Q1.tif,308.2277318036149
10,2,1,2020,4069008481605.98,117.7956988014519,0,3,1,1,1,1,900.0,3,1,2,1,3,sentinel_2_43000_kumamoto_2020-Q2.tif,viirs_43000_kumamoto_2020-Q2.tif,3471.8989871316144
77,4,1,2022,3880440088794.578,136.4362131047677,1,3,1,0,1,1,180.0,2,0,1,0,5,sentinel_2_20000_nagano_2022-Q4.tif,viirs_20000_nagano_2022-Q4.tif,1684.4993052130064
55,4,1,2021,4247588558872.2593,127.389433729792,0,3,0,1,1,1,450.0,3,1,3,1,3,sentinel_2_30000_wakayama_2021-Q4.tif,viirs_30000_wakayama_2021-Q4.tif,1817.143245226796
50,1,0,2019,299682074191.28937,115.9781187205398,1,1,0,0,1,0,110.0,2,1,2,0,1,sentinel_2_tarlac_2019-Q1.tif,viirs_tarlac_2019-Q1.tif,167.4021981772305
68,3,1,2019,4070264756531.522,117.6899153350103,0,3,1,1,1,0,1550.0,2,1,3,0,3,sentinel_2_47000_okinawa_2019-Q3.tif,viirs_47000_okinawa_2019-Q3.tif,2454.5800142470803
0,4,0,2020,291244296180.30774,119.4024762808857,0,1,0,1,0,0,770.0,2,1,3,0,0,sentinel_2_dinagat_islands_2020-Q4.tif,viirs_dinagat_islands_2020-Q4.tif,163.83623351023658
62,3,0,2021,332183318448.6994,125.4848727349994,0,1,0,1,1,0,115.0,2,1,3,0,1,sentinel_2_zambales_2021-Q3.tif,viirs_zambales_2021-Q3.tif,234.19537199707088
81,1,1,2023,3993446887350.673,137.8618440412342,0,3,1,1,1,1,260.0,3,1,2,1,3,sentinel_2_23000_aichi_2023-Q1.tif,viirs_23000_aichi_2023-Q1.tif,1589.4074562368085
18,1,0,2020,291244296180.30774,118.4352913210933,0,1,1,1,1,0,350.0,2,1,3,0,1,sentinel_2_aklan_2020-Q1.tif,viirs_aklan_2020-Q1.tif,273.0620981305201
96,1,0,2020,291244296180.30774,118.4352913210933,0,0,0,1,1,0,880.0,2,0,2,0,0,sentinel_2_basilan_2020-Q1.tif,viirs_basilan_2020-Q1.tif,117.874461025641
16,2,1,2024,3928801383782.808,143.9682405014625,0,3,1,1,1,1,260.0,2,1,1,1,3,sentinel_2_16000_toyama_2024-Q2.tif,viirs_16000_toyama_2024-Q2.tif,1565.4901260613883
97,3,0,2019,299682074191.28937,117.6899153350103,0,1,0,1,1,0,340.0,2,1,2,0,2,sentinel_2_ilocos_sur_2019-Q3.tif,viirs_ilocos_sur_2019-Q3.tif,190.7581285256965
40,2,1,2021,4247588558872.2593,123.5075473904579,0,3,1,1,1,1,0.0,3,1,2,1,3,sentinel_2_13000_tokyo_2021-Q2.tif,viirs_13000_tokyo_2021-Q2.tif,2930.1305209631028
98,1,1,2023,3993446887350.673,137.8618440412342,0,3,1,1,1,1,670.0,2,1,2,1,3,sentinel_2_38000_ehime_2023-Q1.tif,viirs_38000_ehime_2023-Q1.tif,1535.6909141317385
38,4,1,2019,4070264756531.522,117.9406160358257,0,3,1,1,1,1,540.0,2,1,2,1,3,sentinel_2_33000_okayama_2019-Q4.tif,viirs_33000_okayama_2019-Q4.tif,1771.7628985217898
19,2,0,2021,332183318448.6994,123.5075473904579,0,1,1,1,1,0,970.0,3,1,1,0,0,sentinel_2_davao_del_sur_2021-Q2.tif,viirs_davao_del_sur_2021-Q2.tif,231.2902188792511
99,3,0,2019,299682074191.28937,117.6899153350103,0,1,1,1,1,0,570.0,3,1,4,0,0,sentinel_2_eastern_samar_2019-Q3.tif,viirs_eastern_samar_2019-Q3.tif,264.8602510337451
88,1,1,2020,4069008481605.98,118.4352913210933,0,3,1,1,1,1,30.0,3,1,1,1,3,sentinel_2_14000_kanagawa_2020-Q1.tif,viirs_14000_kanagawa_2020-Q1.tif,2081.1098733049757
10,3,1,2021,4247588558872.2593,125.4848727349994,0,3,1,1,1,1,900.0,3,1,3,1,3,sentinel_2_43000_kumamoto_2021-Q3.tif,viirs_43000_kumamoto_2021-Q3.tif,1814.2449980068875
82,1,0,2020,291244296180.30774,118.4352913210933,0,1,1,1,1,0,170.0,2,1,3,0,1,sentinel_2_marinduque_2020-Q1.tif,viirs_marinduque_2020-Q1.tif,185.87849022391583
100,3,0,2019,299682074191.28937,117.6899153350103,0,1,1,1,1,0,790.0,2,1,1,0,0,sentinel_2_zamboanga_del_sur_2019-Q3.tif,viirs_zamboanga_del_sur_2019-Q3.tif,254.54581412033025
16,3,1,2020,4069008481605.98,119.1285399053605,0,3,1,1,1,1,260.0,2,1,2,0,3,sentinel_2_16000_toyama_2020-Q3.tif,viirs_16000_toyama_2020-Q3.tif,1997.0280810200816
58,1,1,2019,4070264756531.522,115.9781187205398,0,3,0,1,1,1,320.0,3,1,3,1,3,sentinel_2_24000_mie_2019-Q1.tif,viirs_24000_mie_2019-Q1.tif,1649.115552629319
19,2,0,2020,291244296180.30774,117.7956988014519,0,1,1,1,1,0,970.0,3,1,2,0,0,sentinel_2_davao_del_sur_2020-Q2.tif,viirs_davao_del_sur_2020-Q2.tif,226.0752252461457
60,3,1,2020,4069008481605.98,119.1285399053605,1,3,0,0,1,1,340.0,2,1,1,1,3,sentinel_2_25000_shiga_2020-Q3.tif,viirs_25000_shiga_2020-Q3.tif,1999.5183521436832
85,2,0,2019,299682074191.28937,117.3681318135368,0,1,1,1,1,1,260.0,2,1,3,0,1,sentinel_2_camarines_sur_2019-Q2.tif,viirs_camarines_sur_2019-Q2.tif,272.77556852112457
26,2,1,2024,3928801383782.808,143.9682405014625,1,3,0,0,1,1,100.0,3,1,1,1,3,sentinel_2_10000_gunma_2024-Q2.tif,viirs_10000_gunma_2024-Q2.tif,1446.6609173377549
81,3,1,2020,4069008481605.98,119.1285399053605,0,3,1,1,1,1,260.0,3,1,3,1,3,sentinel_2_23000_aichi_2020-Q3.tif,viirs_23000_aichi_2020-Q3.tif,2057.922870448432
48,3,0,2021,332183318448.6994,125.4848727349994,0,1,1,1,1,0,780.0,2,0,2,0,0,sentinel_2_camiguin_2021-Q3.tif,viirs_camiguin_2021-Q3.tif,120.37395934867732
14,2,1,2019,4070264756531.522,117.3681318135368,0,3,1,1,1,1,450.0,3,1,1,1,5,sentinel_2_03000_iwate_2019-Q2.tif,viirs_03000_iwate_2019-Q2.tif,1683.5974691429883
31,4,1,2021,4247588558872.2593,127.389433729792,1,3,0,0,1,1,22.5,2,1,1,1,3,sentinel_2_11000_saitama_2021-Q4.tif,viirs_11000_saitama_2021-Q4.tif,1693.8152610334791
101,4,0,2021,332183318448.6994,127.389433729792,1,1,0,0,1,0,195.0,2,0,2,0,1,sentinel_2_nueva_vizcaya_2021-Q4.tif,viirs_nueva_vizcaya_2021-Q4.tif,253.75186132557005
59,1,1,2020,4069008481605.98,118.4352913210933,0,3,1,1,1,1,770.0,2,1,2,1,3,sentinel_2_44000_oita_2020-Q1.tif,viirs_44000_oita_2020-Q1.tif,2085.927851342218
22,2,1,2019,4070264756531.522,117.3681318135368,0,3,1,1,1,1,500.0,2,1,2,1,3,sentinel_2_31000_tottori_2019-Q2.tif,viirs_31000_tottori_2019-Q2.tif,1689.002218969555
99,1,0,2021,332183318448.6994,120.6838014481023,0,1,1,1,1,0,570.0,3,1,4,0,0,sentinel_2_eastern_samar_2021-Q1.tif,viirs_eastern_samar_2021-Q1.tif,299.87918306932704
30,3,0,2021,332183318448.6994,125.4848727349994,0,1,1,1,1,0,150.0,2,1,2,0,1,sentinel_2_occidental_mindoro_2021-Q3.tif,viirs_occidental_mindoro_2021-Q3.tif,266.3542616788637
57,3,1,2019,4070264756531.522,117.6899153350103,1,3,0,0,1,1,370.0,2,0,1,0,3,sentinel_2_26000_kyoto_2019-Q3.tif,viirs_26000_kyoto_2019-Q3.tif,2063.02078661569
60,4,1,2022,3880440088794.578,136.4362131047677,1,3,0,0,1,1,340.0,2,0,2,1,3,sentinel_2_25000_shiga_2022-Q4.tif,viirs_25000_shiga_2022-Q4.tif,1601.5506380460292
102,2,1,2020,4069008481605.98,117.7956988014519,0,3,1,1,1,1,100.0,3,1,2,1,3,sentinel_2_08000_ibaraki_2020-Q2.tif,viirs_08000_ibaraki_2020-Q2.tif,1772.440373284735
40,2,1,2023,3993446887350.673,139.5056151606663,0,3,1,1,1,1,0.0,3,1,2,1,3,sentinel_2_13000_tokyo_2023-Q2.tif,viirs_13000_tokyo_2023-Q2.tif,2470.023206220536
103,4,0,2020,291244296180.30774,119.4024762808857,0,1,1,1,1,0,950.0,2,1,2,0,0,sentinel_2_sultan_kudarat_2020-Q4.tif,viirs_sultan_kudarat_2020-Q4.tif,334.6919900482391
104,2,0,2021,332183318448.6994,123.5075473904579,0,1,0,1,1,0,260.0,2,1,3,0,1,sentinel_2_la_union_2021-Q2.tif,viirs_la_union_2021-Q2.tif,228.80668001597988
46,4,0,2019,299682074191.28937,117.9406160358257,1,1,0,0,1,0,280.0,3,0,1,0,4,sentinel_2_mountain_province_2019-Q4.tif,viirs_mountain_province_2019-Q4.tif,120.23260721230449
55,3,1,2022,3880440088794.578,135.9371046973515,0,3,1,1,1,1,450.0,3,1,3,1,3,sentinel_2_30000_wakayama_2022-Q3.tif,viirs_30000_wakayama_2022-Q3.tif,1522.3602695121456
27,4,1,2023,3993446887350.673,140.8613862067226,0,3,0,1,1,1,320.0,2,1,2,1,3,sentinel_2_18000_fukui_2023-Q4.tif,viirs_18000_fukui_2023-Q4.tif,1988.1263561939631
35,1,1,2019,4070264756531.522,115.9781187205398,0,3,1,1,1,1,650.0,2,1,2,1,3,sentinel_2_32000_shimane_2019-Q1.tif,viirs_32000_shimane_2019-Q1.tif,1714.530334583498
105,2,0,2021,332183318448.6994,123.5075473904579,0,1,0,1,1,0,470.0,2,0,3,0,1,sentinel_2_guimaras_2021-Q2.tif,viirs_guimaras_2021-Q2.tif,184.76898462367663
106,4,1,2024,3928801383782.808,144.7279859179582,0,3,1,1,1,1,830.0,3,1,1,0,6,sentinel_2_01000_hokkaido_2024-Q4.tif,viirs_01000_hokkaido_2024-Q4.tif,1824.2054955540443
16,3,1,2024,3928801383782.808,144.403145070865,0,3,1,1,1,1,260.0,2,1,1,1,3,sentinel_2_16000_toyama_2024-Q3.tif,viirs_16000_toyama_2024-Q3.tif,1738.7607848871546
27,3,1,2020,4069008481605.98,119.1285399053605,0,3,0,1,1,1,320.0,2,1,1,1,3,sentinel_2_18000_fukui_2020-Q3.tif,viirs_18000_fukui_2020-Q3.tif,1916.944887049584
14,4,1,2022,3880440088794.578,136.4362131047677,0,3,1,1,1,1,450.0,3,1,1,1,5,sentinel_2_03000_iwate_2022-Q4.tif,viirs_03000_iwate_2022-Q4.tif,1508.4314259961816
45,3,1,2020,4069008481605.98,119.1285399053605,1,3,0,0,1,1,110.0,2,0,1,0,3,sentinel_2_19000_yamanashi_2020-Q3.tif,viirs_19000_yamanashi_2020-Q3.tif,1958.6951650769645
102,1,1,2024,3928801383782.808,142.3299725681459,0,3,1,1,1,1,100.0,3,1,2,1,3,sentinel_2_08000_ibaraki_2024-Q1.tif,viirs_08000_ibaraki_2024-Q1.tif,1495.628032073507
107,1,0,2021,332183318448.6994,120.6838014481023,0,1,1,1,1,0,270.0,2,1,3,0,1,sentinel_2_romblon_2021-Q1.tif,viirs_romblon_2021-Q1.tif,175.66871351019097
72,4,1,2022,3880440088794.578,136.4362131047677,0,3,1,1,1,1,540.0,2,0,2,1,3,sentinel_2_37000_kagawa_2022-Q4.tif,viirs_37000_kagawa_2022-Q4.tif,1460.3392689256682
95,2,0,2020,291244296180.30774,117.7956988014519,0,1,0,1,1,0,33.0,2,1,3,0,1,sentinel_2_cavite_2020-Q2.tif,viirs_cavite_2020-Q2.tif,204.22540169245087
31,1,1,2023,3993446887350.673,137.8618440412342,1,3,0,0,1,1,22.5,2,1,1,1,3,sentinel_2_11000_saitama_2023-Q1.tif,viirs_11000_saitama_2023-Q1.tif,1665.8299022507072
53,3,1,2022,3880440088794.578,135.9371046973515,0,3,1,1,1,1,250.0,2,1,1,1,3,sentinel_2_15000_niigata_2022-Q3.tif,viirs_15000_niigata_2022-Q3.tif,1646.3553628768714
99,1,0,2020,291244296180.30774,118.4352913210933,0,1,1,1,1,0,570.0,3,1,4,0,0,sentinel_2_eastern_samar_2020-Q1.tif,viirs_eastern_samar_2020-Q1.tif,282.66217000764567
75,3,0,2021,332183318448.6994,125.4848727349994,0,1,1,1,1,0,850.0,3,1,3,0,0,sentinel_2_surigao_del_sur_2021-Q3.tif,viirs_surigao_del_sur_2021-Q3.tif,220.12480488862323
90,3,0,2020,291244296180.30774,119.1285399053605,1,1,0,0,1,0,820.0,2,0,2,0,1,sentinel_2_bukidnon_2020-Q3.tif,viirs_bukidnon_2020-Q3.tif,161.95800243534225
8,4,1,2022,3880440088794.578,136.4362131047677,1,3,0,0,1,1,270.0,2,1,2,1,3,sentinel_2_21000_gifu_2022-Q4.tif,viirs_21000_gifu_2022-Q4.tif,1643.5608159107423
108,3,0,2020,291244296180.30774,119.1285399053605,0,1,1,1,1,0,170.0,2,1,3,0,1,sentinel_2_pangasinan_2020-Q3.tif,viirs_pangasinan_2020-Q3.tif,275.1601643206956
39,2,0,2021,332183318448.6994,123.5075473904579,1,1,0,0,1,0,240.0,2,0,2,0,4,sentinel_2_ifugao_2021-Q2.tif,viirs_ifugao_2021-Q2.tif,148.8305317086454
69,2,1,2020,4069008481605.98,117.7956988014519,0,3,1,1,1,1,900.0,2,1,2,1,3,sentinel_2_41000_saga_2020-Q2.tif,viirs_41000_saga_2020-Q2.tif,2502.111013275806
38,1,1,2020,4069008481605.98,118.4352913210933,0,3,1,1,1,1,540.0,2,1,1,1,3,sentinel_2_33000_okayama_2020-Q1.tif,viirs_33000_okayama_2020-Q1.tif,1827.1652747463256
40,2,1,2019,4070264756531.522,117.3681318135368,0,3,1,1,1,1,0.0,3,1,2,1,3,sentinel_2_13000_tokyo_2019-Q2.tif,viirs_13000_tokyo_2019-Q2.tif,2571.943172245162
50,3,0,2020,291244296180.30774,119.1285399053605,1,1,0,0,1,0,110.0,2,1,3,0,1,sentinel_2_tarlac_2020-Q3.tif,viirs_tarlac_2020-Q3.tif,200.50381194223888
15,2,1,2023,3993446887350.673,139.5056151606663,0,3,1,1,1,1,1200.0,2,1,3,1,3,sentinel_2_42000_nagasaki_2023-Q2.tif,viirs_42000_nagasaki_2023-Q2.tif,1611.1427120371634
47,4,0,2020,291244296180.30774,119.4024762808857,0,1,1,1,1,0,130.0,2,1,3,0,1,sentinel_2_oriental_mindoro_2020-Q4.tif,viirs_oriental_mindoro_2020-Q4.tif,200.6418820763368
56,3,1,2020,4069008481605.98,119.1285399053605,0,3,1,1,1,1,37.5,3,1,3,1,3,sentinel_2_12000_chiba_2020-Q3.tif,viirs_12000_chiba_2020-Q3.tif,1966.3306398809093
33,4,0,2019,299682074191.28937,117.9406160358257,1,1,0,0,1,0,330.0,3,1,2,0,1,sentinel_2_abra_2019-Q4.tif,viirs_abra_2019-Q4.tif,182.868097319878
109,1,0,2019,299682074191.28937,115.9781187205398,0,1,0,1,1,0,570.0,2,1,3,0,0,sentinel_2_biliran_2019-Q1.tif,viirs_biliran_2019-Q1.tif,241.21567910205195
44,3,1,2020,4069008481605.98,119.1285399053605,0,3,1,1,1,1,430.0,3,1,3,1,3,sentinel_2_28000_hyogo_2020-Q3.tif,viirs_28000_hyogo_2020-Q3.tif,2144.665480726416
81,4,1,2022,3880440088794.578,136.4362131047677,0,3,1,1,1,1,260.0,3,1,3,1,3,sentinel_2_23000_aichi_2022-Q4.tif,viirs_23000_aichi_2022-Q4.tif,1585.5241380643276
37,2,1,2019,4070264756531.522,117.3681318135368,0,3,1,1,1,1,575.0,2,0,1,0,5,sentinel_2_02000_aomori_2019-Q2.tif,viirs_02000_aomori_2019-Q2.tif,1815.483737774364
63,1,0,2019,299682074191.28937,115.9781187205398,0,1,0,1,1,0,640.0,2,1,3,0,0,sentinel_2_southern_leyte_2019-Q1.tif,viirs_southern_leyte_2019-Q1.tif,176.8890147858033
110,3,1,2020,4069008481605.98,119.1285399053605,0,3,1,1,1,1,300.0,3,1,2,1,3,sentinel_2_04000_miyagi_2020-Q3.tif,viirs_04000_miyagi_2020-Q3.tif,2083.390320849991
21,4,1,2022,3880440088794.578,136.4362131047677,0,3,1,1,1,1,500.0,3,1,3,1,3,sentinel_2_36000_tokushima_2022-Q4.tif,viirs_36000_tokushima_2022-Q4.tif,1479.7275257459728
37,1,1,2021,4247588558872.2593,120.6838014481023,0,3,1,1,1,1,575.0,2,1,1,1,5,sentinel_2_02000_aomori_2021-Q1.tif,viirs_02000_aomori_2021-Q1.tif,2321.6454081452757
103,1,0,2020,291244296180.30774,118.4352913210933,0,1,1,1,1,0,950.0,2,1,2,0,0,sentinel_2_sultan_kudarat_2020-Q1.tif,viirs_sultan_kudarat_2020-Q1.tif,218.58638064687904
108,1,0,2021,332183318448.6994,120.6838014481023,0,1,1,1,1,0,170.0,2,1,3,0,1,sentinel_2_pangasinan_2021-Q1.tif,viirs_pangasinan_2021-Q1.tif,200.71884430891987
66,3,1,2019,4070264756531.522,117.6899153350103,0,3,1,1,1,1,800.0,2,1,2,1,3,sentinel_2_35000_yamaguchi_2019-Q3.tif,viirs_35000_yamaguchi_2019-Q3.tif,1854.7327095529008
3,2,0,2021,332183318448.6994,123.5075473904579,0,1,1,1,1,0,870.0,3,1,2,1,0,sentinel_2_cotabato_2021-Q2.tif,viirs_cotabato_2021-Q2.tif,184.99081119952257
111,4,1,2023,3993446887350.673,140.8613862067226,1,3,1,0,1,1,250.0,3,1,2,1,3,sentinel_2_07000_fukushima_2023-Q4.tif,viirs_07000_fukushima_2023-Q4.tif,1854.9377642780148
73,4,1,2021,4247588558872.2593,127.389433729792,1,3,0,0,1,1,100.0,2,1,1,1,3,sentinel_2_09000_tochigi_2021-Q4.tif,viirs_09000_tochigi_2021-Q4.tif,1486.5915915003957
5,2,0,2020,291244296180.30774,117.7956988014519,0,1,1,1,1,0,410.0,2,1,2,0,1,sentinel_2_antique_2020-Q2.tif,viirs_antique_2020-Q2.tif,139.32154285104917
22,2,1,2024,3928801383782.808,143.9682405014625,0,3,1,1,1,1,500.0,2,0,1,1,3,sentinel_2_31000_tottori_2024-Q2.tif,viirs_31000_tottori_2024-Q2.tif,1191.6982315667478
40,3,1,2021,4247588558872.2593,125.4848727349994,0,3,1,1,1,1,0.0,3,1,2,1,3,sentinel_2_13000_tokyo_2021-Q3.tif,viirs_13000_tokyo_2021-Q3.tif,2845.262217463398
112,3,0,2019,299682074191.28937,117.6899153350103,0,1,0,1,1,0,950.0,2,1,3,0,0,sentinel_2_davao_oriental_2019-Q3.tif,viirs_davao_oriental_2019-Q3.tif,229.8741085950496
108,2,0,2021,332183318448.6994,123.5075473904579,0,1,1,1,1,0,170.0,2,1,3,0,1,sentinel_2_pangasinan_2021-Q2.tif,viirs_pangasinan_2021-Q2.tif,442.40500033797065
83,4,0,2020,291244296180.30774,119.4024762808857,0,1,1,1,1,0,630.0,2,1,2,0,1,sentinel_2_negros_oriental_2020-Q4.tif,viirs_negros_oriental_2020-Q4.tif,178.89316703580903
113,2,0,2019,299682074191.28937,117.3681318135368,0,1,0,1,1,0,820.0,2,1,2,0,0,sentinel_2_zamboanga_sibugay_2019-Q2.tif,viirs_zamboanga_sibugay_2019-Q2.tif,103.4138757724612
93,3,0,2020,291244296180.30774,119.1285399053605,0,1,1,1,1,0,480.0,2,1,2,0,1,sentinel_2_negros_occidental_2020-Q3.tif,viirs_negros_occidental_2020-Q3.tif,210.91305750823736
15,3,1,2021,4247588558872.2593,125.4848727349994,0,3,1,1,1,1,1200.0,2,1,3,1,3,sentinel_2_42000_nagasaki_2021-Q3.tif,viirs_42000_nagasaki_2021-Q3.tif,1654.7133046582112
85,3,0,2019,299682074191.28937,117.6899153350103,0,1,1,1,1,1,260.0,2,1,3,0,1,sentinel_2_camarines_sur_2019-Q3.tif,viirs_camarines_sur_2019-Q3.tif,245.3830138056275
114,4,0,2019,299682074191.28937,117.9406160358257,0,1,1,1,1,0,570.0,2,1,2,0,1,sentinel_2_cebu_2019-Q4.tif,viirs_cebu_2019-Q4.tif,219.3687800490337
26,3,1,2019,4070264756531.522,117.6899153350103,1,3,0,0,1,1,100.0,3,1,2,1,3,sentinel_2_10000_gunma_2019-Q3.tif,viirs_10000_gunma_2019-Q3.tif,1630.811795131895
75,3,0,2019,299682074191.28937,117.6899153350103,0,1,1,1,1,0,850.0,3,1,3,0,0,sentinel_2_surigao_del_sur_2019-Q3.tif,viirs_surigao_del_sur_2019-Q3.tif,158.34287485679772
46,3,0,2020,291244296180.30774,119.1285399053605,1,1,0,0,1,0,280.0,3,0,2,0,4,sentinel_2_mountain_province_2020-Q3.tif,viirs_mountain_province_2020-Q3.tif,464.04372103445496
24,2,0,2019,299682074191.28937,117.3681318135368,0,1,1,1,1,0,470.0,2,1,3,0,0,sentinel_2_northern_samar_2019-Q2.tif,viirs_northern_samar_2019-Q2.tif,194.20521071651416
92,1,0,2019,299682074191.28937,115.9781187205398,0,1,0,0,1,1,57.5,2,1,2,0,1,sentinel_2_laguna_2019-Q1.tif,viirs_laguna_2019-Q1.tif,209.297548142908
22,1,1,2023,3993446887350.673,137.8618440412342,0,3,1,1,1,1,500.0,2,1,1,1,3,sentinel_2_31000_tottori_2023-Q1.tif,viirs_31000_tottori_2023-Q1.tif,1581.2601808133188
14,4,1,2021,4247588558872.2593,127.389433729792,0,3,1,1,1,1,450.0,3,1,1,1,5,sentinel_2_03000_iwate_2021-Q4.tif,viirs_03000_iwate_2021-Q4.tif,1659.3515144750197
115,3,1,2020,4069008481605.98,119.1285399053605,0,3,1,1,1,1,400.0,3,1,3,1,3,sentinel_2_27000_osaka_2020-Q3.tif,viirs_27000_osaka_2020-Q3.tif,2145.2770989598857
90,4,0,2020,291244296180.30774,119.4024762808857,1,1,0,0,1,0,820.0,2,0,2,0,1,sentinel_2_bukidnon_2020-Q4.tif,viirs_bukidnon_2020-Q4.tif,157.04562558000995
110,2,1,2019,4070264756531.522,117.3681318135368,0,3,1,1,1,1,300.0,3,1,2,1,3,sentinel_2_04000_miyagi_2019-Q2.tif,viirs_04000_miyagi_2019-Q2.tif,1990.6842594880525
111,3,1,2023,3993446887350.673,140.714328844415,1,3,1,0,1,1,250.0,3,1,2,1,3,sentinel_2_07000_fukushima_2023-Q3.tif,viirs_07000_fukushima_2023-Q3.tif,1528.7281646102092
116,4,0,2021,332183318448.6994,127.389433729792,1,1,0,0,1,0,400.0,2,0,2,0,1,sentinel_2_apayao_2021-Q4.tif,viirs_apayao_2021-Q4.tif,225.74127705258903
68,2,1,2023,3993446887350.673,139.5056151606663,0,3,1,1,1,1,1550.0,2,1,3,1,3,sentinel_2_47000_okinawa_2023-Q2.tif,viirs_47000_okinawa_2023-Q2.tif,1909.310824852422
0,1,0,2019,299682074191.28937,115.9781187205398,0,1,0,1,1,0,770.0,2,1,3,0,0,sentinel_2_dinagat_islands_2019-Q1.tif,viirs_dinagat_islands_2019-Q1.tif,141.5878466177425
41,2,0,2020,291244296180.30774,117.7956988014519,0,1,1,1,1,0,750.0,3,1,3,0,0,sentinel_2_surigao_del_norte_2020-Q2.tif,viirs_surigao_del_norte_2020-Q2.tif,189.9120154148534
3,1,0,2020,291244296180.30774,118.4352913210933,1,1,1,0,1,0,870.0,3,1,2,0,0,sentinel_2_cotabato_2020-Q1.tif,viirs_cotabato_2020-Q1.tif,203.22380616588043
72,2,1,2020,4069008481605.98,117.7956988014519,0,3,1,1,1,1,540.0,2,0,2,1,3,sentinel_2_37000_kagawa_2020-Q2.tif,viirs_37000_kagawa_2020-Q2.tif,2386.262551845121
37,2,1,2024,3928801383782.808,143.9682405014625,0,3,1,1,1,1,575.0,2,1,1,0,5,sentinel_2_02000_aomori_2024-Q2.tif,viirs_02000_aomori_2024-Q2.tif,1665.029608460704
15,3,1,2022,3880440088794.578,135.9371046973515,0,3,1,1,1,1,1200.0,2,1,2,1,3,sentinel_2_42000_nagasaki_2022-Q3.tif,viirs_42000_nagasaki_2022-Q3.tif,2101.6021691998217
72,3,1,2024,3928801383782.808,144.403145070865,0,3,1,1,1,1,540.0,2,0,2,0,3,sentinel_2_37000_kagawa_2024-Q3.tif,viirs_37000_kagawa_2024-Q3.tif,2292.6982082614554
116,2,0,2021,332183318448.6994,123.5075473904579,1,1,0,0,1,0,400.0,2,0,2,0,1,sentinel_2_apayao_2021-Q2.tif,viirs_apayao_2021-Q2.tif,186.92066919220065
69,4,1,2019,4070264756531.522,117.9406160358257,0,3,1,1,1,1,900.0,2,1,2,1,3,sentinel_2_41000_saga_2019-Q4.tif,viirs_41000_saga_2019-Q4.tif,1614.2783451824598
110,1,1,2020,4069008481605.98,118.4352913210933,0,3,1,1,1,1,300.0,3,1,2,1,3,sentinel_2_04000_miyagi_2020-Q1.tif,viirs_04000_miyagi_2020-Q1.tif,1866.9029308947315
41,1,0,2019,299682074191.28937,115.9781187205398,0,1,1,1,1,0,750.0,3,1,3,0,0,sentinel_2_surigao_del_norte_2019-Q1.tif,viirs_surigao_del_norte_2019-Q1.tif,180.79839067734216
112,2,0,2021,332183318448.6994,123.5075473904579,0,1,0,1,1,0,950.0,2,1,3,0,0,sentinel_2_davao_oriental_2021-Q2.tif,viirs_davao_oriental_2021-Q2.tif,184.0822295822958
117,1,0,2019,299682074191.28937,115.9781187205398,0,1,1,1,1,0,370.0,3,1,3,0,1,sentinel_2_masbate_2019-Q1.tif,viirs_masbate_2019-Q1.tif,194.6624149606345
41,4,0,2019,299682074191.28937,117.9406160358257,0,1,1,1,1,0,750.0,3,1,3,0,0,sentinel_2_surigao_del_norte_2019-Q4.tif,viirs_surigao_del_norte_2019-Q4.tif,137.5495840497659
77,4,1,2024,3928801383782.808,144.7279859179582,1,3,1,0,1,1,180.0,2,1,1,0,5,sentinel_2_20000_nagano_2024-Q4.tif,viirs_20000_nagano_2024-Q4.tif,1970.054698198615
57,3,1,2021,4247588558872.2593,125.4848727349994,1,3,1,0,1,1,370.0,2,0,2,0,3,sentinel_2_26000_kyoto_2021-Q3.tif,viirs_26000_kyoto_2021-Q3.tif,2196.859537229536
87,1,0,2021,332183318448.6994,120.6838014481023,0,1,1,1,1,0,460.0,2,1,3,0,1,sentinel_2_iloilo_2021-Q1.tif,viirs_iloilo_2021-Q1.tif,210.34801184312465
37,3,1,2020,4069008481605.98,119.1285399053605,0,3,1,1,1,1,575.0,2,1,1,0,5,sentinel_2_02000_aomori_2020-Q3.tif,viirs_02000_aomori_2020-Q3.tif,1799.443479474542
68,2,1,2022,3880440088794.578,134.1731806810651,0,3,1,1,1,0,1550.0,2,1,3,0,3,sentinel_2_47000_okinawa_2022-Q2.tif,viirs_47000_okinawa_2022-Q2.tif,2032.5665933107173
87,3,0,2019,299682074191.28937,117.6899153350103,0,1,1,1,1,0,460.0,2,1,3,0,1,sentinel_2_iloilo_2019-Q3.tif,viirs_iloilo_2019-Q3.tif,213.5514089674361
17,4,1,2023,3993446887350.673,140.8613862067226,0,3,1,1,1,1,625.0,3,1,3,1,3,sentinel_2_39000_kochi_2023-Q4.tif,viirs_39000_kochi_2023-Q4.tif,1808.361501689863
39,4,0,2020,291244296180.30774,119.4024762808857,1,1,0,0,1,0,240.0,2,0,2,0,4,sentinel_2_ifugao_2020-Q4.tif,viirs_ifugao_2020-Q4.tif,199.28838946751063
66,1,1,2024,3928801383782.808,142.3299725681459,0,3,1,1,1,1,800.0,2,0,2,1,3,sentinel_2_35000_yamaguchi_2024-Q1.tif,viirs_35000_yamaguchi_2024-Q1.tif,2042.1540027928431
42,3,0,2019,299682074191.28937,117.6899153350103,1,1,0,0,1,0,210.0,3,0,3,0,4,sentinel_2_benguet_2019-Q3.tif,viirs_benguet_2019-Q3.tif,230.4019816365765
47,4,0,2019,299682074191.28937,117.9406160358257,0,1,0,1,1,0,130.0,2,1,3,0,1,sentinel_2_oriental_mindoro_2019-Q4.tif,viirs_oriental_mindoro_2019-Q4.tif,190.68360006434216
104,1,0,2020,291244296180.30774,118.4352913210933,0,1,1,1,1,0,260.0,2,1,2,0,1,sentinel_2_la_union_2020-Q1.tif,viirs_la_union_2020-Q1.tif,209.8516584910835
65,1,0,2019,299682074191.28937,115.9781187205398,0,1,1,1,1,0,780.0,2,1,1,0,0,sentinel_2_misamis_occidental_2019-Q1.tif,viirs_misamis_occidental_2019-Q1.tif,182.09485579800292
93,1,0,2021,332183318448.6994,120.6838014481023,0,1,1,1,1,0,480.0,2,1,2,0,1,sentinel_2_negros_occidental_2021-Q1.tif,viirs_negros_occidental_2021-Q1.tif,222.76428246782092
29,4,0,2019,299682074191.28937,117.9406160358257,0,1,0,1,1,0,790.0,2,1,2,0,0,sentinel_2_lanao_del_norte_2019-Q4.tif,viirs_lanao_del_norte_2019-Q4.tif,279.68914404958286
37,1,1,2024,3928801383782.808,142.3299725681459,0,3,1,1,1,1,575.0,2,1,1,0,5,sentinel_2_02000_aomori_2024-Q1.tif,viirs_02000_aomori_2024-Q1.tif,1602.3818345965226
46,2,0,2019,299682074191.28937,117.3681318135368,1,1,0,0,1,0,280.0,3,0,1,0,4,sentinel_2_mountain_province_2019-Q2.tif,viirs_mountain_province_2019-Q2.tif,344.9184839511334
102,1,1,2019,4070264756531.522,115.9781187205398,0,3,1,1,1,1,100.0,3,1,3,1,3,sentinel_2_08000_ibaraki_2019-Q1.tif,viirs_08000_ibaraki_2019-Q1.tif,1740.043581626737
40,4,1,2022,3880440088794.578,136.4362131047677,0,3,1,1,1,1,0.0,3,1,2,1,3,sentinel_2_13000_tokyo_2022-Q4.tif,viirs_13000_tokyo_2022-Q4.tif,2247.0841197024274
17,1,1,2020,4069008481605.98,118.4352913210933,0,3,1,1,1,1,625.0,3,1,3,1,3,sentinel_2_39000_kochi_2020-Q1.tif,viirs_39000_kochi_2020-Q1.tif,2077.086277191155
97,3,0,2020,291244296180.30774,119.1285399053605,0,1,0,1,1,0,340.0,2,1,3,1,2,sentinel_2_ilocos_sur_2020-Q3.tif,viirs_ilocos_sur_2020-Q3.tif,193.112283836631
41,1,0,2021,332183318448.6994,120.6838014481023,0,1,1,1,1,0,750.0,3,1,3,0,0,sentinel_2_surigao_del_norte_2021-Q1.tif,viirs_surigao_del_norte_2021-Q1.tif,163.78875009367454
33,2,0,2020,291244296180.30774,117.7956988014519,1,1,0,0,1,0,330.0,3,1,2,0,1,sentinel_2_abra_2020-Q2.tif,viirs_abra_2020-Q2.tif,81.44802493131867
112,3,0,2021,332183318448.6994,125.4848727349994,0,1,0,1,1,0,950.0,2,1,3,0,0,sentinel_2_davao_oriental_2021-Q3.tif,viirs_davao_oriental_2021-Q3.tif,215.9414386303944
1,1,1,2024,3928801383782.808,142.3299725681459,1,3,0,0,1,1,370.0,2,1,1,0,3,sentinel_2_29000_nara_2024-Q1.tif,viirs_29000_nara_2024-Q1.tif,1960.603096000758
80,4,0,2019,299682074191.28937,117.9406160358257,1,1,0,0,1,0,340.0,2,1,2,0,1,sentinel_2_kalinga_2019-Q4.tif,viirs_kalinga_2019-Q4.tif,185.2797015492531
98,1,1,2020,4069008481605.98,118.4352913210933,0,3,1,1,1,1,670.0,2,1,3,1,3,sentinel_2_38000_ehime_2020-Q1.tif,viirs_38000_ehime_2020-Q1.tif,1750.7137503686083
57,4,1,2020,4069008481605.98,119.4024762808857,1,3,0,0,1,1,370.0,2,1,2,1,3,sentinel_2_26000_kyoto_2020-Q4.tif,viirs_26000_kyoto_2020-Q4.tif,2464.6267549716185
38,2,1,2021,4247588558872.2593,123.5075473904579,0,3,1,1,1,1,540.0,2,1,2,1,3,sentinel_2_33000_okayama_2021-Q2.tif,viirs_33000_okayama_2021-Q2.tif,1742.7710461529143
61,1,1,2019,4070264756531.522,115.9781187205398,0,3,1,1,1,1,680.0,2,1,3,1,3,sentinel_2_34000_hiroshima_2019-Q1.tif,viirs_34000_hiroshima_2019-Q1.tif,1897.2235680813285
84,4,0,2019,299682074191.28937,117.9406160358257,0,1,1,1,1,0,570.0,2,0,2,0,1,sentinel_2_siquijor_2019-Q4.tif,viirs_siquijor_2019-Q4.tif,203.28638723661484
53,2,1,2023,3993446887350.673,139.5056151606663,0,3,1,1,1,1,250.0,2,1,1,1,3,sentinel_2_15000_niigata_2023-Q2.tif,viirs_15000_niigata_2023-Q2.tif,1614.742848293136
16,4,1,2020,4069008481605.98,119.4024762808857,0,3,1,1,1,1,260.0,2,1,2,0,3,sentinel_2_16000_toyama_2020-Q4.tif,viirs_16000_toyama_2020-Q4.tif,2285.3223291860795
12,1,1,2024,3928801383782.808,142.3299725681459,0,3,1,1,1,1,970.0,3,1,3,1,3,sentinel_2_46000_kagoshima_2024-Q1.tif,viirs_46000_kagoshima_2024-Q1.tif,1843.1056860419264
118,1,0,2021,332183318448.6994,120.6838014481023,1,1,0,0,1,0,18.0,3,1,3,0,1,sentinel_2_rizal_2021-Q1.tif,viirs_rizal_2021-Q1.tif,189.21191810619752
102,2,1,2023,3993446887350.673,139.5056151606663,0,3,1,1,1,1,100.0,3,1,3,1,3,sentinel_2_08000_ibaraki_2023-Q2.tif,viirs_08000_ibaraki_2023-Q2.tif,1763.7108053345823
33,2,0,2021,332183318448.6994,123.5075473904579,1,1,0,0,1,0,330.0,3,0,2,0,1,sentinel_2_abra_2021-Q2.tif,viirs_abra_2021-Q2.tif,195.90468795351072
98,1,1,2022,3880440088794.578,130.2983261906564,0,3,1,1,1,1,670.0,2,1,3,1,3,sentinel_2_38000_ehime_2022-Q1.tif,viirs_38000_ehime_2022-Q1.tif,1613.5413061513357
49,4,0,2019,299682074191.28937,117.9406160358257,0,1,1,1,1,0,580.0,1,0,1,0,1,sentinel_2_palawan_2019-Q4.tif,viirs_palawan_2019-Q4.tif,435.5491491239459
119,3,0,2020,291244296180.30774,119.1285399053605,0,1,0,1,1,0,55.0,2,1,2,0,1,sentinel_2_bataan_2020-Q3.tif,viirs_bataan_2020-Q3.tif,188.31230594596025
40,1,1,2022,3880440088794.578,130.2983261906564,0,3,1,1,1,1,0.0,3,1,2,1,3,sentinel_2_13000_tokyo_2022-Q1.tif,viirs_13000_tokyo_2022-Q1.tif,2624.085677180834
16,4,1,2024,3928801383782.808,144.7279859179582,0,3,1,1,1,1,260.0,2,1,1,1,3,sentinel_2_16000_toyama_2024-Q4.tif,viirs_16000_toyama_2024-Q4.tif,1645.459006645542
43,1,0,2019,299682074191.28937,115.9781187205398,0,1,1,1,1,0,330.0,3,1,4,1,0,sentinel_2_albay_2019-Q1.tif,viirs_albay_2019-Q1.tif,214.36886134150492
58,4,1,2022,3880440088794.578,136.4362131047677,0,3,0,1,1,1,320.0,3,1,3,1,3,sentinel_2_24000_mie_2022-Q4.tif,viirs_24000_mie_2022-Q4.tif,1589.2617831957182
30,2,0,2021,332183318448.6994,123.5075473904579,0,1,1,1,1,0,150.0,2,1,2,0,1,sentinel_2_occidental_mindoro_2021-Q2.tif,viirs_occidental_mindoro_2021-Q2.tif,194.2857072649417
70,2,1,2019,4070264756531.522,117.3681318135368,0,3,1,1,1,1,880.0,2,1,2,1,3,sentinel_2_40000_fukuoka_2019-Q2.tif,viirs_40000_fukuoka_2019-Q2.tif,1697.63616933023
75,1,0,2020,291244296180.30774,118.4352913210933,0,1,1,1,1,0,850.0,3,1,3,0,0,sentinel_2_surigao_del_sur_2020-Q1.tif,viirs_surigao_del_sur_2020-Q1.tif,127.61085475208895
50,4,0,2020,291244296180.30774,119.4024762808857,1,1,0,0,1,0,110.0,2,1,3,0,1,sentinel_2_tarlac_2020-Q4.tif,viirs_tarlac_2020-Q4.tif,199.1199201357872
18,3,0,2019,299682074191.28937,117.6899153350103,0,1,1,1,1,0,350.0,2,1,3,0,1,sentinel_2_aklan_2019-Q3.tif,viirs_aklan_2019-Q3.tif,266.17338408176283
102,4,1,2020,4069008481605.98,119.4024762808857,0,3,1,1,1,1,100.0,3,1,2,1,3,sentinel_2_08000_ibaraki_2020-Q4.tif,viirs_08000_ibaraki_2020-Q4.tif,1759.8190721600183
7,4,1,2024,3928801383782.808,144.7279859179582,0,3,1,1,1,1,150.0,3,1,3,1,3,sentinel_2_22000_shizuoka_2024-Q4.tif,viirs_22000_shizuoka_2024-Q4.tif,1711.8012027036464
12,4,1,2024,3928801383782.808,144.7279859179582,0,3,1,1,1,1,970.0,3,1,3,1,3,sentinel_2_46000_kagoshima_2024-Q4.tif,viirs_46000_kagoshima_2024-Q4.tif,1625.198629312012
82,2,0,2020,291244296180.30774,117.7956988014519,0,1,1,1,1,0,170.0,2,1,3,0,1,sentinel_2_marinduque_2020-Q2.tif,viirs_marinduque_2020-Q2.tif,193.96659661121325
54,4,1,2019,4070264756531.522,117.9406160358257,1,3,1,0,1,1,300.0,2,1,2,1,5,sentinel_2_06000_yamagata_2019-Q4.tif,viirs_06000_yamagata_2019-Q4.tif,1853.6133787937083
75,3,0,2020,291244296180.30774,119.1285399053605,0,1,1,1,1,0,850.0,3,1,3,0,0,sentinel_2_surigao_del_sur_2020-Q3.tif,viirs_surigao_del_sur_2020-Q3.tif,152.5196361750095
35,3,1,2019,4070264756531.522,117.6899153350103,0,3,1,1,1,1,650.0,2,1,2,1,3,sentinel_2_32000_shimane_2019-Q3.tif,viirs_32000_shimane_2019-Q3.tif,1893.121617830388
60,1,1,2022,3880440088794.578,130.2983261906564,1,3,0,0,1,1,340.0,2,0,2,1,3,sentinel_2_25000_shiga_2022-Q1.tif,viirs_25000_shiga_2022-Q1.tif,1796.1085037558537
37,4,1,2022,3880440088794.578,136.4362131047677,0,3,1,1,1,1,575.0,2,1,1,1,5,sentinel_2_02000_aomori_2022-Q4.tif,viirs_02000_aomori_2022-Q4.tif,1450.6814456382642
15,1,1,2019,4070264756531.522,115.9781187205398,0,3,1,1,1,1,1200.0,2,1,3,1,3,sentinel_2_42000_nagasaki_2019-Q1.tif,viirs_42000_nagasaki_2019-Q1.tif,1915.3299772406149
117,1,0,2020,291244296180.30774,118.4352913210933,0,1,1,1,1,0,370.0,3,1,3,0,1,sentinel_2_masbate_2020-Q1.tif,viirs_masbate_2020-Q1.tif,275.6760328587068
88,4,1,2023,3993446887350.673,140.8613862067226,0,3,1,1,1,1,30.0,3,1,3,1,3,sentinel_2_14000_kanagawa_2023-Q4.tif,viirs_14000_kanagawa_2023-Q4.tif,1730.0596129209669
45,1,1,2019,4070264756531.522,115.9781187205398,1,3,0,0,1,1,110.0,2,0,2,1,3,sentinel_2_19000_yamanashi_2019-Q1.tif,viirs_19000_yamanashi_2019-Q1.tif,1777.848720517475
73,3,1,2019,4070264756531.522,117.6899153350103,1,3,0,0,1,1,100.0,2,1,1,1,3,sentinel_2_09000_tochigi_2019-Q3.tif,viirs_09000_tochigi_2019-Q3.tif,1840.0767483417185
81,1,1,2024,3928801383782.808,142.3299725681459,0,3,1,1,1,1,260.0,3,1,2,1,3,sentinel_2_23000_aichi_2024-Q1.tif,viirs_23000_aichi_2024-Q1.tif,1699.5843497295753
1,3,1,2019,4070264756531.522,117.6899153350103,1,3,0,0,1,1,370.0,2,1,2,1,3,sentinel_2_29000_nara_2019-Q3.tif,viirs_29000_nara_2019-Q3.tif,1951.1933107860505
120,2,0,2020,291244296180.30774,117.7956988014519,1,1,0,0,1,0,115.0,2,1,3,0,2,sentinel_2_nueva_ecija_2020-Q2.tif,viirs_nueva_ecija_2020-Q2.tif,184.61760686019483
88,3,1,2021,4247588558872.2593,125.4848727349994,0,3,1,1,1,1,30.0,3,1,2,1,3,sentinel_2_14000_kanagawa_2021-Q3.tif,viirs_14000_kanagawa_2021-Q3.tif,1826.659569388994
94,2,0,2021,332183318448.6994,123.5075473904579,0,1,0,1,1,0,220.0,2,1,3,0,1,sentinel_2_camarines_norte_2021-Q2.tif,viirs_camarines_norte_2021-Q2.tif,555.0222511425169
56,3,1,2019,4070264756531.522,117.6899153350103,0,3,1,1,1,1,37.5,3,1,3,1,3,sentinel_2_12000_chiba_2019-Q3.tif,viirs_12000_chiba_2019-Q3.tif,1824.1074254760176
81,4,1,2020,4069008481605.98,119.4024762808857,0,3,1,1,1,1,260.0,3,1,3,1,3,sentinel_2_23000_aichi_2020-Q4.tif,viirs_23000_aichi_2020-Q4.tif,2116.7492603262585
19,2,0,2019,299682074191.28937,117.3681318135368,0,1,1,1,1,0,970.0,3,1,1,0,0,sentinel_2_davao_del_sur_2019-Q2.tif,viirs_davao_del_sur_2019-Q2.tif,196.70020988506587
48,4,0,2019,299682074191.28937,117.9406160358257,0,1,1,1,1,0,780.0,2,0,2,0,0,sentinel_2_camiguin_2019-Q4.tif,viirs_camiguin_2019-Q4.tif,264.2593008649003
14,4,1,2023,3993446887350.673,140.8613862067226,0,3,1,1,1,1,450.0,3,1,1,0,5,sentinel_2_03000_iwate_2023-Q4.tif,viirs_03000_iwate_2023-Q4.tif,1663.0400265490182
107,3,0,2021,332183318448.6994,125.4848727349994,0,1,1,1,1,0,270.0,2,1,3,0,1,sentinel_2_romblon_2021-Q3.tif,viirs_romblon_2021-Q3.tif,208.83028879112968
58,2,1,2021,4247588558872.2593,123.5075473904579,0,3,1,1,1,1,320.0,3,1,3,1,3,sentinel_2_24000_mie_2021-Q2.tif,viirs_24000_mie_2021-Q2.tif,1897.2963736134
17,1,1,2024,3928801383782.808,142.3299725681459,0,3,1,1,1,1,625.0,3,1,3,1,3,sentinel_2_39000_kochi_2024-Q1.tif,viirs_39000_kochi_2024-Q1.tif,1695.9626521328294
55,1,1,2021,4247588558872.2593,120.6838014481023,0,3,0,1,1,1,450.0,3,1,3,1,3,sentinel_2_30000_wakayama_2021-Q1.tif,viirs_30000_wakayama_2021-Q1.tif,1706.994656956885
39,4,0,2021,332183318448.6994,127.389433729792,1,1,0,0,1,0,240.0,2,0,2,0,4,sentinel_2_ifugao_2021-Q4.tif,viirs_ifugao_2021-Q4.tif,106.23424222830208
105,1,0,2021,332183318448.6994,120.6838014481023,0,1,0,1,1,0,470.0,2,0,3,0,1,sentinel_2_guimaras_2021-Q1.tif,viirs_guimaras_2021-Q1.tif,179.26309710504154
112,3,0,2020,291244296180.30774,119.1285399053605,0,1,0,1,1,0,950.0,2,1,3,0,0,sentinel_2_davao_oriental_2020-Q3.tif,viirs_davao_oriental_2020-Q3.tif,175.00170592726542
8,4,1,2019,4070264756531.522,117.9406160358257,1,3,0,0,1,1,270.0,2,1,1,1,3,sentinel_2_21000_gifu_2019-Q4.tif,viirs_21000_gifu_2019-Q4.tif,1956.2359169606832
87,2,0,2019,299682074191.28937,117.3681318135368,0,1,1,1,1,0,460.0,2,1,3,0,1,sentinel_2_iloilo_2019-Q2.tif,viirs_iloilo_2019-Q2.tif,254.74739433299413
101,2,0,2021,332183318448.6994,123.5075473904579,1,1,0,0,1,0,195.0,2,0,2,0,1,sentinel_2_nueva_vizcaya_2021-Q2.tif,viirs_nueva_vizcaya_2021-Q2.tif,193.36616578825567
45,3,1,2023,3993446887350.673,140.714328844415,1,3,0,0,1,1,110.0,2,0,1,1,3,sentinel_2_19000_yamanashi_2023-Q3.tif,viirs_19000_yamanashi_2023-Q3.tif,1924.601501794888
65,2,0,2020,291244296180.30774,117.7956988014519,0,1,1,1,1,0,780.0,2,1,2,0,0,sentinel_2_misamis_occidental_2020-Q2.tif,viirs_misamis_occidental_2020-Q2.tif,176.6252795672407
70,1,1,2023,3993446887350.673,137.8618440412342,0,3,1,1,1,1,880.0,2,1,3,1,3,sentinel_2_40000_fukuoka_2023-Q1.tif,viirs_40000_fukuoka_2023-Q1.tif,1612.498769742195
65,4,0,2021,332183318448.6994,127.389433729792,0,1,1,1,1,0,780.0,2,1,1,0,0,sentinel_2_misamis_occidental_2021-Q4.tif,viirs_misamis_occidental_2021-Q4.tif,99.64332413728388
78,3,0,2019,299682074191.28937,117.6899153350103,0,1,0,1,1,0,85.0,3,1,3,0,1,sentinel_2_batangas_2019-Q3.tif,viirs_batangas_2019-Q3.tif,185.6470047127544
8,3,1,2019,4070264756531.522,117.6899153350103,1,3,0,0,1,1,270.0,2,1,1,1,3,sentinel_2_21000_gifu_2019-Q3.tif,viirs_21000_gifu_2019-Q3.tif,2341.81133718417
93,4,0,2020,291244296180.30774,119.4024762808857,0,1,1,1,1,0,480.0,2,1,2,0,1,sentinel_2_negros_occidental_2020-Q4.tif,viirs_negros_occidental_2020-Q4.tif,181.90050265832076
28,1,0,2021,332183318448.6994,120.6838014481023,1,1,1,0,1,0,285.0,2,1,3,0,1,sentinel_2_isabela_2021-Q1.tif,viirs_isabela_2021-Q1.tif,222.29563407034263
29,2,0,2021,332183318448.6994,123.5075473904579,0,1,0,1,1,0,790.0,2,1,2,0,0,sentinel_2_lanao_del_norte_2021-Q2.tif,viirs_lanao_del_norte_2021-Q2.tif,166.73121159283025
46,2,0,2021,332183318448.6994,123.5075473904579,1,1,0,0,1,0,280.0,3,0,2,0,4,sentinel_2_mountain_province_2021-Q2.tif,viirs_mountain_province_2021-Q2.tif,172.00322504567822
61,1,1,2024,3928801383782.808,142.3299725681459,0,3,1,1,1,1,680.0,2,1,2,1,3,sentinel_2_34000_hiroshima_2024-Q1.tif,viirs_34000_hiroshima_2024-Q1.tif,1607.7791498457066
68,4,1,2019,4070264756531.522,117.9406160358257,0,3,1,1,1,0,1550.0,2,1,3,0,3,sentinel_2_47000_okinawa_2019-Q4.tif,viirs_47000_okinawa_2019-Q4.tif,2144.440305190225
121,1,0,2021,332183318448.6994,120.6838014481023,0,1,1,1,1,0,790.0,2,1,2,0,1,sentinel_2_misamis_oriental_2021-Q1.tif,viirs_misamis_oriental_2021-Q1.tif,167.83012413902233
32,3,0,2021,332183318448.6994,125.4848727349994,0,1,1,1,1,0,400.0,2,1,3,0,1,sentinel_2_capiz_2021-Q3.tif,viirs_capiz_2021-Q3.tif,185.00953060941137
1,4,1,2020,4069008481605.98,119.4024762808857,1,3,0,0,1,1,370.0,2,1,1,1,3,sentinel_2_29000_nara_2020-Q4.tif,viirs_29000_nara_2020-Q4.tif,2073.215221878895
70,3,1,2022,3880440088794.578,135.9371046973515,0,3,1,1,1,1,880.0,2,1,2,1,3,sentinel_2_40000_fukuoka_2022-Q3.tif,viirs_40000_fukuoka_2022-Q3.tif,1463.7320630253628
31,2,1,2024,3928801383782.808,143.9682405014625,1,3,0,0,1,1,22.5,2,1,2,1,3,sentinel_2_11000_saitama_2024-Q2.tif,viirs_11000_saitama_2024-Q2.tif,1564.067462405411
8,1,1,2019,4070264756531.522,115.9781187205398,1,3,0,0,1,1,270.0,2,1,1,1,3,sentinel_2_21000_gifu_2019-Q1.tif,viirs_21000_gifu_2019-Q1.tif,1695.9327695887257
95,4,0,2021,332183318448.6994,127.389433729792,0,1,0,1,1,0,33.0,2,1,3,0,1,sentinel_2_cavite_2021-Q4.tif,viirs_cavite_2021-Q4.tif,207.9510763010701
31,1,1,2019,4070264756531.522,115.9781187205398,1,3,0,0,1,1,22.5,2,1,1,1,3,sentinel_2_11000_saitama_2019-Q1.tif,viirs_11000_saitama_2019-Q1.tif,1653.8919218530432
11,2,1,2020,4069008481605.98,117.7956988014519,0,3,1,1,1,1,870.0,2,1,3,1,3,sentinel_2_45000_miyazaki_2020-Q2.tif,viirs_45000_miyazaki_2020-Q2.tif,1658.7754122934427
71,2,0,2020,291244296180.30774,117.7956988014519,0,1,1,1,1,0,690.0,2,1,1,0,1,sentinel_2_zamboanga_del_norte_2020-Q2.tif,viirs_zamboanga_del_norte_2020-Q2.tif,203.90959772094487
22,1,1,2019,4070264756531.522,115.9781187205398,0,3,1,1,1,1,500.0,2,1,2,1,3,sentinel_2_31000_tottori_2019-Q1.tif,viirs_31000_tottori_2019-Q1.tif,2026.815658893143
42,2,0,2019,299682074191.28937,117.3681318135368,1,1,0,0,1,0,210.0,3,0,3,0,4,sentinel_2_benguet_2019-Q2.tif,viirs_benguet_2019-Q2.tif,237.7606405429994
68,4,1,2020,4069008481605.98,119.4024762808857,0,3,1,1,1,0,1550.0,2,1,3,0,3,sentinel_2_47000_okinawa_2020-Q4.tif,viirs_47000_okinawa_2020-Q4.tif,2800.657407616001
100,3,0,2021,332183318448.6994,125.4848727349994,0,1,1,1,1,0,790.0,2,1,1,0,0,sentinel_2_zamboanga_del_sur_2021-Q3.tif,viirs_zamboanga_del_sur_2021-Q3.tif,262.45747221948506
16,2,1,2020,4069008481605.98,117.7956988014519,0,3,1,1,1,1,260.0,2,1,2,0,3,sentinel_2_16000_toyama_2020-Q2.tif,viirs_16000_toyama_2020-Q2.tif,1957.9205176335709
59,4,1,2022,3880440088794.578,136.4362131047677,0,3,1,1,1,1,770.0,2,1,2,1,3,sentinel_2_44000_oita_2022-Q4.tif,viirs_44000_oita_2022-Q4.tif,1681.7215827166476
42,4,0,2020,291244296180.30774,119.4024762808857,1,1,0,0,1,0,210.0,3,0,3,0,4,sentinel_2_benguet_2020-Q4.tif,viirs_benguet_2020-Q4.tif,245.59259833233995
57,2,1,2022,3880440088794.578,134.1731806810651,1,3,0,0,1,1,370.0,2,1,2,1,3,sentinel_2_26000_kyoto_2022-Q2.tif,viirs_26000_kyoto_2022-Q2.tif,1967.5969170349997
35,2,1,2024,3928801383782.808,143.9682405014625,0,3,1,1,1,1,650.0,2,1,2,1,3,sentinel_2_32000_shimane_2024-Q2.tif,viirs_32000_shimane_2024-Q2.tif,3628.201593983225
81,2,1,2019,4070264756531.522,117.3681318135368,0,3,1,1,1,1,260.0,3,1,2,1,3,sentinel_2_23000_aichi_2019-Q2.tif,viirs_23000_aichi_2019-Q2.tif,1918.959421680823
84,4,0,2020,291244296180.30774,119.4024762808857,0,1,1,1,1,0,570.0,2,0,2,0,1,sentinel_2_siquijor_2020-Q4.tif,viirs_siquijor_2020-Q4.tif,237.58223757311765
14,4,1,2024,3928801383782.808,144.7279859179582,0,3,1,1,1,1,450.0,3,1,1,1,5,sentinel_2_03000_iwate_2024-Q4.tif,viirs_03000_iwate_2024-Q4.tif,1672.6332283714523
98,4,1,2023,3993446887350.673,140.8613862067226,0,3,1,1,1,1,670.0,2,1,2,1,3,sentinel_2_38000_ehime_2023-Q4.tif,viirs_38000_ehime_2023-Q4.tif,1362.8165685206627
31,4,1,2023,3993446887350.673,140.8613862067226,1,3,0,0,1,1,22.5,2,1,1,1,3,sentinel_2_11000_saitama_2023-Q4.tif,viirs_11000_saitama_2023-Q4.tif,1618.8858724260415
14,4,1,2019,4070264756531.522,117.9406160358257,0,3,1,1,1,1,450.0,3,1,1,1,5,sentinel_2_03000_iwate_2019-Q4.tif,viirs_03000_iwate_2019-Q4.tif,1762.368237249475
73,3,1,2020,4069008481605.98,119.1285399053605,1,3,0,0,1,1,100.0,2,1,2,1,3,sentinel_2_09000_tochigi_2020-Q3.tif,viirs_09000_tochigi_2020-Q3.tif,2183.945300562928
119,2,0,2019,299682074191.28937,117.3681318135368,0,1,0,1,1,0,55.0,2,1,3,0,1,sentinel_2_bataan_2019-Q2.tif,viirs_bataan_2019-Q2.tif,199.65342715224293
34,1,0,2020,291244296180.30774,118.4352913210933,0,1,1,1,1,0,800.0,2,1,2,0,0,sentinel_2_agusan_del_norte_2020-Q1.tif,viirs_agusan_del_norte_2020-Q1.tif,183.8432001425436
88,1,1,2024,3928801383782.808,142.3299725681459,0,3,1,1,1,1,30.0,3,1,2,1,3,sentinel_2_14000_kanagawa_2024-Q1.tif,viirs_14000_kanagawa_2024-Q1.tif,1929.1056715650789
41,4,0,2020,291244296180.30774,119.4024762808857,0,1,1,1,1,0,750.0,3,1,3,0,0,sentinel_2_surigao_del_norte_2020-Q4.tif,viirs_surigao_del_norte_2020-Q4.tif,174.46123140769708
57,3,1,2023,3993446887350.673,140.714328844415,1,3,0,0,1,1,370.0,2,0,2,1,3,sentinel_2_26000_kyoto_2023-Q3.tif,viirs_26000_kyoto_2023-Q3.tif,1904.4366125659667
82,3,0,2019,299682074191.28937,117.6899153350103,0,1,1,1,1,0,170.0,2,1,2,0,1,sentinel_2_marinduque_2019-Q3.tif,viirs_marinduque_2019-Q3.tif,165.79127866630432
7,4,1,2019,4070264756531.522,117.9406160358257,0,3,1,1,1,1,150.0,3,1,2,1,3,sentinel_2_22000_shizuoka_2019-Q4.tif,viirs_22000_shizuoka_2019-Q4.tif,2010.7028742381056
15,2,1,2021,4247588558872.2593,123.5075473904579,0,3,1,1,1,1,1200.0,2,1,3,1,3,sentinel_2_42000_nagasaki_2021-Q2.tif,viirs_42000_nagasaki_2021-Q2.tif,1977.580129862948
51,3,0,2019,299682074191.28937,117.6899153350103,0,1,1,1,1,0,350.0,2,1,3,0,1,sentinel_2_cagayan_2019-Q3.tif,viirs_cagayan_2019-Q3.tif,201.66200093713093
70,1,1,2019,4070264756531.522,115.9781187205398,0,3,1,1,1,1,880.0,2,1,2,1,3,sentinel_2_40000_fukuoka_2019-Q1.tif,viirs_40000_fukuoka_2019-Q1.tif,1811.457015933995
69,1,1,2020,4069008481605.98,118.4352913210933,0,3,1,1,1,1,900.0,2,1,2,1,3,sentinel_2_41000_saga_2020-Q1.tif,viirs_41000_saga_2020-Q1.tif,2223.629255345578
82,4,0,2019,299682074191.28937,117.9406160358257,0,1,1,1,1,0,170.0,2,1,2,0,1,sentinel_2_marinduque_2019-Q4.tif,viirs_marinduque_2019-Q4.tif,225.9127004552182
27,3,1,2023,3993446887350.673,140.714328844415,0,3,0,1,1,1,320.0,2,1,2,1,3,sentinel_2_18000_fukui_2023-Q3.tif,viirs_18000_fukui_2023-Q3.tif,1918.872076159183
60,3,1,2022,3880440088794.578,135.9371046973515,1,3,0,0,1,1,340.0,2,0,2,1,3,sentinel_2_25000_shiga_2022-Q3.tif,viirs_25000_shiga_2022-Q3.tif,1523.00289289647
115,2,1,2022,3880440088794.578,134.1731806810651,0,3,1,1,1,1,400.0,3,1,2,1,3,sentinel_2_27000_osaka_2022-Q2.tif,viirs_27000_osaka_2022-Q2.tif,1731.474980916165
59,1,1,2024,3928801383782.808,142.3299725681459,0,3,1,1,1,1,770.0,2,0,2,0,3,sentinel_2_44000_oita_2024-Q1.tif,viirs_44000_oita_2024-Q1.tif,1687.9191556967771
10,3,1,2022,3880440088794.578,135.9371046973515,0,3,1,1,1,1,900.0,3,1,2,1,3,sentinel_2_43000_kumamoto_2022-Q3.tif,viirs_43000_kumamoto_2022-Q3.tif,1402.0476722110948
63,3,0,2021,332183318448.6994,125.4848727349994,0,1,0,1,1,0,640.0,2,1,3,0,0,sentinel_2_southern_leyte_2021-Q3.tif,viirs_southern_leyte_2021-Q3.tif,216.9384719812884
71,1,0,2019,299682074191.28937,115.9781187205398,0,1,1,1,1,0,690.0,2,1,2,0,1,sentinel_2_zamboanga_del_norte_2019-Q1.tif,viirs_zamboanga_del_norte_2019-Q1.tif,162.77085488811306
109,2,0,2020,291244296180.30774,117.7956988014519,0,1,0,1,1,0,570.0,2,1,3,0,0,sentinel_2_biliran_2020-Q2.tif,viirs_biliran_2020-Q2.tif,183.62545663172716
78,1,0,2019,299682074191.28937,115.9781187205398,0,1,0,1,1,0,85.0,3,1,3,0,1,sentinel_2_batangas_2019-Q1.tif,viirs_batangas_2019-Q1.tif,198.47183032318208
6,3,1,2022,3880440088794.578,135.9371046973515,0,3,1,1,1,1,270.0,2,1,1,1,3,sentinel_2_17000_ishikawa_2022-Q3.tif,viirs_17000_ishikawa_2022-Q3.tif,1441.1101422733416
11,3,1,2024,3928801383782.808,144.403145070865,0,3,1,1,1,1,870.0,2,1,3,1,3,sentinel_2_45000_miyazaki_2024-Q3.tif,viirs_45000_miyazaki_2024-Q3.tif,1811.997245302655
77,3,1,2020,4069008481605.98,119.1285399053605,1,3,1,0,1,1,180.0,2,1,1,0,5,sentinel_2_20000_nagano_2020-Q3.tif,viirs_20000_nagano_2020-Q3.tif,2419.900569479545
45,1,1,2020,4069008481605.98,118.4352913210933,1,3,0,0,1,1,110.0,2,0,1,0,3,sentinel_2_19000_yamanashi_2020-Q1.tif,viirs_19000_yamanashi_2020-Q1.tif,2257.7087441187537
73,1,1,2019,4070264756531.522,115.9781187205398,1,3,0,0,1,1,100.0,2,1,1,1,3,sentinel_2_09000_tochigi_2019-Q1.tif,viirs_09000_tochigi_2019-Q1.tif,1523.7848109381555
19,3,0,2020,291244296180.30774,119.1285399053605,0,1,1,1,1,0,970.0,3,1,2,0,0,sentinel_2_davao_del_sur_2020-Q3.tif,viirs_davao_del_sur_2020-Q3.tif,523.2387063997826
82,1,0,2021,332183318448.6994,120.6838014481023,0,1,1,1,1,0,170.0,2,0,3,0,1,sentinel_2_marinduque_2021-Q1.tif,viirs_marinduque_2021-Q1.tif,327.64209363436544
40,1,1,2020,4069008481605.98,118.4352913210933,0,3,1,1,1,1,0.0,3,1,2,1,3,sentinel_2_13000_tokyo_2020-Q1.tif,viirs_13000_tokyo_2020-Q1.tif,2847.167816325447
90,1,0,2020,291244296180.30774,118.4352913210933,1,1,0,0,1,0,820.0,2,0,2,0,1,sentinel_2_bukidnon_2020-Q1.tif,viirs_bukidnon_2020-Q1.tif,132.91909800413598
49,4,0,2020,291244296180.30774,119.4024762808857,0,1,1,1,1,0,580.0,1,0,2,0,1,sentinel_2_palawan_2020-Q4.tif,viirs_palawan_2020-Q4.tif,259.570037425544
104,1,0,2019,299682074191.28937,115.9781187205398,0,1,1,1,1,0,260.0,2,1,3,0,1,sentinel_2_la_union_2019-Q1.tif,viirs_la_union_2019-Q1.tif,162.14111201822217
44,3,1,2024,3928801383782.808,144.403145070865,0,3,1,1,1,1,430.0,3,1,2,1,3,sentinel_2_28000_hyogo_2024-Q3.tif,viirs_28000_hyogo_2024-Q3.tif,1754.390633208756
69,2,1,2022,3880440088794.578,134.1731806810651,0,3,1,1,1,1,900.0,2,1,2,1,3,sentinel_2_41000_saga_2022-Q2.tif,viirs_41000_saga_2022-Q2.tif,2050.463184496027
54,2,1,2024,3928801383782.808,143.9682405014625,1,3,1,0,1,1,300.0,2,1,1,1,5,sentinel_2_06000_yamagata_2024-Q2.tif,viirs_06000_yamagata_2024-Q2.tif,1549.6839594369046
89,3,0,2019,299682074191.28937,117.6899153350103,0,1,1,1,1,0,970.0,2,1,3,0,0,sentinel_2_davao_del_norte_2019-Q3.tif,viirs_davao_del_norte_2019-Q3.tif,263.4366925772134
106,3,1,2019,4070264756531.522,117.6899153350103,0,3,1,1,1,1,830.0,3,1,1,0,6,sentinel_2_01000_hokkaido_2019-Q3.tif,viirs_01000_hokkaido_2019-Q3.tif,1926.6113232182192
38,1,1,2022,3880440088794.578,130.2983261906564,0,3,1,1,1,1,540.0,2,1,1,0,3,sentinel_2_33000_okayama_2022-Q1.tif,viirs_33000_okayama_2022-Q1.tif,1684.0026779636664
92,4,0,2020,291244296180.30774,119.4024762808857,0,1,0,0,1,1,57.5,2,1,2,0,1,sentinel_2_laguna_2020-Q4.tif,viirs_laguna_2020-Q4.tif,258.1618364063185
122,1,0,2019,299682074191.28937,115.9781187205398,0,1,0,1,1,0,390.0,2,1,3,0,0,sentinel_2_sorsogon_2019-Q1.tif,viirs_sorsogon_2019-Q1.tif,180.87494621003583
85,4,0,2021,332183318448.6994,127.389433729792,0,1,1,1,1,1,260.0,2,1,3,0,1,sentinel_2_camarines_sur_2021-Q4.tif,viirs_camarines_sur_2021-Q4.tif,219.63463114963605
53,4,1,2019,4070264756531.522,117.9406160358257,0,3,1,1,1,1,250.0,2,1,2,1,3,sentinel_2_15000_niigata_2019-Q4.tif,viirs_15000_niigata_2019-Q4.tif,1699.3587289822233
99,4,0,2019,299682074191.28937,117.9406160358257,0,1,1,1,1,0,570.0,3,1,4,0,0,sentinel_2_eastern_samar_2019-Q4.tif,viirs_eastern_samar_2019-Q4.tif,210.02220913376053
27,1,1,2019,4070264756531.522,115.9781187205398,0,3,0,1,1,1,320.0,2,1,1,1,3,sentinel_2_18000_fukui_2019-Q1.tif,viirs_18000_fukui_2019-Q1.tif,1887.518395833231
118,1,0,2020,291244296180.30774,118.4352913210933,1,1,0,0,1,0,18.0,3,1,3,0,1,sentinel_2_rizal_2020-Q1.tif,viirs_rizal_2020-Q1.tif,167.94627383603537
56,2,1,2019,4070264756531.522,117.3681318135368,0,3,1,1,1,1,37.5,3,1,3,1,3,sentinel_2_12000_chiba_2019-Q2.tif,viirs_12000_chiba_2019-Q2.tif,1820.2516902254688
16,1,1,2023,3993446887350.673,137.8618440412342,0,3,1,1,1,1,260.0,2,1,1,1,3,sentinel_2_16000_toyama_2023-Q1.tif,viirs_16000_toyama_2023-Q1.tif,1339.508870726111
116,2,0,2020,291244296180.30774,117.7956988014519,1,0,0,0,1,0,400.0,2,1,2,0,1,sentinel_2_apayao_2020-Q2.tif,viirs_apayao_2020-Q2.tif,146.0655852156005
69,3,1,2019,4070264756531.522,117.6899153350103,0,3,1,1,1,1,900.0,2,1,2,1,3,sentinel_2_41000_saga_2019-Q3.tif,viirs_41000_saga_2019-Q3.tif,1524.5381964961457
45,4,1,2020,4069008481605.98,119.4024762808857,1,3,0,0,1,1,110.0,2,0,1,0,3,sentinel_2_19000_yamanashi_2020-Q4.tif,viirs_19000_yamanashi_2020-Q4.tif,2004.3585570089567
56,4,1,2020,4069008481605.98,119.4024762808857,0,3,1,1,1,1,37.5,3,1,3,1,3,sentinel_2_12000_chiba_2020-Q4.tif,viirs_12000_chiba_2020-Q4.tif,2198.112740862093
102,1,1,2023,3993446887350.673,137.8618440412342,0,3,1,1,1,1,100.0,3,1,3,1,3,sentinel_2_08000_ibaraki_2023-Q1.tif,viirs_08000_ibaraki_2023-Q1.tif,1406.3992853374991
114,1,0,2019,299682074191.28937,115.9781187205398,0,1,1,1,1,0,570.0,2,1,2,0,1,sentinel_2_cebu_2019-Q1.tif,viirs_cebu_2019-Q1.tif,228.76249175384
31,1,1,2020,4069008481605.98,118.4352913210933,1,3,0,0,1,1,22.5,2,1,2,1,3,sentinel_2_11000_saitama_2020-Q1.tif,viirs_11000_saitama_2020-Q1.tif,1927.5929675655284
58,3,1,2023,3993446887350.673,140.714328844415,0,3,1,1,1,1,320.0,3,1,3,1,3,sentinel_2_24000_mie_2023-Q3.tif,viirs_24000_mie_2023-Q3.tif,1612.67732714888
69,1,1,2021,4247588558872.2593,120.6838014481023,0,3,1,1,1,1,900.0,2,1,2,1,3,sentinel_2_41000_saga_2021-Q1.tif,viirs_41000_saga_2021-Q1.tif,2044.07486966033
112,4,0,2021,332183318448.6994,127.389433729792,0,1,0,1,1,0,950.0,2,1,3,0,0,sentinel_2_davao_oriental_2021-Q4.tif,viirs_davao_oriental_2021-Q4.tif,197.53785989315813
45,2,1,2022,3880440088794.578,134.1731806810651,1,3,0,0,1,1,110.0,2,0,1,1,3,sentinel_2_19000_yamanashi_2022-Q2.tif,viirs_19000_yamanashi_2022-Q2.tif,1727.9494383831066
24,2,0,2021,332183318448.6994,123.5075473904579,0,1,1,1,1,0,470.0,2,1,3,0,0,sentinel_2_northern_samar_2021-Q2.tif,viirs_northern_samar_2021-Q2.tif,225.09037295536348
42,1,0,2020,291244296180.30774,118.4352913210933,1,1,0,0,1,0,210.0,3,0,3,0,4,sentinel_2_benguet_2020-Q1.tif,viirs_benguet_2020-Q1.tif,270.234846507548
70,2,1,2022,3880440088794.578,134.1731806810651,0,3,1,1,1,1,880.0,2,1,2,1,3,sentinel_2_40000_fukuoka_2022-Q2.tif,viirs_40000_fukuoka_2022-Q2.tif,1618.7070646712918
81,3,1,2019,4070264756531.522,117.6899153350103,0,3,1,1,1,1,260.0,3,1,2,1,3,sentinel_2_23000_aichi_2019-Q3.tif,viirs_23000_aichi_2019-Q3.tif,1825.2109074628167
70,1,1,2022,3880440088794.578,130.2983261906564,0,3,1,1,1,1,880.0,2,1,2,1,3,sentinel_2_40000_fukuoka_2022-Q1.tif,viirs_40000_fukuoka_2022-Q1.tif,1680.3601296268546
57,3,1,2022,3880440088794.578,135.9371046973515,1,3,0,0,1,1,370.0,2,1,2,1,3,sentinel_2_26000_kyoto_2022-Q3.tif,viirs_26000_kyoto_2022-Q3.tif,1930.1841795797825
67,4,0,2020,291244296180.30774,119.4024762808857,0,1,0,1,1,0,145.0,3,1,3,0,0,sentinel_2_aurora_2020-Q4.tif,viirs_aurora_2020-Q4.tif,301.3876043704028
27,4,1,2020,4069008481605.98,119.4024762808857,0,3,0,1,1,1,320.0,2,1,1,1,3,sentinel_2_18000_fukui_2020-Q4.tif,viirs_18000_fukui_2020-Q4.tif,2215.3038293674567
56,2,1,2021,4247588558872.2593,123.5075473904579,0,3,1,1,1,1,37.5,3,1,3,1,3,sentinel_2_12000_chiba_2021-Q2.tif,viirs_12000_chiba_2021-Q2.tif,1820.4800517491096
35,4,1,2022,3880440088794.578,136.4362131047677,0,3,1,1,1,1,650.0,2,1,2,1,3,sentinel_2_32000_shimane_2022-Q4.tif,viirs_32000_shimane_2022-Q4.tif,1645.577918016277
31,3,1,2021,4247588558872.2593,125.4848727349994,1,3,0,0,1,1,22.5,2,1,1,1,3,sentinel_2_11000_saitama_2021-Q3.tif,viirs_11000_saitama_2021-Q3.tif,1804.4382758400625
27,2,1,2020,4069008481605.98,117.7956988014519,0,3,0,1,1,1,320.0,2,1,1,1,3,sentinel_2_18000_fukui_2020-Q2.tif,viirs_18000_fukui_2020-Q2.tif,1786.2850225781672
113,3,0,2019,299682074191.28937,117.6899153350103,0,1,0,1,1,0,820.0,2,1,2,0,0,sentinel_2_zamboanga_sibugay_2019-Q3.tif,viirs_zamboanga_sibugay_2019-Q3.tif,158.8427270831735
40,3,1,2024,3928801383782.808,144.403145070865,0,3,1,1,1,1,0.0,3,1,2,1,3,sentinel_2_13000_tokyo_2024-Q3.tif,viirs_13000_tokyo_2024-Q3.tif,2692.795334319999
60,1,1,2024,3928801383782.808,142.3299725681459,1,3,0,0,1,1,340.0,2,1,2,1,3,sentinel_2_25000_shiga_2024-Q1.tif,viirs_25000_shiga_2024-Q1.tif,2280.482138425658
60,4,1,2020,4069008481605.98,119.4024762808857,1,3,0,0,1,1,340.0,2,1,1,1,3,sentinel_2_25000_shiga_2020-Q4.tif,viirs_25000_shiga_2020-Q4.tif,2138.145391212857
27,2,1,2023,3993446887350.673,139.5056151606663,0,3,0,1,1,1,320.0,2,1,2,1,3,sentinel_2_18000_fukui_2023-Q2.tif,viirs_18000_fukui_2023-Q2.tif,1643.871980898154
122,2,0,2020,291244296180.30774,117.7956988014519,0,1,0,1,1,0,390.0,2,1,3,0,0,sentinel_2_sorsogon_2020-Q2.tif,viirs_sorsogon_2020-Q2.tif,256.3073247340034
58,4,1,2019,4070264756531.522,117.9406160358257,0,3,0,1,1,1,320.0,3,1,3,1,3,sentinel_2_24000_mie_2019-Q4.tif,viirs_24000_mie_2019-Q4.tif,1866.541399479532
38,2,1,2022,3880440088794.578,134.1731806810651,0,3,1,1,1,1,540.0,2,1,1,0,3,sentinel_2_33000_okayama_2022-Q2.tif,viirs_33000_okayama_2022-Q2.tif,1476.5366973769476
9,1,0,2021,332183318448.6994,120.6838014481023,0,1,1,1,1,0,370.0,2,1,4,0,0,sentinel_2_catanduanes_2021-Q1.tif,viirs_catanduanes_2021-Q1.tif,245.4696037007681
35,1,1,2022,3880440088794.578,130.2983261906564,0,3,1,1,1,1,650.0,2,1,2,1,3,sentinel_2_32000_shimane_2022-Q1.tif,viirs_32000_shimane_2022-Q1.tif,1985.3146178404468
59,2,1,2024,3928801383782.808,143.9682405014625,0,3,1,1,1,1,770.0,2,0,2,0,3,sentinel_2_44000_oita_2024-Q2.tif,viirs_44000_oita_2024-Q2.tif,1673.5785263625369
58,1,1,2024,3928801383782.808,142.3299725681459,0,3,0,1,1,1,320.0,3,1,3,1,3,sentinel_2_24000_mie_2024-Q1.tif,viirs_24000_mie_2024-Q1.tif,1581.196790147702
7,3,1,2024,3928801383782.808,144.403145070865,0,3,1,1,1,1,150.0,3,1,3,1,3,sentinel_2_22000_shizuoka_2024-Q3.tif,viirs_22000_shizuoka_2024-Q3.tif,1847.8121499034496
105,4,0,2021,332183318448.6994,127.389433729792,0,1,0,1,1,0,470.0,2,0,3,0,1,sentinel_2_guimaras_2021-Q4.tif,viirs_guimaras_2021-Q4.tif,213.8558104229018
5,1,0,2021,332183318448.6994,120.6838014481023,0,1,1,1,1,0,410.0,2,1,2,0,1,sentinel_2_antique_2021-Q1.tif,viirs_antique_2021-Q1.tif,229.75778923438776
102,3,1,2022,3880440088794.578,135.9371046973515,0,3,1,1,1,1,100.0,3,1,2,1,3,sentinel_2_08000_ibaraki_2022-Q3.tif,viirs_08000_ibaraki_2022-Q3.tif,1434.7083528040112
102,3,1,2019,4070264756531.522,117.6899153350103,0,3,1,1,1,1,100.0,3,1,3,1,3,sentinel_2_08000_ibaraki_2019-Q3.tif,viirs_08000_ibaraki_2019-Q3.tif,1665.570374708905
71,4,0,2019,299682074191.28937,117.9406160358257,0,1,1,1,1,0,690.0,2,1,2,0,1,sentinel_2_zamboanga_del_norte_2019-Q4.tif,viirs_zamboanga_del_norte_2019-Q4.tif,137.22908342671585
66,4,1,2019,4070264756531.522,117.9406160358257,0,3,1,1,1,1,800.0,2,1,2,1,3,sentinel_2_35000_yamaguchi_2019-Q4.tif,viirs_35000_yamaguchi_2019-Q4.tif,1903.878088513839
122,4,0,2020,291244296180.30774,119.4024762808857,0,1,0,1,1,0,390.0,2,1,3,0,0,sentinel_2_sorsogon_2020-Q4.tif,viirs_sorsogon_2020-Q4.tif,270.196118309937
121,4,0,2021,332183318448.6994,127.389433729792,0,1,1,1,1,0,790.0,2,1,2,0,1,sentinel_2_misamis_oriental_2021-Q4.tif,viirs_misamis_oriental_2021-Q4.tif,224.77055560087337
79,3,0,2019,299682074191.28937,117.6899153350103,0,1,1,1,1,0,630.0,2,1,2,0,1,sentinel_2_bohol_2019-Q3.tif,viirs_bohol_2019-Q3.tif,186.69157249389627
17,2,1,2022,3880440088794.578,134.1731806810651,0,3,1,1,1,1,625.0,3,1,3,1,3,sentinel_2_39000_kochi_2022-Q2.tif,viirs_39000_kochi_2022-Q2.tif,1484.2942408396948
56,1,1,2021,4247588558872.2593,120.6838014481023,0,3,1,1,1,1,37.5,3,1,3,1,3,sentinel_2_12000_chiba_2021-Q1.tif,viirs_12000_chiba_2021-Q1.tif,1975.098590938227
103,2,0,2021,332183318448.6994,123.5075473904579,0,1,1,1,1,0,950.0,2,1,1,0,0,sentinel_2_sultan_kudarat_2021-Q2.tif,viirs_sultan_kudarat_2021-Q2.tif,187.27508641471707
36,4,0,2019,299682074191.28937,117.9406160358257,1,1,1,0,1,0,1000.0,2,1,1,0,1,sentinel_2_south_cotabato_2019-Q4.tif,viirs_south_cotabato_2019-Q4.tif,231.0906544949624
70,4,1,2019,4070264756531.522,117.9406160358257,0,3,1,1,1,1,880.0,2,1,2,1,3,sentinel_2_40000_fukuoka_2019-Q4.tif,viirs_40000_fukuoka_2019-Q4.tif,1889.368557711168
16,4,1,2021,4247588558872.2593,127.389433729792,0,3,1,1,1,1,260.0,2,1,2,1,3,sentinel_2_16000_toyama_2021-Q4.tif,viirs_16000_toyama_2021-Q4.tif,1575.0172643293322
26,3,1,2020,4069008481605.98,119.1285399053605,1,3,0,0,1,1,100.0,3,0,2,1,3,sentinel_2_10000_gunma_2020-Q3.tif,viirs_10000_gunma_2020-Q3.tif,1862.1685271999493
84,1,0,2020,291244296180.30774,118.4352913210933,0,1,1,1,1,0,570.0,2,0,2,0,1,sentinel_2_siquijor_2020-Q1.tif,viirs_siquijor_2020-Q1.tif,221.05170931588023
60,2,1,2021,4247588558872.2593,123.5075473904579,1,3,0,0,1,1,340.0,2,1,2,1,3,sentinel_2_25000_shiga_2021-Q2.tif,viirs_25000_shiga_2021-Q2.tif,1735.7818346726388
61,4,1,2022,3880440088794.578,136.4362131047677,0,3,1,1,1,1,680.0,2,0,2,1,3,sentinel_2_34000_hiroshima_2022-Q4.tif,viirs_34000_hiroshima_2022-Q4.tif,1548.4506060276178
7,3,1,2022,3880440088794.578,135.9371046973515,0,3,1,1,1,1,150.0,3,1,2,1,3,sentinel_2_22000_shizuoka_2022-Q3.tif,viirs_22000_shizuoka_2022-Q3.tif,1397.4026448291752
88,3,1,2024,3928801383782.808,144.403145070865,0,3,1,1,1,1,30.0,3,1,2,1,3,sentinel_2_14000_kanagawa_2024-Q3.tif,viirs_14000_kanagawa_2024-Q3.tif,2228.286244681789
119,1,0,2021,332183318448.6994,120.6838014481023,0,1,0,1,1,0,55.0,2,1,3,0,1,sentinel_2_bataan_2021-Q1.tif,viirs_bataan_2021-Q1.tif,429.3510030418964
25,1,0,2019,299682074191.28937,115.9781187205398,1,1,0,0,1,0,265.0,2,0,2,0,1,sentinel_2_quirino_2019-Q1.tif,viirs_quirino_2019-Q1.tif,323.244824538515
51,3,0,2021,332183318448.6994,125.4848727349994,0,1,1,1,1,0,350.0,2,1,3,0,1,sentinel_2_cagayan_2021-Q3.tif,viirs_cagayan_2021-Q3.tif,173.31387386823496
65,1,0,2020,291244296180.30774,118.4352913210933,0,1,1,1,1,0,780.0,2,1,2,0,0,sentinel_2_misamis_occidental_2020-Q1.tif,viirs_misamis_occidental_2020-Q1.tif,178.33900115642456
106,4,1,2022,3880440088794.578,136.4362131047677,0,3,1,1,1,1,830.0,3,1,1,0,6,sentinel_2_01000_hokkaido_2022-Q4.tif,viirs_01000_hokkaido_2022-Q4.tif,1550.3106318736277
55,2,1,2021,4247588558872.2593,123.5075473904579,0,3,0,1,1,1,450.0,3,1,3,1,3,sentinel_2_30000_wakayama_2021-Q2.tif,viirs_30000_wakayama_2021-Q2.tif,1841.075998783925
72,3,1,2021,4247588558872.2593,125.4848727349994,0,3,1,1,1,1,540.0,2,0,2,1,3,sentinel_2_37000_kagawa_2021-Q3.tif,viirs_37000_kagawa_2021-Q3.tif,1884.6945917427377
80,2,0,2020,291244296180.30774,117.7956988014519,1,1,0,0,1,0,340.0,2,1,2,0,1,sentinel_2_kalinga_2020-Q2.tif,viirs_kalinga_2020-Q2.tif,179.16250532251857
36,3,0,2020,291244296180.30774,119.1285399053605,1,1,1,0,1,0,1000.0,2,1,1,1,1,sentinel_2_south_cotabato_2020-Q3.tif,viirs_south_cotabato_2020-Q3.tif,195.53889040846536
19,4,0,2019,299682074191.28937,117.9406160358257,0,1,1,1,1,0,970.0,3,1,1,0,0,sentinel_2_davao_del_sur_2019-Q4.tif,viirs_davao_del_sur_2019-Q4.tif,303.2940386950313
70,1,1,2020,4069008481605.98,118.4352913210933,0,3,1,1,1,1,880.0,2,1,2,1,3,sentinel_2_40000_fukuoka_2020-Q1.tif,viirs_40000_fukuoka_2020-Q1.tif,1823.2130614157293
77,2,1,2021,4247588558872.2593,123.5075473904579,1,3,1,0,1,1,180.0,2,0,1,0,5,sentinel_2_20000_nagano_2021-Q2.tif,viirs_20000_nagano_2021-Q2.tif,1929.06608711857
75,4,0,2020,291244296180.30774,119.4024762808857,0,1,1,1,1,0,850.0,3,1,3,0,0,sentinel_2_surigao_del_sur_2020-Q4.tif,viirs_surigao_del_sur_2020-Q4.tif,118.87302119518286
73,4,1,2020,4069008481605.98,119.4024762808857,1,3,0,0,1,1,100.0,2,1,2,1,3,sentinel_2_09000_tochigi_2020-Q4.tif,viirs_09000_tochigi_2020-Q4.tif,2296.263728267701
119,2,0,2021,332183318448.6994,123.5075473904579,0,1,0,1,1,0,55.0,2,1,3,0,1,sentinel_2_bataan_2021-Q2.tif,viirs_bataan_2021-Q2.tif,227.334844495062
20,2,0,2019,299682074191.28937,117.3681318135368,1,1,0,0,1,1,30.0,2,1,3,0,1,sentinel_2_bulacan_2019-Q2.tif,viirs_bulacan_2019-Q2.tif,144.36940952893303
52,3,0,2021,332183318448.6994,125.4848727349994,1,1,0,0,1,0,800.0,2,1,2,0,0,sentinel_2_agusan_del_sur_2021-Q3.tif,viirs_agusan_del_sur_2021-Q3.tif,287.0667342140913
51,2,0,2021,332183318448.6994,123.5075473904579,0,1,1,1,1,0,350.0,2,1,3,0,1,sentinel_2_cagayan_2021-Q2.tif,viirs_cagayan_2021-Q2.tif,180.61206337048893
72,2,1,2023,3993446887350.673,139.5056151606663,0,3,1,1,1,1,540.0,2,0,2,1,3,sentinel_2_37000_kagawa_2023-Q2.tif,viirs_37000_kagawa_2023-Q2.tif,2019.69295313534
35,4,1,2021,4247588558872.2593,127.389433729792,0,3,1,1,1,1,650.0,2,1,2,0,3,sentinel_2_32000_shimane_2021-Q4.tif,viirs_32000_shimane_2021-Q4.tif,1665.857884293459
64,4,0,2020,291244296180.30774,119.4024762808857,0,1,0,1,1,0,1050.0,2,1,2,0,0,sentinel_2_davao_occidental_2020-Q4.tif,viirs_davao_occidental_2020-Q4.tif,619.088659172666
112,1,0,2021,332183318448.6994,120.6838014481023,0,1,0,1,1,0,950.0,2,1,3,0,0,sentinel_2_davao_oriental_2021-Q1.tif,viirs_davao_oriental_2021-Q1.tif,197.49480952522245
108,2,0,2020,291244296180.30774,117.7956988014519,0,1,1,1,1,0,170.0,2,1,3,0,1,sentinel_2_pangasinan_2020-Q2.tif,viirs_pangasinan_2020-Q2.tif,261.4513675102635
71,3,0,2021,332183318448.6994,125.4848727349994,0,1,1,1,1,0,690.0,2,1,2,0,1,sentinel_2_zamboanga_del_norte_2021-Q3.tif,viirs_zamboanga_del_norte_2021-Q3.tif,122.76470657288328
103,1,0,2019,299682074191.28937,115.9781187205398,0,1,1,1,1,0,950.0,2,1,1,0,0,sentinel_2_sultan_kudarat_2019-Q1.tif,viirs_sultan_kudarat_2019-Q1.tif,219.4308164275953
37,4,1,2023,3993446887350.673,140.8613862067226,0,3,1,1,1,1,575.0,2,0,1,1,5,sentinel_2_02000_aomori_2023-Q4.tif,viirs_02000_aomori_2023-Q4.tif,1845.6216790323208
56,3,1,2021,4247588558872.2593,125.4848727349994,0,3,1,1,1,1,37.5,3,1,3,1,3,sentinel_2_12000_chiba_2021-Q3.tif,viirs_12000_chiba_2021-Q3.tif,1877.921045155936
68,1,1,2024,3928801383782.808,142.3299725681459,0,3,1,1,1,0,1550.0,2,1,3,1,3,sentinel_2_47000_okinawa_2024-Q1.tif,viirs_47000_okinawa_2024-Q1.tif,1921.814160706133
2,2,1,2020,4069008481605.98,117.7956988014519,0,3,1,1,1,1,450.0,2,1,1,0,5,sentinel_2_05000_akita_2020-Q2.tif,viirs_05000_akita_2020-Q2.tif,1563.2593049476393
98,2,1,2023,3993446887350.673,139.5056151606663,0,3,1,1,1,1,670.0,2,1,2,1,3,sentinel_2_38000_ehime_2023-Q2.tif,viirs_38000_ehime_2023-Q2.tif,1567.3521970976485
35,2,1,2022,3880440088794.578,134.1731806810651,0,3,1,1,1,1,650.0,2,1,2,1,3,sentinel_2_32000_shimane_2022-Q2.tif,viirs_32000_shimane_2022-Q2.tif,1580.045362211927
15,1,1,2023,3993446887350.673,137.8618440412342,0,3,1,1,1,1,1200.0,2,1,3,1,3,sentinel_2_42000_nagasaki_2023-Q1.tif,viirs_42000_nagasaki_2023-Q1.tif,1644.001319881277
2,4,1,2021,4247588558872.2593,127.389433729792,0,3,1,1,1,1,450.0,2,1,1,0,5,sentinel_2_05000_akita_2021-Q4.tif,viirs_05000_akita_2021-Q4.tif,1588.0446331630558
55,4,1,2023,3993446887350.673,140.8613862067226,0,3,1,1,1,1,450.0,3,1,3,1,3,sentinel_2_30000_wakayama_2023-Q4.tif,viirs_30000_wakayama_2023-Q4.tif,1447.7852897274934
8,2,1,2023,3993446887350.673,139.5056151606663,1,3,0,0,1,1,270.0,2,1,2,1,3,sentinel_2_21000_gifu_2023-Q2.tif,viirs_21000_gifu_2023-Q2.tif,1535.574823242409
71,1,0,2020,291244296180.30774,118.4352913210933,0,1,1,1,1,0,690.0,2,1,1,0,1,sentinel_2_zamboanga_del_norte_2020-Q1.tif,viirs_zamboanga_del_norte_2020-Q1.tif,125.6280963950767
10,2,1,2019,4070264756531.522,117.3681318135368,0,3,1,1,1,1,900.0,3,1,2,0,3,sentinel_2_43000_kumamoto_2019-Q2.tif,viirs_43000_kumamoto_2019-Q2.tif,1872.0457024676448
38,2,1,2023,3993446887350.673,139.5056151606663,0,3,1,1,1,1,540.0,2,1,1,1,3,sentinel_2_33000_okayama_2023-Q2.tif,viirs_33000_okayama_2023-Q2.tif,1831.5930620746008
75,4,0,2021,332183318448.6994,127.389433729792,0,1,1,1,1,0,850.0,3,1,3,0,0,sentinel_2_surigao_del_sur_2021-Q4.tif,viirs_surigao_del_sur_2021-Q4.tif,149.7232191797518
33,3,0,2020,291244296180.30774,119.1285399053605,1,1,0,0,1,0,330.0,3,1,2,0,1,sentinel_2_abra_2020-Q3.tif,viirs_abra_2020-Q3.tif,176.93558528732072
91,1,0,2020,291244296180.30774,118.4352913210933,0,2,1,1,1,1,0.0,3,1,3,0,1,sentinel_2_national_capital_region_2020-Q1.tif,viirs_national_capital_region_2020-Q1.tif,244.6326817323947
4,1,0,2019,299682074191.28937,115.9781187205398,1,1,1,0,1,1,65.0,2,1,2,0,1,sentinel_2_pampanga_2019-Q1.tif,viirs_pampanga_2019-Q1.tif,204.0414887135611
57,4,1,2023,3993446887350.673,140.8613862067226,1,3,0,0,1,1,370.0,2,0,2,1,3,sentinel_2_26000_kyoto_2023-Q4.tif,viirs_26000_kyoto_2023-Q4.tif,2010.6994133751864
110,1,1,2019,4070264756531.522,115.9781187205398,0,3,1,1,1,1,300.0,3,1,2,1,3,sentinel_2_04000_miyagi_2019-Q1.tif,viirs_04000_miyagi_2019-Q1.tif,1653.7514701204425
38,3,1,2022,3880440088794.578,135.9371046973515,0,3,1,1,1,1,540.0,2,1,1,0,3,sentinel_2_33000_okayama_2022-Q3.tif,viirs_33000_okayama_2022-Q3.tif,1503.6031643912854
123,2,0,2020,291244296180.30774,117.7956988014519,0,1,1,1,1,0,660.0,3,0,3,0,3,sentinel_2_batanes_2020-Q2.tif,viirs_batanes_2020-Q2.tif,356.6732267806579
124,1,0,2020,291244296180.30774,118.4352913210933,1,0,0,0,1,0,820.0,2,0,2,0,0,sentinel_2_lanao_del_sur_2020-Q1.tif,viirs_lanao_del_sur_2020-Q1.tif,178.86056687575655
124,4,0,2021,332183318448.6994,127.389433729792,1,0,0,0,1,0,820.0,2,1,1,0,0,sentinel_2_lanao_del_sur_2021-Q4.tif,viirs_lanao_del_sur_2021-Q4.tif,167.13905330211827
8,2,1,2019,4070264756531.522,117.3681318135368,1,3,0,0,1,1,270.0,2,1,1,1,3,sentinel_2_21000_gifu_2019-Q2.tif,viirs_21000_gifu_2019-Q2.tif,1650.0139784315486
12,3,1,2022,3880440088794.578,135.9371046973515,0,3,1,1,1,1,970.0,3,1,3,1,3,sentinel_2_46000_kagoshima_2022-Q3.tif,viirs_46000_kagoshima_2022-Q3.tif,1373.4090993735244
7,3,1,2019,4070264756531.522,117.6899153350103,0,3,1,1,1,1,150.0,3,1,2,1,3,sentinel_2_22000_shizuoka_2019-Q3.tif,viirs_22000_shizuoka_2019-Q3.tif,1855.871898521591
99,4,0,2020,291244296180.30774,119.4024762808857,0,1,1,1,1,0,570.0,3,1,4,0,0,sentinel_2_eastern_samar_2020-Q4.tif,viirs_eastern_samar_2020-Q4.tif,250.6208623866516
117,4,0,2021,332183318448.6994,127.389433729792,0,1,1,1,1,0,370.0,3,1,3,0,1,sentinel_2_masbate_2021-Q4.tif,viirs_masbate_2021-Q4.tif,274.1574721501474
100,2,0,2019,299682074191.28937,117.3681318135368,0,1,1,1,1,0,790.0,2,1,1,0,0,sentinel_2_zamboanga_del_sur_2019-Q2.tif,viirs_zamboanga_del_sur_2019-Q2.tif,144.0228695384859
71,2,0,2019,299682074191.28937,117.3681318135368,0,1,1,1,1,0,690.0,2,1,2,0,1,sentinel_2_zamboanga_del_norte_2019-Q2.tif,viirs_zamboanga_del_norte_2019-Q2.tif,163.22617256042264
15,2,1,2024,3928801383782.808,143.9682405014625,0,3,1,1,1,1,1200.0,2,1,2,1,3,sentinel_2_42000_nagasaki_2024-Q2.tif,viirs_42000_nagasaki_2024-Q2.tif,1607.2988924878298
15,4,1,2022,3880440088794.578,136.4362131047677,0,3,1,1,1,1,1200.0,2,1,2,1,3,sentinel_2_42000_nagasaki_2022-Q4.tif,viirs_42000_nagasaki_2022-Q4.tif,1621.2900500743362
40,4,1,2024,3928801383782.808,144.7279859179582,0,3,1,1,1,1,0.0,3,1,2,1,3,sentinel_2_13000_tokyo_2024-Q4.tif,viirs_13000_tokyo_2024-Q4.tif,2522.261797416693
21,2,1,2024,3928801383782.808,143.9682405014625,0,3,1,1,1,1,500.0,3,1,2,1,3,sentinel_2_36000_tokushima_2024-Q2.tif,viirs_36000_tokushima_2024-Q2.tif,1609.518480911705
6,2,1,2024,3928801383782.808,143.9682405014625,0,3,1,1,1,1,270.0,2,1,2,1,3,sentinel_2_17000_ishikawa_2024-Q2.tif,viirs_17000_ishikawa_2024-Q2.tif,1568.498521149739
64,2,0,2019,299682074191.28937,117.3681318135368,0,1,0,0,1,0,1050.0,2,1,1,0,0,sentinel_2_davao_occidental_2019-Q2.tif,viirs_davao_occidental_2019-Q2.tif,189.93193399549537
83,4,0,2019,299682074191.28937,117.9406160358257,0,1,1,1,1,0,630.0,2,1,2,0,1,sentinel_2_negros_oriental_2019-Q4.tif,viirs_negros_oriental_2019-Q4.tif,191.6024895376735
40,2,1,2024,3928801383782.808,143.9682405014625,0,3,1,1,1,1,0.0,3,1,2,1,3,sentinel_2_13000_tokyo_2024-Q2.tif,viirs_13000_tokyo_2024-Q2.tif,2338.892416587923
26,3,1,2021,4247588558872.2593,125.4848727349994,1,3,0,0,1,1,100.0,3,0,1,1,3,sentinel_2_10000_gunma_2021-Q3.tif,viirs_10000_gunma_2021-Q3.tif,1388.4484796203164
24,3,0,2019,299682074191.28937,117.6899153350103,0,1,1,1,1,0,470.0,2,1,3,0,0,sentinel_2_northern_samar_2019-Q3.tif,viirs_northern_samar_2019-Q3.tif,211.3093852389173
12,4,1,2019,4070264756531.522,117.9406160358257,0,3,1,1,1,1,970.0,3,1,3,1,3,sentinel_2_46000_kagoshima_2019-Q4.tif,viirs_46000_kagoshima_2019-Q4.tif,1620.6488296824875
28,3,0,2020,291244296180.30774,119.1285399053605,1,1,1,0,1,0,285.0,2,1,3,0,1,sentinel_2_isabela_2020-Q3.tif,viirs_isabela_2020-Q3.tif,353.2993825028669
21,4,1,2023,3993446887350.673,140.8613862067226,0,3,1,1,1,1,500.0,3,1,3,1,3,sentinel_2_36000_tokushima_2023-Q4.tif,viirs_36000_tokushima_2023-Q4.tif,1968.8260888952552
19,3,0,2021,332183318448.6994,125.4848727349994,0,1,1,1,1,0,970.0,3,1,1,0,0,sentinel_2_davao_del_sur_2021-Q3.tif,viirs_davao_del_sur_2021-Q3.tif,234.42634429646705
111,1,1,2020,4069008481605.98,118.4352913210933,0,3,1,1,1,1,250.0,3,1,3,1,3,sentinel_2_07000_fukushima_2020-Q1.tif,viirs_07000_fukushima_2020-Q1.tif,2065.1952015340967
20,1,0,2020,291244296180.30774,118.4352913210933,1,1,0,0,1,1,30.0,2,1,2,0,1,sentinel_2_bulacan_2020-Q1.tif,viirs_bulacan_2020-Q1.tif,129.98189880149786
25,4,0,2021,332183318448.6994,127.389433729792,1,1,0,0,1,0,265.0,2,1,2,0,1,sentinel_2_quirino_2021-Q4.tif,viirs_quirino_2021-Q4.tif,296.63669757092964
72,2,1,2019,4070264756531.522,117.3681318135368,0,3,1,1,1,1,540.0,2,0,2,1,3,sentinel_2_37000_kagawa_2019-Q2.tif,viirs_37000_kagawa_2019-Q2.tif,1571.98529943262
21,2,1,2021,4247588558872.2593,123.5075473904579,0,3,1,1,1,1,500.0,3,1,3,1,3,sentinel_2_36000_tokushima_2021-Q2.tif,viirs_36000_tokushima_2021-Q2.tif,1932.121960759247
118,3,0,2021,332183318448.6994,125.4848727349994,1,1,0,0,1,0,18.0,3,1,3,0,1,sentinel_2_rizal_2021-Q3.tif,viirs_rizal_2021-Q3.tif,428.57841644635175
58,4,1,2024,3928801383782.808,144.7279859179582,0,3,0,1,1,1,320.0,3,1,3,1,3,sentinel_2_24000_mie_2024-Q4.tif,viirs_24000_mie_2024-Q4.tif,1614.8717457463306
58,2,1,2020,4069008481605.98,117.7956988014519,0,3,0,1,1,1,320.0,3,1,2,1,3,sentinel_2_24000_mie_2020-Q2.tif,viirs_24000_mie_2020-Q2.tif,1710.333518681229
66,1,1,2021,4247588558872.2593,120.6838014481023,0,3,1,1,1,1,800.0,2,0,2,0,3,sentinel_2_35000_yamaguchi_2021-Q1.tif,viirs_35000_yamaguchi_2021-Q1.tif,1877.4162207639004
46,4,0,2021,332183318448.6994,127.389433729792,1,1,0,0,1,0,280.0,3,0,2,0,4,sentinel_2_mountain_province_2021-Q4.tif,viirs_mountain_province_2021-Q4.tif,214.7343152454314
87,4,0,2021,332183318448.6994,127.389433729792,0,1,1,1,1,0,460.0,2,1,3,0,1,sentinel_2_iloilo_2021-Q4.tif,viirs_iloilo_2021-Q4.tif,278.3228867772329
5,1,0,2020,291244296180.30774,118.4352913210933,0,1,1,1,1,0,410.0,2,1,2,0,1,sentinel_2_antique_2020-Q1.tif,viirs_antique_2020-Q1.tif,207.50925164642825
44,3,1,2019,4070264756531.522,117.6899153350103,0,3,1,1,1,1,430.0,3,1,2,1,3,sentinel_2_28000_hyogo_2019-Q3.tif,viirs_28000_hyogo_2019-Q3.tif,1981.6513291528613
15,2,1,2022,3880440088794.578,134.1731806810651,0,3,1,1,1,1,1200.0,2,1,2,1,3,sentinel_2_42000_nagasaki_2022-Q2.tif,viirs_42000_nagasaki_2022-Q2.tif,1643.512568284078
56,3,1,2024,3928801383782.808,144.403145070865,0,3,1,1,1,1,37.5,3,1,3,1,3,sentinel_2_12000_chiba_2024-Q3.tif,viirs_12000_chiba_2024-Q3.tif,1724.9051953250785
13,4,0,2021,332183318448.6994,127.389433729792,0,1,1,1,1,0,570.0,2,1,3,0,0,sentinel_2_leyte_2021-Q4.tif,viirs_leyte_2021-Q4.tif,191.30566955373516
35,4,1,2024,3928801383782.808,144.7279859179582,0,3,1,1,1,1,650.0,2,1,2,1,3,sentinel_2_32000_shimane_2024-Q4.tif,viirs_32000_shimane_2024-Q4.tif,1689.628537717896
115,1,1,2020,4069008481605.98,118.4352913210933,0,3,1,1,1,1,400.0,3,1,3,1,3,sentinel_2_27000_osaka_2020-Q1.tif,viirs_27000_osaka_2020-Q1.tif,1901.4944029331768
60,3,1,2024,3928801383782.808,144.403145070865,1,3,0,0,1,1,340.0,2,1,2,1,3,sentinel_2_25000_shiga_2024-Q3.tif,viirs_25000_shiga_2024-Q3.tif,2780.406815485671
3,1,0,2021,332183318448.6994,120.6838014481023,0,1,1,1,1,0,870.0,3,1,2,1,0,sentinel_2_cotabato_2021-Q1.tif,viirs_cotabato_2021-Q1.tif,238.1229135503758
68,3,1,2020,4069008481605.98,119.1285399053605,0,3,1,1,1,0,1550.0,2,1,3,0,3,sentinel_2_47000_okinawa_2020-Q3.tif,viirs_47000_okinawa_2020-Q3.tif,2626.599359717308
65,1,0,2021,332183318448.6994,120.6838014481023,0,1,1,1,1,0,780.0,2,1,1,0,0,sentinel_2_misamis_occidental_2021-Q1.tif,viirs_misamis_occidental_2021-Q1.tif,109.93243648682343
124,2,0,2020,291244296180.30774,117.7956988014519,1,0,0,0,1,0,820.0,2,0,2,0,0,sentinel_2_lanao_del_sur_2020-Q2.tif,viirs_lanao_del_sur_2020-Q2.tif,201.996370595356
48,3,0,2020,291244296180.30774,119.1285399053605,0,1,1,1,1,0,780.0,2,0,2,0,0,sentinel_2_camiguin_2020-Q3.tif,viirs_camiguin_2020-Q3.tif,120.48759115188912
78,2,0,2021,332183318448.6994,123.5075473904579,0,1,0,1,1,0,85.0,3,1,3,0,1,sentinel_2_batangas_2021-Q2.tif,viirs_batangas_2021-Q2.tif,216.9690818102144
66,3,1,2024,3928801383782.808,144.403145070865,0,3,1,1,1,1,800.0,2,0,2,1,3,sentinel_2_35000_yamaguchi_2024-Q3.tif,viirs_35000_yamaguchi_2024-Q3.tif,1772.8627579266558
70,2,1,2020,4069008481605.98,117.7956988014519,0,3,1,1,1,1,880.0,2,1,2,1,3,sentinel_2_40000_fukuoka_2020-Q2.tif,viirs_40000_fukuoka_2020-Q2.tif,1975.2535936298043
42,1,0,2021,332183318448.6994,120.6838014481023,1,1,0,0,1,0,210.0,3,0,3,0,4,sentinel_2_benguet_2021-Q1.tif,viirs_benguet_2021-Q1.tif,308.72636729241896
119,4,0,2020,291244296180.30774,119.4024762808857,0,1,0,1,1,0,55.0,2,1,2,0,1,sentinel_2_bataan_2020-Q4.tif,viirs_bataan_2020-Q4.tif,235.17724056382036
82,3,0,2021,332183318448.6994,125.4848727349994,0,1,1,1,1,0,170.0,2,0,3,0,1,sentinel_2_marinduque_2021-Q3.tif,viirs_marinduque_2021-Q3.tif,204.1584943979733
57,2,1,2021,4247588558872.2593,123.5075473904579,1,3,1,0,1,1,370.0,2,0,2,0,3,sentinel_2_26000_kyoto_2021-Q2.tif,viirs_26000_kyoto_2021-Q2.tif,2324.648661952492
96,1,0,2021,332183318448.6994,120.6838014481023,0,1,1,1,1,0,880.0,2,0,2,0,0,sentinel_2_basilan_2021-Q1.tif,viirs_basilan_2021-Q1.tif,576.770287083825
90,3,0,2021,332183318448.6994,125.4848727349994,1,1,0,0,1,0,820.0,2,0,1,0,1,sentinel_2_bukidnon_2021-Q3.tif,viirs_bukidnon_2021-Q3.tif,185.4883669199721
89,2,0,2020,291244296180.30774,117.7956988014519,0,1,1,1,1,0,970.0,2,1,2,0,0,sentinel_2_davao_del_norte_2020-Q2.tif,viirs_davao_del_norte_2020-Q2.tif,219.3367200478029
89,1,0,2019,299682074191.28937,115.9781187205398,0,1,1,1,1,0,970.0,2,1,3,0,0,sentinel_2_davao_del_norte_2019-Q1.tif,viirs_davao_del_norte_2019-Q1.tif,169.41815564938474
8,2,1,2022,3880440088794.578,134.1731806810651,1,3,0,0,1,1,270.0,2,1,2,1,3,sentinel_2_21000_gifu_2022-Q2.tif,viirs_21000_gifu_2022-Q2.tif,1670.5142119518555
85,1,0,2021,332183318448.6994,120.6838014481023,0,1,1,1,1,1,260.0,2,1,3,0,1,sentinel_2_camarines_sur_2021-Q1.tif,viirs_camarines_sur_2021-Q1.tif,188.36210279452348
56,2,1,2022,3880440088794.578,134.1731806810651,0,3,1,1,1,1,37.5,3,1,3,1,3,sentinel_2_12000_chiba_2022-Q2.tif,viirs_12000_chiba_2022-Q2.tif,1524.2346348437252
76,1,0,2019,299682074191.28937,115.9781187205398,0,1,0,1,1,0,1030.0,2,1,2,0,0,sentinel_2_sarangani_2019-Q1.tif,viirs_sarangani_2019-Q1.tif,172.1369836065574
53,3,1,2024,3928801383782.808,144.403145070865,0,3,1,1,1,1,250.0,2,1,1,1,3,sentinel_2_15000_niigata_2024-Q3.tif,viirs_15000_niigata_2024-Q3.tif,1825.9879505880808
33,3,0,2021,332183318448.6994,125.4848727349994,1,1,0,0,1,0,330.0,3,0,2,0,1,sentinel_2_abra_2021-Q3.tif,viirs_abra_2021-Q3.tif,179.19415087513582
26,1,1,2024,3928801383782.808,142.3299725681459,1,3,0,0,1,1,100.0,3,1,1,1,3,sentinel_2_10000_gunma_2024-Q1.tif,viirs_10000_gunma_2024-Q1.tif,1683.851250391868
81,4,1,2024,3928801383782.808,144.7279859179582,0,3,1,1,1,1,260.0,3,1,2,1,3,sentinel_2_23000_aichi_2024-Q4.tif,viirs_23000_aichi_2024-Q4.tif,1646.6859336795233
84,2,0,2021,332183318448.6994,123.5075473904579,0,1,1,1,1,0,570.0,2,0,2,0,1,sentinel_2_siquijor_2021-Q2.tif,viirs_siquijor_2021-Q2.tif,218.7633374408632
48,1,0,2020,291244296180.30774,118.4352913210933,0,1,1,1,1,0,780.0,2,0,2,0,0,sentinel_2_camiguin_2020-Q1.tif,viirs_camiguin_2020-Q1.tif,171.9564823616219
73,1,1,2023,3993446887350.673,137.8618440412342,1,3,0,0,1,1,100.0,2,1,2,1,3,sentinel_2_09000_tochigi_2023-Q1.tif,viirs_09000_tochigi_2023-Q1.tif,1582.6230539929882
3,2,0,2020,291244296180.30774,117.7956988014519,1,1,1,0,1,0,870.0,3,1,2,0,0,sentinel_2_cotabato_2020-Q2.tif,viirs_cotabato_2020-Q2.tif,162.15501648420073
92,3,0,2019,299682074191.28937,117.6899153350103,0,1,0,0,1,1,57.5,2,1,2,0,1,sentinel_2_laguna_2019-Q3.tif,viirs_laguna_2019-Q3.tif,207.0828609963125
14,3,1,2021,4247588558872.2593,125.4848727349994,0,3,1,1,1,1,450.0,3,1,1,1,5,sentinel_2_03000_iwate_2021-Q3.tif,viirs_03000_iwate_2021-Q3.tif,1589.042048350088
115,4,1,2020,4069008481605.98,119.4024762808857,0,3,1,1,1,1,400.0,3,1,3,1,3,sentinel_2_27000_osaka_2020-Q4.tif,viirs_27000_osaka_2020-Q4.tif,2305.498627732836
124,3,0,2019,299682074191.28937,117.6899153350103,0,0,1,0,1,0,820.0,2,1,3,0,0,sentinel_2_lanao_del_sur_2019-Q3.tif,viirs_lanao_del_sur_2019-Q3.tif,128.95427467800053
84,2,0,2019,299682074191.28937,117.3681318135368,0,1,1,1,1,0,570.0,2,0,2,0,1,sentinel_2_siquijor_2019-Q2.tif,viirs_siquijor_2019-Q2.tif,170.75303210194335
29,4,0,2020,291244296180.30774,119.4024762808857,0,1,0,1,1,0,790.0,2,1,2,1,0,sentinel_2_lanao_del_norte_2020-Q4.tif,viirs_lanao_del_norte_2020-Q4.tif,251.56679572057
16,4,1,2019,4070264756531.522,117.9406160358257,0,3,1,1,1,1,260.0,2,1,2,1,3,sentinel_2_16000_toyama_2019-Q4.tif,viirs_16000_toyama_2019-Q4.tif,1521.5093330516204
7,2,1,2019,4070264756531.522,117.3681318135368,0,3,1,1,1,1,150.0,3,1,2,1,3,sentinel_2_22000_shizuoka_2019-Q2.tif,viirs_22000_shizuoka_2019-Q2.tif,1891.7773498195115
55,2,1,2020,4069008481605.98,117.7956988014519,0,3,1,1,1,1,450.0,3,1,3,1,3,sentinel_2_30000_wakayama_2020-Q2.tif,viirs_30000_wakayama_2020-Q2.tif,1772.6062088676592
20,3,0,2020,291244296180.30774,119.1285399053605,1,1,0,0,1,1,30.0,2,1,2,0,1,sentinel_2_bulacan_2020-Q3.tif,viirs_bulacan_2020-Q3.tif,143.4154586436986
13,3,0,2021,332183318448.6994,125.4848727349994,0,1,1,1,1,0,570.0,2,1,3,0,0,sentinel_2_leyte_2021-Q3.tif,viirs_leyte_2021-Q3.tif,203.56879998909568
123,4,0,2020,291244296180.30774,119.4024762808857,0,1,1,1,1,0,660.0,3,0,3,0,3,sentinel_2_batanes_2020-Q4.tif,viirs_batanes_2020-Q4.tif,353.28124552282486
12,3,1,2021,4247588558872.2593,125.4848727349994,0,3,1,1,1,1,970.0,3,1,3,1,3,sentinel_2_46000_kagoshima_2021-Q3.tif,viirs_46000_kagoshima_2021-Q3.tif,1868.26197274065
90,1,0,2021,332183318448.6994,120.6838014481023,1,1,0,0,1,0,820.0,2,0,1,0,1,sentinel_2_bukidnon_2021-Q1.tif,viirs_bukidnon_2021-Q1.tif,157.55915038635305
101,4,0,2020,291244296180.30774,119.4024762808857,1,1,0,0,1,0,195.0,2,1,2,0,1,sentinel_2_nueva_vizcaya_2020-Q4.tif,viirs_nueva_vizcaya_2020-Q4.tif,224.12614455346463
2,3,1,2024,3928801383782.808,144.403145070865,0,3,1,1,1,1,450.0,2,1,1,0,5,sentinel_2_05000_akita_2024-Q3.tif,viirs_05000_akita_2024-Q3.tif,1766.5844795684764
19,3,0,2019,299682074191.28937,117.6899153350103,0,1,1,1,1,0,970.0,3,1,1,0,0,sentinel_2_davao_del_sur_2019-Q3.tif,viirs_davao_del_sur_2019-Q3.tif,210.8901030104568
52,1,0,2021,332183318448.6994,120.6838014481023,1,1,0,0,1,0,800.0,2,1,2,0,0,sentinel_2_agusan_del_sur_2021-Q1.tif,viirs_agusan_del_sur_2021-Q1.tif,228.31456108354547
7,3,1,2023,3993446887350.673,140.714328844415,0,3,1,1,1,1,150.0,3,1,3,1,3,sentinel_2_22000_shizuoka_2023-Q3.tif,viirs_22000_shizuoka_2023-Q3.tif,1785.9374819506206
7,2,1,2021,4247588558872.2593,123.5075473904579,0,3,1,1,1,1,150.0,3,1,2,1,3,sentinel_2_22000_shizuoka_2021-Q2.tif,viirs_22000_shizuoka_2021-Q2.tif,1790.203579819217
110,2,1,2021,4247588558872.2593,123.5075473904579,0,3,1,1,1,1,300.0,3,1,2,1,3,sentinel_2_04000_miyagi_2021-Q2.tif,viirs_04000_miyagi_2021-Q2.tif,1664.2674058782686
35,1,1,2021,4247588558872.2593,120.6838014481023,0,3,1,1,1,1,650.0,2,1,2,0,3,sentinel_2_32000_shimane_2021-Q1.tif,viirs_32000_shimane_2021-Q1.tif,2388.353443463588
100,1,0,2020,291244296180.30774,118.4352913210933,0,1,1,1,1,0,790.0,2,1,2,0,0,sentinel_2_zamboanga_del_sur_2020-Q1.tif,viirs_zamboanga_del_sur_2020-Q1.tif,263.1559936692464
16,1,1,2024,3928801383782.808,142.3299725681459,0,3,1,1,1,1,260.0,2,1,1,1,3,sentinel_2_16000_toyama_2024-Q1.tif,viirs_16000_toyama_2024-Q1.tif,2652.2521805358733
59,3,1,2024,3928801383782.808,144.403145070865,0,3,1,1,1,1,770.0,2,0,2,0,3,sentinel_2_44000_oita_2024-Q3.tif,viirs_44000_oita_2024-Q3.tif,1994.2345549423444
83,1,0,2020,291244296180.30774,118.4352913210933,0,1,1,1,1,0,630.0,2,1,2,0,1,sentinel_2_negros_oriental_2020-Q1.tif,viirs_negros_oriental_2020-Q1.tif,183.96489178776383
110,1,1,2022,3880440088794.578,130.2983261906564,0,3,1,1,1,1,300.0,3,1,3,1,3,sentinel_2_04000_miyagi_2022-Q1.tif,viirs_04000_miyagi_2022-Q1.tif,1720.626797464408
93,2,0,2020,291244296180.30774,117.7956988014519,0,1,1,1,1,0,480.0,2,1,2,0,1,sentinel_2_negros_occidental_2020-Q2.tif,viirs_negros_occidental_2020-Q2.tif,132.476158821565
15,4,1,2024,3928801383782.808,144.7279859179582,0,3,1,1,1,1,1200.0,2,1,2,1,3,sentinel_2_42000_nagasaki_2024-Q4.tif,viirs_42000_nagasaki_2024-Q4.tif,1706.3073389601082
88,2,1,2023,3993446887350.673,139.5056151606663,0,3,1,1,1,1,30.0,3,1,3,1,3,sentinel_2_14000_kanagawa_2023-Q2.tif,viirs_14000_kanagawa_2023-Q2.tif,1832.4648485718776
106,3,1,2020,4069008481605.98,119.1285399053605,0,3,1,1,1,1,830.0,3,0,1,0,6,sentinel_2_01000_hokkaido_2020-Q3.tif,viirs_01000_hokkaido_2020-Q3.tif,2002.147907718492
38,3,1,2020,4069008481605.98,119.1285399053605,0,3,1,1,1,1,540.0,2,1,1,1,3,sentinel_2_33000_okayama_2020-Q3.tif,viirs_33000_okayama_2020-Q3.tif,1974.048858058252
38,4,1,2023,3993446887350.673,140.8613862067226,0,3,1,1,1,1,540.0,2,1,1,1,3,sentinel_2_33000_okayama_2023-Q4.tif,viirs_33000_okayama_2023-Q4.tif,1671.842442790345
30,4,0,2020,291244296180.30774,119.4024762808857,0,1,1,1,1,0,150.0,2,1,2,0,1,sentinel_2_occidental_mindoro_2020-Q4.tif,viirs_occidental_mindoro_2020-Q4.tif,218.8080077667029
15,4,1,2019,4070264756531.522,117.9406160358257,0,3,1,1,1,1,1200.0,2,1,3,1,3,sentinel_2_42000_nagasaki_2019-Q4.tif,viirs_42000_nagasaki_2019-Q4.tif,1942.669630839344
45,4,1,2023,3993446887350.673,140.8613862067226,1,3,0,0,1,1,110.0,2,0,1,1,3,sentinel_2_19000_yamanashi_2023-Q4.tif,viirs_19000_yamanashi_2023-Q4.tif,2202.945532356979
8,3,1,2021,4247588558872.2593,125.4848727349994,1,3,0,0,1,1,270.0,2,1,2,1,3,sentinel_2_21000_gifu_2021-Q3.tif,viirs_21000_gifu_2021-Q3.tif,1721.512044091481
39,3,0,2020,291244296180.30774,119.1285399053605,1,1,0,0,1,0,240.0,2,0,2,0,4,sentinel_2_ifugao_2020-Q3.tif,viirs_ifugao_2020-Q3.tif,53.367955630314334
56,4,1,2024,3928801383782.808,144.7279859179582,0,3,1,1,1,1,37.5,3,1,3,1,3,sentinel_2_12000_chiba_2024-Q4.tif,viirs_12000_chiba_2024-Q4.tif,1792.644246445123
84,1,0,2021,332183318448.6994,120.6838014481023,0,1,1,1,1,0,570.0,2,0,2,0,1,sentinel_2_siquijor_2021-Q1.tif,viirs_siquijor_2021-Q1.tif,251.88213051943023
71,2,0,2021,332183318448.6994,123.5075473904579,0,1,1,1,1,0,690.0,2,1,2,0,1,sentinel_2_zamboanga_del_norte_2021-Q2.tif,viirs_zamboanga_del_norte_2021-Q2.tif,146.1918454664672
4,3,0,2020,291244296180.30774,119.1285399053605,1,1,1,0,1,1,65.0,2,1,3,0,1,sentinel_2_pampanga_2020-Q3.tif,viirs_pampanga_2020-Q3.tif,222.98372119652063
98,1,1,2019,4070264756531.522,115.9781187205398,0,3,1,1,1,1,670.0,2,1,2,1,3,sentinel_2_38000_ehime_2019-Q1.tif,viirs_38000_ehime_2019-Q1.tif,1463.884732951242
22,2,1,2022,3880440088794.578,134.1731806810651,0,3,1,1,1,1,500.0,2,1,2,1,3,sentinel_2_31000_tottori_2022-Q2.tif,viirs_31000_tottori_2022-Q2.tif,1510.4020082668862
66,1,1,2023,3993446887350.673,137.8618440412342,0,3,1,1,1,1,800.0,2,0,2,0,3,sentinel_2_35000_yamaguchi_2023-Q1.tif,viirs_35000_yamaguchi_2023-Q1.tif,1661.0702427447288
24,2,0,2020,291244296180.30774,117.7956988014519,0,1,1,1,1,0,470.0,2,1,3,0,0,sentinel_2_northern_samar_2020-Q2.tif,viirs_northern_samar_2020-Q2.tif,203.3811076638989
66,2,1,2022,3880440088794.578,134.1731806810651,0,3,1,1,1,1,800.0,2,1,2,1,3,sentinel_2_35000_yamaguchi_2022-Q2.tif,viirs_35000_yamaguchi_2022-Q2.tif,1637.2435502161625
17,4,1,2019,4070264756531.522,117.9406160358257,0,3,1,1,1,1,625.0,3,1,3,1,3,sentinel_2_39000_kochi_2019-Q4.tif,viirs_39000_kochi_2019-Q4.tif,1899.7600336172973
0,2,0,2019,299682074191.28937,117.3681318135368,0,1,0,1,1,0,770.0,2,1,3,0,0,sentinel_2_dinagat_islands_2019-Q2.tif,viirs_dinagat_islands_2019-Q2.tif,136.8125992740024
68,3,1,2021,4247588558872.2593,125.4848727349994,0,3,1,1,1,1,1550.0,2,1,3,1,3,sentinel_2_47000_okinawa_2021-Q3.tif,viirs_47000_okinawa_2021-Q3.tif,2050.7521193112207
121,3,0,2021,332183318448.6994,125.4848727349994,0,1,1,1,1,0,790.0,2,1,2,0,1,sentinel_2_misamis_oriental_2021-Q3.tif,viirs_misamis_oriental_2021-Q3.tif,224.2057968971453
88,4,1,2022,3880440088794.578,136.4362131047677,0,3,1,1,1,1,30.0,3,1,3,1,3,sentinel_2_14000_kanagawa_2022-Q4.tif,viirs_14000_kanagawa_2022-Q4.tif,1700.4041839614777
45,3,1,2021,4247588558872.2593,125.4848727349994,1,3,0,0,1,1,110.0,2,0,1,0,3,sentinel_2_19000_yamanashi_2021-Q3.tif,viirs_19000_yamanashi_2021-Q3.tif,1650.9545844263089
10,4,1,2023,3993446887350.673,140.8613862067226,0,3,1,1,1,1,900.0,3,1,3,1,3,sentinel_2_43000_kumamoto_2023-Q4.tif,viirs_43000_kumamoto_2023-Q4.tif,2074.48022383494
68,2,1,2019,4070264756531.522,117.3681318135368,0,3,1,1,1,0,1550.0,2,1,3,0,3,sentinel_2_47000_okinawa_2019-Q2.tif,viirs_47000_okinawa_2019-Q2.tif,2387.287653310311
104,2,0,2020,291244296180.30774,117.7956988014519,0,1,1,1,1,0,260.0,2,1,2,0,1,sentinel_2_la_union_2020-Q2.tif,viirs_la_union_2020-Q2.tif,191.3873669302868
17,3,1,2019,4070264756531.522,117.6899153350103,0,3,1,1,1,1,625.0,3,1,3,1,3,sentinel_2_39000_kochi_2019-Q3.tif,viirs_39000_kochi_2019-Q3.tif,1919.2223977050264
102,2,1,2021,4247588558872.2593,123.5075473904579,0,3,1,1,1,1,100.0,3,1,2,1,3,sentinel_2_08000_ibaraki_2021-Q2.tif,viirs_08000_ibaraki_2021-Q2.tif,1620.903916134608
43,1,0,2021,332183318448.6994,120.6838014481023,0,1,1,1,1,0,330.0,3,1,4,0,0,sentinel_2_albay_2021-Q1.tif,viirs_albay_2021-Q1.tif,434.3531055227064
85,2,0,2021,332183318448.6994,123.5075473904579,0,1,1,1,1,1,260.0,2,1,3,0,1,sentinel_2_camarines_sur_2021-Q2.tif,viirs_camarines_sur_2021-Q2.tif,263.29731721832536
110,3,1,2022,3880440088794.578,135.9371046973515,0,3,1,1,1,1,300.0,3,1,3,1,3,sentinel_2_04000_miyagi_2022-Q3.tif,viirs_04000_miyagi_2022-Q3.tif,1586.8869031810875
112,4,0,2019,299682074191.28937,117.9406160358257,0,1,0,1,1,0,950.0,2,1,3,0,0,sentinel_2_davao_oriental_2019-Q4.tif,viirs_davao_oriental_2019-Q4.tif,217.11595455158565
63,3,0,2020,291244296180.30774,119.1285399053605,0,1,0,1,1,0,640.0,2,1,3,0,0,sentinel_2_southern_leyte_2020-Q3.tif,viirs_southern_leyte_2020-Q3.tif,208.18168099149483
77,2,1,2019,4070264756531.522,117.3681318135368,1,3,1,0,1,1,180.0,2,0,1,0,5,sentinel_2_20000_nagano_2019-Q2.tif,viirs_20000_nagano_2019-Q2.tif,1779.4061579671477
107,2,0,2020,291244296180.30774,117.7956988014519,0,1,1,1,1,0,270.0,2,0,3,0,1,sentinel_2_romblon_2020-Q2.tif,viirs_romblon_2020-Q2.tif,164.1501276655632
14,3,1,2020,4069008481605.98,119.1285399053605,0,3,1,1,1,1,450.0,3,1,1,0,5,sentinel_2_03000_iwate_2020-Q3.tif,viirs_03000_iwate_2020-Q3.tif,2220.7410730980955
97,4,0,2019,299682074191.28937,117.9406160358257,0,1,0,1,1,0,340.0,2,1,2,0,2,sentinel_2_ilocos_sur_2019-Q4.tif,viirs_ilocos_sur_2019-Q4.tif,189.17173389322443
115,4,1,2023,3993446887350.673,140.8613862067226,0,3,1,1,1,1,400.0,3,1,3,1,3,sentinel_2_27000_osaka_2023-Q4.tif,viirs_27000_osaka_2023-Q4.tif,1939.6398367430108
1,2,1,2020,4069008481605.98,117.7956988014519,1,3,0,0,1,1,370.0,2,1,1,1,3,sentinel_2_29000_nara_2020-Q2.tif,viirs_29000_nara_2020-Q2.tif,1790.8035275864152
26,2,1,2020,4069008481605.98,117.7956988014519,1,3,0,0,1,1,100.0,3,0,2,1,3,sentinel_2_10000_gunma_2020-Q2.tif,viirs_10000_gunma_2020-Q2.tif,1670.0558519768977
2,2,1,2023,3993446887350.673,139.5056151606663,0,3,1,1,1,1,450.0,2,0,1,0,5,sentinel_2_05000_akita_2023-Q2.tif,viirs_05000_akita_2023-Q2.tif,1702.1886205748767
10,4,1,2022,3880440088794.578,136.4362131047677,0,3,1,1,1,1,900.0,3,1,2,1,3,sentinel_2_43000_kumamoto_2022-Q4.tif,viirs_43000_kumamoto_2022-Q4.tif,1536.9377562794778
109,4,0,2020,291244296180.30774,119.4024762808857,0,1,0,1,1,0,570.0,2,1,3,0,0,sentinel_2_biliran_2020-Q4.tif,viirs_biliran_2020-Q4.tif,213.30475585252577
104,3,0,2021,332183318448.6994,125.4848727349994,0,1,0,1,1,0,260.0,2,1,3,0,1,sentinel_2_la_union_2021-Q3.tif,viirs_la_union_2021-Q3.tif,192.0297698816592
102,3,1,2020,4069008481605.98,119.1285399053605,0,3,1,1,1,1,100.0,3,1,2,1,3,sentinel_2_08000_ibaraki_2020-Q3.tif,viirs_08000_ibaraki_2020-Q3.tif,1883.5983140844
11,4,1,2023,3993446887350.673,140.8613862067226,0,3,1,1,1,1,870.0,2,1,3,1,3,sentinel_2_45000_miyazaki_2023-Q4.tif,viirs_45000_miyazaki_2023-Q4.tif,1665.5303001610391
60,2,1,2022,3880440088794.578,134.1731806810651,1,3,0,0,1,1,340.0,2,0,2,1,3,sentinel_2_25000_shiga_2022-Q2.tif,viirs_25000_shiga_2022-Q2.tif,1616.2304589912585
91,1,0,2021,332183318448.6994,120.6838014481023,0,2,1,1,1,1,0.0,3,1,2,0,1,sentinel_2_national_capital_region_2021-Q1.tif,viirs_national_capital_region_2021-Q1.tif,318.77885351703924
106,3,1,2023,3993446887350.673,140.714328844415,0,3,1,1,1,1,830.0,3,0,1,0,6,sentinel_2_01000_hokkaido_2023-Q3.tif,viirs_01000_hokkaido_2023-Q3.tif,2508.421727107279
27,4,1,2022,3880440088794.578,136.4362131047677,0,3,0,1,1,1,320.0,2,1,1,0,3,sentinel_2_18000_fukui_2022-Q4.tif,viirs_18000_fukui_2022-Q4.tif,1659.3451857718217
101,3,0,2020,291244296180.30774,119.1285399053605,1,1,0,0,1,0,195.0,2,1,2,0,1,sentinel_2_nueva_vizcaya_2020-Q3.tif,viirs_nueva_vizcaya_2020-Q3.tif,442.3374776573142
56,2,1,2024,3928801383782.808,143.9682405014625,0,3,1,1,1,1,37.5,3,1,3,1,3,sentinel_2_12000_chiba_2024-Q2.tif,viirs_12000_chiba_2024-Q2.tif,1874.5125984685133
124,2,0,2019,299682074191.28937,117.3681318135368,0,0,1,0,1,0,820.0,2,1,3,0,0,sentinel_2_lanao_del_sur_2019-Q2.tif,viirs_lanao_del_sur_2019-Q2.tif,232.4520363316647
27,1,1,2024,3928801383782.808,142.3299725681459,0,3,0,1,1,1,320.0,2,1,1,1,3,sentinel_2_18000_fukui_2024-Q1.tif,viirs_18000_fukui_2024-Q1.tif,1887.2570312474768
97,4,0,2021,332183318448.6994,127.389433729792,0,1,0,1,1,0,340.0,2,1,3,0,2,sentinel_2_ilocos_sur_2021-Q4.tif,viirs_ilocos_sur_2021-Q4.tif,232.5539341807917
23,3,0,2021,332183318448.6994,125.4848727349994,0,1,1,1,1,0,500.0,2,1,3,0,0,sentinel_2_samar_2021-Q3.tif,viirs_samar_2021-Q3.tif,155.88108857903924
44,2,1,2024,3928801383782.808,143.9682405014625,0,3,1,1,1,1,430.0,3,1,2,1,3,sentinel_2_28000_hyogo_2024-Q2.tif,viirs_28000_hyogo_2024-Q2.tif,1985.1546263795424
37,4,1,2020,4069008481605.98,119.4024762808857,0,3,1,1,1,1,575.0,2,1,1,0,5,sentinel_2_02000_aomori_2020-Q4.tif,viirs_02000_aomori_2020-Q4.tif,1936.7279269382136
69,4,1,2023,3993446887350.673,140.8613862067226,0,3,1,1,1,1,900.0,2,1,2,1,3,sentinel_2_41000_saga_2023-Q4.tif,viirs_41000_saga_2023-Q4.tif,1756.054795682565
22,3,1,2019,4070264756531.522,117.6899153350103,0,3,1,1,1,1,500.0,2,1,2,1,3,sentinel_2_31000_tottori_2019-Q3.tif,viirs_31000_tottori_2019-Q3.tif,1762.1363449518349
48,2,0,2020,291244296180.30774,117.7956988014519,0,1,1,1,1,0,780.0,2,0,2,0,0,sentinel_2_camiguin_2020-Q2.tif,viirs_camiguin_2020-Q2.tif,113.50209789215066
73,3,1,2024,3928801383782.808,144.403145070865,1,3,0,0,1,1,100.0,2,1,1,0,3,sentinel_2_09000_tochigi_2024-Q3.tif,viirs_09000_tochigi_2024-Q3.tif,1947.812481116303
50,2,0,2020,291244296180.30774,117.7956988014519,1,1,0,0,1,0,110.0,2,1,3,0,1,sentinel_2_tarlac_2020-Q2.tif,viirs_tarlac_2020-Q2.tif,157.34310758225854
109,2,0,2019,299682074191.28937,117.3681318135368,0,1,0,1,1,0,570.0,2,1,3,0,0,sentinel_2_biliran_2019-Q2.tif,viirs_biliran_2019-Q2.tif,222.2762722178068
88,3,1,2022,3880440088794.578,135.9371046973515,0,3,1,1,1,1,30.0,3,1,3,1,3,sentinel_2_14000_kanagawa_2022-Q3.tif,viirs_14000_kanagawa_2022-Q3.tif,1709.9548611224154
58,1,1,2021,4247588558872.2593,120.6838014481023,0,3,1,1,1,1,320.0,3,1,3,1,3,sentinel_2_24000_mie_2021-Q1.tif,viirs_24000_mie_2021-Q1.tif,1787.7008325367306
95,2,0,2019,299682074191.28937,117.3681318135368,0,1,0,1,1,0,33.0,2,1,3,0,1,sentinel_2_cavite_2019-Q2.tif,viirs_cavite_2019-Q2.tif,176.3219877090955
55,1,1,2020,4069008481605.98,118.4352913210933,0,3,1,1,1,1,450.0,3,1,3,1,3,sentinel_2_30000_wakayama_2020-Q1.tif,viirs_30000_wakayama_2020-Q1.tif,1774.6513409797408
123,4,0,2019,299682074191.28937,117.9406160358257,0,1,1,1,1,0,660.0,3,0,4,0,3,sentinel_2_batanes_2019-Q4.tif,viirs_batanes_2019-Q4.tif,191.52519482692617
94,1,0,2019,299682074191.28937,115.9781187205398,0,1,0,1,1,0,220.0,2,1,3,0,1,sentinel_2_camarines_norte_2019-Q1.tif,viirs_camarines_norte_2019-Q1.tif,158.675600105378
53,2,1,2020,4069008481605.98,117.7956988014519,0,3,1,1,1,1,250.0,2,1,1,1,3,sentinel_2_15000_niigata_2020-Q2.tif,viirs_15000_niigata_2020-Q2.tif,1750.7766883501588
115,2,1,2020,4069008481605.98,117.7956988014519,0,3,1,1,1,1,400.0,3,1,3,1,3,sentinel_2_27000_osaka_2020-Q2.tif,viirs_27000_osaka_2020-Q2.tif,2112.860475486505
111,4,1,2019,4070264756531.522,117.9406160358257,0,3,1,1,1,1,250.0,3,1,2,1,3,sentinel_2_07000_fukushima_2019-Q4.tif,viirs_07000_fukushima_2019-Q4.tif,1865.442928159241
119,1,0,2019,299682074191.28937,115.9781187205398,0,1,0,1,1,0,55.0,2,1,3,0,1,sentinel_2_bataan_2019-Q1.tif,viirs_bataan_2019-Q1.tif,193.2080274740017
16,1,1,2019,4070264756531.522,115.9781187205398,0,3,1,1,1,1,260.0,2,1,2,1,3,sentinel_2_16000_toyama_2019-Q1.tif,viirs_16000_toyama_2019-Q1.tif,1596.1232775428111
110,4,1,2021,4247588558872.2593,127.389433729792,0,3,1,1,1,1,300.0,3,1,2,1,3,sentinel_2_04000_miyagi_2021-Q4.tif,viirs_04000_miyagi_2021-Q4.tif,1705.6052961733678
14,1,1,2019,4070264756531.522,115.9781187205398,0,3,1,1,1,1,450.0,3,1,1,1,5,sentinel_2_03000_iwate_2019-Q1.tif,viirs_03000_iwate_2019-Q1.tif,1487.4392324376963
77,1,1,2022,3880440088794.578,130.2983261906564,1,3,1,0,1,1,180.0,2,0,1,0,5,sentinel_2_20000_nagano_2022-Q1.tif,viirs_20000_nagano_2022-Q1.tif,1760.8891826630188
111,4,1,2021,4247588558872.2593,127.389433729792,0,3,1,1,1,1,250.0,3,1,3,1,3,sentinel_2_07000_fukushima_2021-Q4.tif,viirs_07000_fukushima_2021-Q4.tif,1578.582929499733
61,3,1,2021,4247588558872.2593,125.4848727349994,0,3,1,1,1,1,680.0,2,1,2,1,3,sentinel_2_34000_hiroshima_2021-Q3.tif,viirs_34000_hiroshima_2021-Q3.tif,2021.6600584960777
117,2,0,2019,299682074191.28937,117.3681318135368,0,1,1,1,1,0,370.0,3,1,3,0,1,sentinel_2_masbate_2019-Q2.tif,viirs_masbate_2019-Q2.tif,180.14463794841024
119,4,0,2019,299682074191.28937,117.9406160358257,0,1,0,1,1,0,55.0,2,1,3,0,1,sentinel_2_bataan_2019-Q4.tif,viirs_bataan_2019-Q4.tif,211.05341401171464
64,2,0,2021,332183318448.6994,123.5075473904579,0,1,0,0,1,0,1050.0,2,1,1,0,0,sentinel_2_davao_occidental_2021-Q2.tif,viirs_davao_occidental_2021-Q2.tif,213.59422681645097
119,2,0,2020,291244296180.30774,117.7956988014519,0,1,0,1,1,0,55.0,2,1,2,0,1,sentinel_2_bataan_2020-Q2.tif,viirs_bataan_2020-Q2.tif,165.29493092734268
65,2,0,2019,299682074191.28937,117.3681318135368,0,1,1,1,1,0,780.0,2,1,1,0,0,sentinel_2_misamis_occidental_2019-Q2.tif,viirs_misamis_occidental_2019-Q2.tif,168.19115743572965
8,1,1,2024,3928801383782.808,142.3299725681459,1,3,0,0,1,1,270.0,2,1,2,1,3,sentinel_2_21000_gifu_2024-Q1.tif,viirs_21000_gifu_2024-Q1.tif,1721.701574668389
62,2,0,2019,299682074191.28937,117.3681318135368,0,1,1,1,1,0,115.0,2,1,3,0,1,sentinel_2_zambales_2019-Q2.tif,viirs_zambales_2019-Q2.tif,182.16131313335453
102,4,1,2021,4247588558872.2593,127.389433729792,0,3,1,1,1,1,100.0,3,1,2,1,3,sentinel_2_08000_ibaraki_2021-Q4.tif,viirs_08000_ibaraki_2021-Q4.tif,1563.980561446306
124,4,0,2020,291244296180.30774,119.4024762808857,1,0,0,0,1,0,820.0,2,0,2,0,0,sentinel_2_lanao_del_sur_2020-Q4.tif,viirs_lanao_del_sur_2020-Q4.tif,206.7702876868959
49,2,0,2019,299682074191.28937,117.3681318135368,0,1,1,1,1,0,580.0,1,0,1,0,1,sentinel_2_palawan_2019-Q2.tif,viirs_palawan_2019-Q2.tif,230.1608421959405
43,3,0,2020,291244296180.30774,119.1285399053605,0,1,1,1,1,1,330.0,3,1,4,0,0,sentinel_2_albay_2020-Q3.tif,viirs_albay_2020-Q3.tif,287.68793338881505
65,4,0,2020,291244296180.30774,119.4024762808857,0,1,1,1,1,0,780.0,2,1,2,0,0,sentinel_2_misamis_occidental_2020-Q4.tif,viirs_misamis_occidental_2020-Q4.tif,126.96107332099344
92,2,0,2020,291244296180.30774,117.7956988014519,0,1,0,0,1,1,57.5,2,1,2,0,1,sentinel_2_laguna_2020-Q2.tif,viirs_laguna_2020-Q2.tif,165.70875281890338
117,3,0,2019,299682074191.28937,117.6899153350103,0,1,1,1,1,0,370.0,3,1,3,0,1,sentinel_2_masbate_2019-Q3.tif,viirs_masbate_2019-Q3.tif,257.7408701857797
81,1,1,2019,4070264756531.522,115.9781187205398,0,3,1,1,1,1,260.0,3,1,2,1,3,sentinel_2_23000_aichi_2019-Q1.tif,viirs_23000_aichi_2019-Q1.tif,1796.8792690365196
53,3,1,2021,4247588558872.2593,125.4848727349994,0,3,1,1,1,1,250.0,2,1,2,1,3,sentinel_2_15000_niigata_2021-Q3.tif,viirs_15000_niigata_2021-Q3.tif,1644.4191811557228
3,3,0,2020,291244296180.30774,119.1285399053605,1,1,1,0,1,0,870.0,3,1,2,0,0,sentinel_2_cotabato_2020-Q3.tif,viirs_cotabato_2020-Q3.tif,253.5518709395504
62,1,0,2021,332183318448.6994,120.6838014481023,0,1,0,1,1,0,115.0,2,1,3,0,1,sentinel_2_zambales_2021-Q1.tif,viirs_zambales_2021-Q1.tif,244.0409505715535
10,3,1,2019,4070264756531.522,117.6899153350103,0,3,1,1,1,1,900.0,3,1,2,0,3,sentinel_2_43000_kumamoto_2019-Q3.tif,viirs_43000_kumamoto_2019-Q3.tif,1776.89527390313
113,1,0,2021,332183318448.6994,120.6838014481023,0,1,0,1,1,0,820.0,2,1,1,0,0,sentinel_2_zamboanga_sibugay_2021-Q1.tif,viirs_zamboanga_sibugay_2021-Q1.tif,124.2886135843613
59,1,1,2021,4247588558872.2593,120.6838014481023,0,3,1,1,1,1,770.0,2,1,2,1,3,sentinel_2_44000_oita_2021-Q1.tif,viirs_44000_oita_2021-Q1.tif,1523.1500976770135
57,2,1,2019,4070264756531.522,117.3681318135368,1,3,0,0,1,1,370.0,2,0,1,0,3,sentinel_2_26000_kyoto_2019-Q2.tif,viirs_26000_kyoto_2019-Q2.tif,2065.932181300802
33,1,0,2020,291244296180.30774,118.4352913210933,1,1,0,0,1,0,330.0,3,1,2,0,1,sentinel_2_abra_2020-Q1.tif,viirs_abra_2020-Q1.tif,178.03766954025562
31,4,1,2019,4070264756531.522,117.9406160358257,1,3,0,0,1,1,22.5,2,1,1,1,3,sentinel_2_11000_saitama_2019-Q4.tif,viirs_11000_saitama_2019-Q4.tif,1811.2337373297887
92,3,0,2020,291244296180.30774,119.1285399053605,0,1,0,0,1,1,57.5,2,1,2,0,1,sentinel_2_laguna_2020-Q3.tif,viirs_laguna_2020-Q3.tif,204.7661583153943
51,2,0,2020,291244296180.30774,117.7956988014519,0,1,1,1,1,0,350.0,2,1,3,0,1,sentinel_2_cagayan_2020-Q2.tif,viirs_cagayan_2020-Q2.tif,194.8373055328764
39,1,0,2019,299682074191.28937,115.9781187205398,1,1,0,0,1,0,240.0,2,1,2,0,4,sentinel_2_ifugao_2019-Q1.tif,viirs_ifugao_2019-Q1.tif,239.99707105436391
88,1,1,2019,4070264756531.522,115.9781187205398,0,3,1,1,1,1,30.0,3,1,3,1,3,sentinel_2_14000_kanagawa_2019-Q1.tif,viirs_14000_kanagawa_2019-Q1.tif,1911.351544171219
45,4,1,2019,4070264756531.522,117.9406160358257,1,3,0,0,1,1,110.0,2,0,2,1,3,sentinel_2_19000_yamanashi_2019-Q4.tif,viirs_19000_yamanashi_2019-Q4.tif,1671.8928556716464
63,2,0,2020,291244296180.30774,117.7956988014519,0,1,0,1,1,0,640.0,2,1,3,0,0,sentinel_2_southern_leyte_2020-Q2.tif,viirs_southern_leyte_2020-Q2.tif,180.4789043205682
42,2,0,2021,332183318448.6994,123.5075473904579,1,1,0,0,1,0,210.0,3,0,3,0,4,sentinel_2_benguet_2021-Q2.tif,viirs_benguet_2021-Q2.tif,234.0003026154777
40,1,1,2024,3928801383782.808,142.3299725681459,0,3,1,1,1,1,0.0,3,1,2,1,3,sentinel_2_13000_tokyo_2024-Q1.tif,viirs_13000_tokyo_2024-Q1.tif,2530.570724453581
27,3,1,2024,3928801383782.808,144.403145070865,0,3,0,1,1,1,320.0,2,1,1,1,3,sentinel_2_18000_fukui_2024-Q3.tif,viirs_18000_fukui_2024-Q3.tif,1986.7255208110912
44,1,1,2022,3880440088794.578,130.2983261906564,0,3,1,1,1,1,430.0,3,1,2,1,3,sentinel_2_28000_hyogo_2022-Q1.tif,viirs_28000_hyogo_2022-Q1.tif,1781.4504421860056
16,3,1,2021,4247588558872.2593,125.4848727349994,0,3,1,1,1,1,260.0,2,1,2,1,3,sentinel_2_16000_toyama_2021-Q3.tif,viirs_16000_toyama_2021-Q3.tif,1813.794598100683
58,3,1,2022,3880440088794.578,135.9371046973515,0,3,0,1,1,1,320.0,3,1,3,1,3,sentinel_2_24000_mie_2022-Q3.tif,viirs_24000_mie_2022-Q3.tif,1409.4916917644616
30,4,0,2021,332183318448.6994,127.389433729792,0,1,1,1,1,0,150.0,2,1,2,0,1,sentinel_2_occidental_mindoro_2021-Q4.tif,viirs_occidental_mindoro_2021-Q4.tif,226.8712129710108
102,2,1,2022,3880440088794.578,134.1731806810651,0,3,1,1,1,1,100.0,3,1,2,1,3,sentinel_2_08000_ibaraki_2022-Q2.tif,viirs_08000_ibaraki_2022-Q2.tif,1452.5029916145202
98,4,1,2022,3880440088794.578,136.4362131047677,0,3,1,1,1,1,670.0,2,1,3,1,3,sentinel_2_38000_ehime_2022-Q4.tif,viirs_38000_ehime_2022-Q4.tif,1363.3742836035494
57,2,1,2024,3928801383782.808,143.9682405014625,1,3,0,0,1,1,370.0,2,0,2,1,3,sentinel_2_26000_kyoto_2024-Q2.tif,viirs_26000_kyoto_2024-Q2.tif,1857.3236847681592
121,2,0,2020,291244296180.30774,117.7956988014519,0,1,1,1,1,0,790.0,2,1,3,0,1,sentinel_2_misamis_oriental_2020-Q2.tif,viirs_misamis_oriental_2020-Q2.tif,225.2679044041099
67,4,0,2021,332183318448.6994,127.389433729792,0,1,0,0,1,0,145.0,3,1,3,0,0,sentinel_2_aurora_2021-Q4.tif,viirs_aurora_2021-Q4.tif,259.107433400411
97,1,0,2020,291244296180.30774,118.4352913210933,0,1,0,1,1,0,340.0,2,1,3,1,2,sentinel_2_ilocos_sur_2020-Q1.tif,viirs_ilocos_sur_2020-Q1.tif,178.46001020554516
61,2,1,2024,3928801383782.808,143.9682405014625,0,3,1,1,1,1,680.0,2,1,2,1,3,sentinel_2_34000_hiroshima_2024-Q2.tif,viirs_34000_hiroshima_2024-Q2.tif,1768.2220283080917
89,1,0,2020,291244296180.30774,118.4352913210933,0,1,1,1,1,0,970.0,2,1,2,0,0,sentinel_2_davao_del_norte_2020-Q1.tif,viirs_davao_del_norte_2020-Q1.tif,131.09758936830428
23,2,0,2020,291244296180.30774,117.7956988014519,0,1,1,1,1,0,500.0,2,1,3,0,0,sentinel_2_samar_2020-Q2.tif,viirs_samar_2020-Q2.tif,299.621925756494
118,3,0,2019,299682074191.28937,117.6899153350103,0,1,0,0,1,0,18.0,3,1,2,0,1,sentinel_2_rizal_2019-Q3.tif,viirs_rizal_2019-Q3.tif,271.3001233359929
99,2,0,2019,299682074191.28937,117.3681318135368,0,1,1,1,1,0,570.0,3,1,4,0,0,sentinel_2_eastern_samar_2019-Q2.tif,viirs_eastern_samar_2019-Q2.tif,240.64580433021703
40,1,1,2021,4247588558872.2593,120.6838014481023,0,3,1,1,1,1,0.0,3,1,2,1,3,sentinel_2_13000_tokyo_2021-Q1.tif,viirs_13000_tokyo_2021-Q1.tif,2771.1111685490355
70,3,1,2019,4070264756531.522,117.6899153350103,0,3,1,1,1,1,880.0,2,1,2,1,3,sentinel_2_40000_fukuoka_2019-Q3.tif,viirs_40000_fukuoka_2019-Q3.tif,1873.9078920534007
77,2,1,2020,4069008481605.98,117.7956988014519,1,3,1,0,1,1,180.0,2,1,1,0,5,sentinel_2_20000_nagano_2020-Q2.tif,viirs_20000_nagano_2020-Q2.tif,1957.3610836400017
71,3,0,2019,299682074191.28937,117.6899153350103,0,1,1,1,1,0,690.0,2,1,2,0,1,sentinel_2_zamboanga_del_norte_2019-Q3.tif,viirs_zamboanga_del_norte_2019-Q3.tif,150.7741815141773
116,4,0,2020,291244296180.30774,119.4024762808857,1,0,0,0,1,0,400.0,2,1,2,0,1,sentinel_2_apayao_2020-Q4.tif,viirs_apayao_2020-Q4.tif,167.01739529788364
16,2,1,2023,3993446887350.673,139.5056151606663,0,3,1,1,1,1,260.0,2,1,1,1,3,sentinel_2_16000_toyama_2023-Q2.tif,viirs_16000_toyama_2023-Q2.tif,1786.8935269687593
61,3,1,2020,4069008481605.98,119.1285399053605,0,3,1,1,1,1,680.0,2,1,2,1,3,sentinel_2_34000_hiroshima_2020-Q3.tif,viirs_34000_hiroshima_2020-Q3.tif,2098.670472613748
100,4,0,2020,291244296180.30774,119.4024762808857,0,1,1,1,1,0,790.0,2,1,2,0,0,sentinel_2_zamboanga_del_sur_2020-Q4.tif,viirs_zamboanga_del_sur_2020-Q4.tif,217.13469939961792
2,2,1,2021,4247588558872.2593,123.5075473904579,0,3,1,1,1,1,450.0,2,1,1,0,5,sentinel_2_05000_akita_2021-Q2.tif,viirs_05000_akita_2021-Q2.tif,2025.7627267618827
54,3,1,2020,4069008481605.98,119.1285399053605,1,3,1,0,1,1,300.0,2,1,2,1,5,sentinel_2_06000_yamagata_2020-Q3.tif,viirs_06000_yamagata_2020-Q3.tif,1892.9777087905563
119,3,0,2021,332183318448.6994,125.4848727349994,0,1,0,1,1,0,55.0,2,1,3,0,1,sentinel_2_bataan_2021-Q3.tif,viirs_bataan_2021-Q3.tif,255.50296007156865
117,2,0,2020,291244296180.30774,117.7956988014519,0,1,1,1,1,0,370.0,3,1,3,0,1,sentinel_2_masbate_2020-Q2.tif,viirs_masbate_2020-Q2.tif,290.38965924194883
72,2,1,2021,4247588558872.2593,123.5075473904579,0,3,1,1,1,1,540.0,2,0,2,1,3,sentinel_2_37000_kagawa_2021-Q2.tif,viirs_37000_kagawa_2021-Q2.tif,1694.732224816459
53,4,1,2023,3993446887350.673,140.8613862067226,0,3,1,1,1,1,250.0,2,1,1,1,3,sentinel_2_15000_niigata_2023-Q4.tif,viirs_15000_niigata_2023-Q4.tif,1579.9122481922143
82,4,0,2021,332183318448.6994,127.389433729792,0,1,1,1,1,0,170.0,2,0,3,0,1,sentinel_2_marinduque_2021-Q4.tif,viirs_marinduque_2021-Q4.tif,196.0196631112444
1,3,1,2021,4247588558872.2593,125.4848727349994,1,3,0,0,1,1,370.0,2,1,2,1,3,sentinel_2_29000_nara_2021-Q3.tif,viirs_29000_nara_2021-Q3.tif,2035.192041589908
69,3,1,2023,3993446887350.673,140.714328844415,0,3,1,1,1,1,900.0,2,1,2,1,3,sentinel_2_41000_saga_2023-Q3.tif,viirs_41000_saga_2023-Q3.tif,1417.167178904055
21,2,1,2020,4069008481605.98,117.7956988014519,0,3,1,1,1,1,500.0,3,1,2,1,3,sentinel_2_36000_tokushima_2020-Q2.tif,viirs_36000_tokushima_2020-Q2.tif,2000.0487735643096
123,3,0,2021,332183318448.6994,125.4848727349994,0,1,1,1,1,0,660.0,3,0,3,0,3,sentinel_2_batanes_2021-Q3.tif,viirs_batanes_2021-Q3.tif,472.3531325402299
73,2,1,2023,3993446887350.673,139.5056151606663,1,3,0,0,1,1,100.0,2,1,2,1,3,sentinel_2_09000_tochigi_2023-Q2.tif,viirs_09000_tochigi_2023-Q2.tif,1771.0978059826512
80,1,0,2020,291244296180.30774,118.4352913210933,1,1,0,0,1,0,340.0,2,1,2,0,1,sentinel_2_kalinga_2020-Q1.tif,viirs_kalinga_2020-Q1.tif,204.27036730661172
54,1,1,2024,3928801383782.808,142.3299725681459,1,3,1,0,1,1,300.0,2,1,1,1,5,sentinel_2_06000_yamagata_2024-Q1.tif,viirs_06000_yamagata_2024-Q1.tif,1734.169745549514
99,3,0,2020,291244296180.30774,119.1285399053605,0,1,1,1,1,0,570.0,3,1,4,0,0,sentinel_2_eastern_samar_2020-Q3.tif,viirs_eastern_samar_2020-Q3.tif,258.90354259044693
76,3,0,2020,291244296180.30774,119.1285399053605,0,1,0,1,1,0,1030.0,2,1,2,0,0,sentinel_2_sarangani_2020-Q3.tif,viirs_sarangani_2020-Q3.tif,165.02867054813453
12,2,1,2020,4069008481605.98,117.7956988014519,0,3,1,1,1,1,970.0,3,1,3,1,3,sentinel_2_46000_kagoshima_2020-Q2.tif,viirs_46000_kagoshima_2020-Q2.tif,1811.1170397762423
29,1,0,2020,291244296180.30774,118.4352913210933,0,1,0,1,1,0,790.0,2,1,2,1,0,sentinel_2_lanao_del_norte_2020-Q1.tif,viirs_lanao_del_norte_2020-Q1.tif,234.362076038243
89,3,0,2021,332183318448.6994,125.4848727349994,0,1,1,1,1,0,970.0,2,1,2,0,0,sentinel_2_davao_del_norte_2021-Q3.tif,viirs_davao_del_norte_2021-Q3.tif,138.1180558699172
69,3,1,2022,3880440088794.578,135.9371046973515,0,3,1,1,1,1,900.0,2,1,2,1,3,sentinel_2_41000_saga_2022-Q3.tif,viirs_41000_saga_2022-Q3.tif,1626.0745979381447
109,3,0,2021,332183318448.6994,125.4848727349994,0,1,0,1,1,0,570.0,2,1,3,0,0,sentinel_2_biliran_2021-Q3.tif,viirs_biliran_2021-Q3.tif,288.87219381632684
55,4,1,2022,3880440088794.578,136.4362131047677,0,3,1,1,1,1,450.0,3,1,3,1,3,sentinel_2_30000_wakayama_2022-Q4.tif,viirs_30000_wakayama_2022-Q4.tif,1378.4407660212091
47,2,0,2021,332183318448.6994,123.5075473904579,0,1,1,1,1,0,130.0,2,1,3,0,1,sentinel_2_oriental_mindoro_2021-Q2.tif,viirs_oriental_mindoro_2021-Q2.tif,204.1714403937076
15,3,1,2024,3928801383782.808,144.403145070865,0,3,1,1,1,1,1200.0,2,1,2,1,3,sentinel_2_42000_nagasaki_2024-Q3.tif,viirs_42000_nagasaki_2024-Q3.tif,1677.8926219326322
98,2,1,2019,4070264756531.522,117.3681318135368,0,3,1,1,1,1,670.0,2,1,2,1,3,sentinel_2_38000_ehime_2019-Q2.tif,viirs_38000_ehime_2019-Q2.tif,1814.784802900783
65,3,0,2021,332183318448.6994,125.4848727349994,0,1,1,1,1,0,780.0,2,1,1,0,0,sentinel_2_misamis_occidental_2021-Q3.tif,viirs_misamis_occidental_2021-Q3.tif,101.96361953187125
106,3,1,2021,4247588558872.2593,125.4848727349994,0,3,1,1,1,1,830.0,3,1,1,1,6,sentinel_2_01000_hokkaido_2021-Q3.tif,viirs_01000_hokkaido_2021-Q3.tif,1861.061831831949
83,3,0,2021,332183318448.6994,125.4848727349994,0,1,1,1,1,0,630.0,2,1,2,0,1,sentinel_2_negros_oriental_2021-Q3.tif,viirs_negros_oriental_2021-Q3.tif,197.79433675267177
34,4,0,2021,332183318448.6994,127.389433729792,0,1,1,1,1,0,800.0,2,1,2,0,0,sentinel_2_agusan_del_norte_2021-Q4.tif,viirs_agusan_del_norte_2021-Q4.tif,151.76592617362974
56,3,1,2023,3993446887350.673,140.714328844415,0,3,1,1,1,1,37.5,3,1,3,1,3,sentinel_2_12000_chiba_2023-Q3.tif,viirs_12000_chiba_2023-Q3.tif,1566.9966198385443
61,3,1,2023,3993446887350.673,140.714328844415,0,3,1,1,1,1,680.0,2,1,2,1,3,sentinel_2_34000_hiroshima_2023-Q3.tif,viirs_34000_hiroshima_2023-Q3.tif,1735.062656661684
68,3,1,2022,3880440088794.578,135.9371046973515,0,3,1,1,1,0,1550.0,2,1,3,0,3,sentinel_2_47000_okinawa_2022-Q3.tif,viirs_47000_okinawa_2022-Q3.tif,2000.6410138925376
40,4,1,2019,4070264756531.522,117.9406160358257,0,3,1,1,1,1,0.0,3,1,2,1,3,sentinel_2_13000_tokyo_2019-Q4.tif,viirs_13000_tokyo_2019-Q4.tif,2814.088712894056
35,3,1,2021,4247588558872.2593,125.4848727349994,0,3,1,1,1,1,650.0,2,1,2,0,3,sentinel_2_32000_shimane_2021-Q3.tif,viirs_32000_shimane_2021-Q3.tif,1507.4092583559443
115,3,1,2019,4070264756531.522,117.6899153350103,0,3,1,1,1,1,400.0,3,1,3,1,3,sentinel_2_27000_osaka_2019-Q3.tif,viirs_27000_osaka_2019-Q3.tif,1994.2244435474192
69,3,1,2024,3928801383782.808,144.403145070865,0,3,1,1,1,1,900.0,2,1,2,1,3,sentinel_2_41000_saga_2024-Q3.tif,viirs_41000_saga_2024-Q3.tif,1683.7046308419217
32,3,0,2019,299682074191.28937,117.6899153350103,0,1,1,1,1,0,400.0,2,1,3,0,1,sentinel_2_capiz_2019-Q3.tif,viirs_capiz_2019-Q3.tif,227.6168722547449
54,2,1,2021,4247588558872.2593,123.5075473904579,0,3,1,0,1,1,300.0,2,1,1,1,5,sentinel_2_06000_yamagata_2021-Q2.tif,viirs_06000_yamagata_2021-Q2.tif,1647.249672540329
107,3,0,2020,291244296180.30774,119.1285399053605,0,1,1,1,1,0,270.0,2,0,3,0,1,sentinel_2_romblon_2020-Q3.tif,viirs_romblon_2020-Q3.tif,235.70552169169835
21,4,1,2019,4070264756531.522,117.9406160358257,0,3,1,1,1,1,500.0,3,1,3,1,3,sentinel_2_36000_tokushima_2019-Q4.tif,viirs_36000_tokushima_2019-Q4.tif,1834.5739216252648
88,4,1,2021,4247588558872.2593,127.389433729792,0,3,1,1,1,1,30.0,3,1,2,1,3,sentinel_2_14000_kanagawa_2021-Q4.tif,viirs_14000_kanagawa_2021-Q4.tif,1818.817734300764
68,1,1,2022,3880440088794.578,130.2983261906564,0,3,1,1,1,0,1550.0,2,1,3,0,3,sentinel_2_47000_okinawa_2022-Q1.tif,viirs_47000_okinawa_2022-Q1.tif,1937.8470133808507
13,2,0,2020,291244296180.30774,117.7956988014519,0,1,1,1,1,0,570.0,2,1,4,0,0,sentinel_2_leyte_2020-Q2.tif,viirs_leyte_2020-Q2.tif,206.13172303698383
124,3,0,2020,291244296180.30774,119.1285399053605,1,0,0,0,1,0,820.0,2,0,2,0,0,sentinel_2_lanao_del_sur_2020-Q3.tif,viirs_lanao_del_sur_2020-Q3.tif,173.5646827638717
84,3,0,2020,291244296180.30774,119.1285399053605,0,1,1,1,1,0,570.0,2,0,2,0,1,sentinel_2_siquijor_2020-Q3.tif,viirs_siquijor_2020-Q3.tif,226.76340342208383
28,4,0,2021,332183318448.6994,127.389433729792,1,1,1,0,1,0,285.0,2,1,3,0,1,sentinel_2_isabela_2021-Q4.tif,viirs_isabela_2021-Q4.tif,173.5412150610312
98,2,1,2024,3928801383782.808,143.9682405014625,0,3,1,1,1,1,670.0,2,1,3,1,3,sentinel_2_38000_ehime_2024-Q2.tif,viirs_38000_ehime_2024-Q2.tif,1562.0503583841737
1,4,1,2024,3928801383782.808,144.7279859179582,1,3,0,0,1,1,370.0,2,1,1,0,3,sentinel_2_29000_nara_2024-Q4.tif,viirs_29000_nara_2024-Q4.tif,1456.6397644818207
73,4,1,2024,3928801383782.808,144.7279859179582,1,3,0,0,1,1,100.0,2,1,1,0,3,sentinel_2_09000_tochigi_2024-Q4.tif,viirs_09000_tochigi_2024-Q4.tif,1534.448931841302
11,2,1,2019,4070264756531.522,117.3681318135368,0,3,1,1,1,1,870.0,2,1,3,1,3,sentinel_2_45000_miyazaki_2019-Q2.tif,viirs_45000_miyazaki_2019-Q2.tif,1589.3380910079363
11,4,1,2021,4247588558872.2593,127.389433729792,0,3,1,1,1,1,870.0,2,1,3,1,3,sentinel_2_45000_miyazaki_2021-Q4.tif,viirs_45000_miyazaki_2021-Q4.tif,1701.1552778038822
79,2,0,2020,291244296180.30774,117.7956988014519,0,1,1,1,1,0,630.0,2,1,2,0,1,sentinel_2_bohol_2020-Q2.tif,viirs_bohol_2020-Q2.tif,200.0788273290371
111,3,1,2022,3880440088794.578,135.9371046973515,0,3,1,1,1,1,250.0,3,1,1,1,3,sentinel_2_07000_fukushima_2022-Q3.tif,viirs_07000_fukushima_2022-Q3.tif,1497.3554758129476
12,1,1,2020,4069008481605.98,118.4352913210933,0,3,1,1,1,1,970.0,3,1,3,1,3,sentinel_2_46000_kagoshima_2020-Q1.tif,viirs_46000_kagoshima_2020-Q1.tif,1878.734747784837
59,2,1,2020,4069008481605.98,117.7956988014519,0,3,1,1,1,1,770.0,2,1,2,1,3,sentinel_2_44000_oita_2020-Q2.tif,viirs_44000_oita_2020-Q2.tif,1877.082554361911
15,1,1,2020,4069008481605.98,118.4352913210933,0,3,1,1,1,1,1200.0,2,1,3,1,3,sentinel_2_42000_nagasaki_2020-Q1.tif,viirs_42000_nagasaki_2020-Q1.tif,2137.355313412675
21,2,1,2019,4070264756531.522,117.3681318135368,0,3,1,1,1,1,500.0,3,1,3,1,3,sentinel_2_36000_tokushima_2019-Q2.tif,viirs_36000_tokushima_2019-Q2.tif,1809.0869488864075
115,3,1,2021,4247588558872.2593,125.4848727349994,0,3,1,1,1,1,400.0,3,1,3,1,3,sentinel_2_27000_osaka_2021-Q3.tif,viirs_27000_osaka_2021-Q3.tif,2124.7133338222934
7,1,1,2022,3880440088794.578,130.2983261906564,0,3,1,1,1,1,150.0,3,1,2,1,3,sentinel_2_22000_shizuoka_2022-Q1.tif,viirs_22000_shizuoka_2022-Q1.tif,1737.8765177386283
89,4,0,2021,332183318448.6994,127.389433729792,0,1,1,1,1,0,970.0,2,1,2,0,0,sentinel_2_davao_del_norte_2021-Q4.tif,viirs_davao_del_norte_2021-Q4.tif,152.80343348882977
87,3,0,2021,332183318448.6994,125.4848727349994,0,1,1,1,1,0,460.0,2,1,3,0,1,sentinel_2_iloilo_2021-Q3.tif,viirs_iloilo_2021-Q3.tif,214.1066473310844
60,2,1,2024,3928801383782.808,143.9682405014625,1,3,0,0,1,1,340.0,2,1,2,1,3,sentinel_2_25000_shiga_2024-Q2.tif,viirs_25000_shiga_2024-Q2.tif,1441.9543556435003
73,4,1,2019,4070264756531.522,117.9406160358257,1,3,0,0,1,1,100.0,2,1,1,1,3,sentinel_2_09000_tochigi_2019-Q4.tif,viirs_09000_tochigi_2019-Q4.tif,1617.425832084681
121,3,0,2019,299682074191.28937,117.6899153350103,0,1,1,1,1,0,790.0,2,1,1,0,1,sentinel_2_misamis_oriental_2019-Q3.tif,viirs_misamis_oriental_2019-Q3.tif,246.0124234920835
98,3,1,2023,3993446887350.673,140.714328844415,0,3,1,1,1,1,670.0,2,1,2,1,3,sentinel_2_38000_ehime_2023-Q3.tif,viirs_38000_ehime_2023-Q3.tif,1802.27521037873
27,3,1,2019,4070264756531.522,117.6899153350103,0,3,0,1,1,1,320.0,2,1,1,1,3,sentinel_2_18000_fukui_2019-Q3.tif,viirs_18000_fukui_2019-Q3.tif,2007.815941276677
2,1,1,2019,4070264756531.522,115.9781187205398,0,3,1,1,1,1,450.0,2,1,1,0,5,sentinel_2_05000_akita_2019-Q1.tif,viirs_05000_akita_2019-Q1.tif,1656.2183101739258
45,1,1,2021,4247588558872.2593,120.6838014481023,1,3,0,0,1,1,110.0,2,0,1,0,3,sentinel_2_19000_yamanashi_2021-Q1.tif,viirs_19000_yamanashi_2021-Q1.tif,1952.031927186562
15,2,1,2019,4070264756531.522,117.3681318135368,0,3,1,1,1,1,1200.0,2,1,3,1,3,sentinel_2_42000_nagasaki_2019-Q2.tif,viirs_42000_nagasaki_2019-Q2.tif,2149.794679182459
111,1,1,2022,3880440088794.578,130.2983261906564,0,3,1,1,1,1,250.0,3,1,1,1,3,sentinel_2_07000_fukushima_2022-Q1.tif,viirs_07000_fukushima_2022-Q1.tif,1903.382413166741
27,4,1,2021,4247588558872.2593,127.389433729792,0,3,0,1,1,1,320.0,2,1,2,1,3,sentinel_2_18000_fukui_2021-Q4.tif,viirs_18000_fukui_2021-Q4.tif,2181.4003315246723
25,4,0,2019,299682074191.28937,117.9406160358257,1,1,0,0,1,0,265.0,2,0,2,0,1,sentinel_2_quirino_2019-Q4.tif,viirs_quirino_2019-Q4.tif,236.7766508408681
77,2,1,2024,3928801383782.808,143.9682405014625,1,3,1,0,1,1,180.0,2,1,1,0,5,sentinel_2_20000_nagano_2024-Q2.tif,viirs_20000_nagano_2024-Q2.tif,1845.5823183716589
76,2,0,2021,332183318448.6994,123.5075473904579,0,1,0,1,1,0,1030.0,2,1,2,0,0,sentinel_2_sarangani_2021-Q2.tif,viirs_sarangani_2021-Q2.tif,180.26606413728635
44,1,1,2024,3928801383782.808,142.3299725681459,0,3,1,1,1,1,430.0,3,1,2,1,3,sentinel_2_28000_hyogo_2024-Q1.tif,viirs_28000_hyogo_2024-Q1.tif,2108.7027919161087
122,1,0,2020,291244296180.30774,118.4352913210933,0,1,0,1,1,0,390.0,2,1,3,0,0,sentinel_2_sorsogon_2020-Q1.tif,viirs_sorsogon_2020-Q1.tif,222.90618517961897
122,3,0,2019,299682074191.28937,117.6899153350103,0,1,0,1,1,0,390.0,2,1,3,0,0,sentinel_2_sorsogon_2019-Q3.tif,viirs_sorsogon_2019-Q3.tif,235.63993981590417
51,1,0,2021,332183318448.6994,120.6838014481023,0,1,1,1,1,0,350.0,2,1,3,0,1,sentinel_2_cagayan_2021-Q1.tif,viirs_cagayan_2021-Q1.tif,218.5829499957884
45,4,1,2022,3880440088794.578,136.4362131047677,1,3,0,0,1,1,110.0,2,0,1,1,3,sentinel_2_19000_yamanashi_2022-Q4.tif,viirs_19000_yamanashi_2022-Q4.tif,1501.339309779025
58,2,1,2019,4070264756531.522,117.3681318135368,0,3,0,1,1,1,320.0,3,1,3,1,3,sentinel_2_24000_mie_2019-Q2.tif,viirs_24000_mie_2019-Q2.tif,1797.8575445916877
102,3,1,2021,4247588558872.2593,125.4848727349994,0,3,1,1,1,1,100.0,3,1,2,1,3,sentinel_2_08000_ibaraki_2021-Q3.tif,viirs_08000_ibaraki_2021-Q3.tif,1617.1959148149297
6,3,1,2020,4069008481605.98,119.1285399053605,0,3,1,1,1,1,270.0,2,1,1,1,3,sentinel_2_17000_ishikawa_2020-Q3.tif,viirs_17000_ishikawa_2020-Q3.tif,1892.0030883564584
60,3,1,2019,4070264756531.522,117.6899153350103,1,3,0,0,1,1,340.0,2,1,2,1,3,sentinel_2_25000_shiga_2019-Q3.tif,viirs_25000_shiga_2019-Q3.tif,1750.3274967165853
62,4,0,2020,291244296180.30774,119.4024762808857,0,1,1,1,1,0,115.0,2,1,3,0,1,sentinel_2_zambales_2020-Q4.tif,viirs_zambales_2020-Q4.tif,197.4358891177997
24,3,0,2021,332183318448.6994,125.4848727349994,0,1,1,1,1,0,470.0,2,1,3,0,0,sentinel_2_northern_samar_2021-Q3.tif,viirs_northern_samar_2021-Q3.tif,254.0439365995869
20,4,0,2020,291244296180.30774,119.4024762808857,1,1,0,0,1,1,30.0,2,1,2,0,1,sentinel_2_bulacan_2020-Q4.tif,viirs_bulacan_2020-Q4.tif,148.53865259764552
121,4,0,2019,299682074191.28937,117.9406160358257,0,1,1,1,1,0,790.0,2,1,1,0,1,sentinel_2_misamis_oriental_2019-Q4.tif,viirs_misamis_oriental_2019-Q4.tif,189.9288301812204
86,2,0,2019,299682074191.28937,117.3681318135368,0,1,1,1,1,0,400.0,2,0,3,0,2,sentinel_2_ilocos_norte_2019-Q2.tif,viirs_ilocos_norte_2019-Q2.tif,192.9100468728865
66,1,1,2020,4069008481605.98,118.4352913210933,0,3,1,1,1,1,800.0,2,1,2,1,3,sentinel_2_35000_yamaguchi_2020-Q1.tif,viirs_35000_yamaguchi_2020-Q1.tif,2045.5194141657896
107,2,0,2019,299682074191.28937,117.3681318135368,0,1,1,1,1,0,270.0,2,1,3,0,1,sentinel_2_romblon_2019-Q2.tif,viirs_romblon_2019-Q2.tif,170.3953662729241
103,3,0,2020,291244296180.30774,119.1285399053605,0,1,1,1,1,0,950.0,2,1,2,0,0,sentinel_2_sultan_kudarat_2020-Q3.tif,viirs_sultan_kudarat_2020-Q3.tif,157.6458291313644
11,2,1,2023,3993446887350.673,139.5056151606663,0,3,1,1,1,1,870.0,2,1,3,1,3,sentinel_2_45000_miyazaki_2023-Q2.tif,viirs_45000_miyazaki_2023-Q2.tif,1757.417015706806
44,1,1,2023,3993446887350.673,137.8618440412342,0,3,1,1,1,1,430.0,3,1,3,1,3,sentinel_2_28000_hyogo_2023-Q1.tif,viirs_28000_hyogo_2023-Q1.tif,1864.3288165663296
54,3,1,2024,3928801383782.808,144.403145070865,1,3,1,0,1,1,300.0,2,1,1,1,5,sentinel_2_06000_yamagata_2024-Q3.tif,viirs_06000_yamagata_2024-Q3.tif,1782.1024068015072
87,3,0,2020,291244296180.30774,119.1285399053605,0,1,1,1,1,0,460.0,2,1,3,0,1,sentinel_2_iloilo_2020-Q3.tif,viirs_iloilo_2020-Q3.tif,234.5681028322858
120,1,0,2021,332183318448.6994,120.6838014481023,1,1,0,0,1,0,115.0,2,1,2,0,2,sentinel_2_nueva_ecija_2021-Q1.tif,viirs_nueva_ecija_2021-Q1.tif,238.86366409780783
72,1,1,2019,4070264756531.522,115.9781187205398,0,3,1,1,1,1,540.0,2,0,2,1,3,sentinel_2_37000_kagawa_2019-Q1.tif,viirs_37000_kagawa_2019-Q1.tif,1684.0999420011983
27,2,1,2022,3880440088794.578,134.1731806810651,0,3,0,1,1,1,320.0,2,1,1,0,3,sentinel_2_18000_fukui_2022-Q2.tif,viirs_18000_fukui_2022-Q2.tif,1463.8485888033815
115,1,1,2022,3880440088794.578,130.2983261906564,0,3,1,1,1,1,400.0,3,1,2,1,3,sentinel_2_27000_osaka_2022-Q1.tif,viirs_27000_osaka_2022-Q1.tif,1752.5079482024194
101,3,0,2021,332183318448.6994,125.4848727349994,1,1,0,0,1,0,195.0,2,0,2,0,1,sentinel_2_nueva_vizcaya_2021-Q3.tif,viirs_nueva_vizcaya_2021-Q3.tif,255.6352695785643
61,4,1,2020,4069008481605.98,119.4024762808857,0,3,1,1,1,1,680.0,2,1,2,1,3,sentinel_2_34000_hiroshima_2020-Q4.tif,viirs_34000_hiroshima_2020-Q4.tif,2067.2543522183355
108,1,0,2019,299682074191.28937,115.9781187205398,0,1,0,1,1,0,170.0,2,1,3,1,1,sentinel_2_pangasinan_2019-Q1.tif,viirs_pangasinan_2019-Q1.tif,230.73575862997248
57,4,1,2022,3880440088794.578,136.4362131047677,1,3,0,0,1,1,370.0,2,1,2,1,3,sentinel_2_26000_kyoto_2022-Q4.tif,viirs_26000_kyoto_2022-Q4.tif,1846.0973553024185
40,3,1,2020,4069008481605.98,119.1285399053605,0,3,1,1,1,1,0.0,3,1,2,1,3,sentinel_2_13000_tokyo_2020-Q3.tif,viirs_13000_tokyo_2020-Q3.tif,2971.3833977044164
107,2,0,2021,332183318448.6994,123.5075473904579,0,1,1,1,1,0,270.0,2,1,3,0,1,sentinel_2_romblon_2021-Q2.tif,viirs_romblon_2021-Q2.tif,199.0153012382186
69,3,1,2020,4069008481605.98,119.1285399053605,0,3,1,1,1,1,900.0,2,1,2,1,3,sentinel_2_41000_saga_2020-Q3.tif,viirs_41000_saga_2020-Q3.tif,2134.839018163967
63,2,0,2021,332183318448.6994,123.5075473904579,0,1,0,1,1,0,640.0,2,1,3,0,0,sentinel_2_southern_leyte_2021-Q2.tif,viirs_southern_leyte_2021-Q2.tif,221.4870696414793
110,1,1,2023,3993446887350.673,137.8618440412342,0,3,1,1,1,1,300.0,3,1,1,1,3,sentinel_2_04000_miyagi_2023-Q1.tif,viirs_04000_miyagi_2023-Q1.tif,1561.6443251982632
37,2,1,2023,3993446887350.673,139.5056151606663,0,3,1,1,1,1,575.0,2,0,1,1,5,sentinel_2_02000_aomori_2023-Q2.tif,viirs_02000_aomori_2023-Q2.tif,1560.790017803457
25,3,0,2019,299682074191.28937,117.6899153350103,1,1,0,0,1,0,265.0,2,0,2,0,1,sentinel_2_quirino_2019-Q3.tif,viirs_quirino_2019-Q3.tif,191.0585597965642
75,2,0,2020,291244296180.30774,117.7956988014519,0,1,1,1,1,0,850.0,3,1,3,0,0,sentinel_2_surigao_del_sur_2020-Q2.tif,viirs_surigao_del_sur_2020-Q2.tif,152.59407644552746
54,4,1,2021,4247588558872.2593,127.389433729792,0,3,1,0,1,1,300.0,2,1,1,1,5,sentinel_2_06000_yamagata_2021-Q4.tif,viirs_06000_yamagata_2021-Q4.tif,1549.7597090792567
59,2,1,2019,4070264756531.522,117.3681318135368,0,3,1,1,1,1,770.0,2,1,3,1,3,sentinel_2_44000_oita_2019-Q2.tif,viirs_44000_oita_2019-Q2.tif,1827.7388966084889
27,2,1,2019,4070264756531.522,117.3681318135368,0,3,0,1,1,1,320.0,2,1,1,1,3,sentinel_2_18000_fukui_2019-Q2.tif,viirs_18000_fukui_2019-Q2.tif,1653.3032991820764
5,4,0,2021,332183318448.6994,127.389433729792,0,1,1,1,1,0,410.0,2,1,2,0,1,sentinel_2_antique_2021-Q4.tif,viirs_antique_2021-Q4.tif,235.86300051948447
76,1,0,2021,332183318448.6994,120.6838014481023,0,1,0,1,1,0,1030.0,2,1,2,0,0,sentinel_2_sarangani_2021-Q1.tif,viirs_sarangani_2021-Q1.tif,221.50460111461345
32,1,0,2021,332183318448.6994,120.6838014481023,0,1,1,1,1,0,400.0,2,1,3,0,1,sentinel_2_capiz_2021-Q1.tif,viirs_capiz_2021-Q1.tif,181.45139516707707
83,2,0,2020,291244296180.30774,117.7956988014519,0,1,1,1,1,0,630.0,2,1,2,0,1,sentinel_2_negros_oriental_2020-Q2.tif,viirs_negros_oriental_2020-Q2.tif,310.5900617927735
111,1,1,2024,3928801383782.808,142.3299725681459,0,3,1,1,1,1,250.0,3,1,1,1,3,sentinel_2_07000_fukushima_2024-Q1.tif,viirs_07000_fukushima_2024-Q1.tif,1709.1875758803512
22,1,1,2020,4069008481605.98,118.4352913210933,0,3,1,1,1,1,500.0,2,1,2,1,3,sentinel_2_31000_tottori_2020-Q1.tif,viirs_31000_tottori_2020-Q1.tif,1977.9623048927497
40,3,1,2019,4070264756531.522,117.6899153350103,0,3,1,1,1,1,0.0,3,1,2,1,3,sentinel_2_13000_tokyo_2019-Q3.tif,viirs_13000_tokyo_2019-Q3.tif,3110.126019585606
18,2,0,2021,332183318448.6994,123.5075473904579,0,1,1,1,1,0,350.0,2,1,3,0,1,sentinel_2_aklan_2021-Q2.tif,viirs_aklan_2021-Q2.tif,296.0226435573197
80,2,0,2019,299682074191.28937,117.3681318135368,1,1,0,0,1,0,340.0,2,1,2,0,1,sentinel_2_kalinga_2019-Q2.tif,viirs_kalinga_2019-Q2.tif,220.19849168795488
63,4,0,2019,299682074191.28937,117.9406160358257,0,1,0,1,1,0,640.0,2,1,3,0,0,sentinel_2_southern_leyte_2019-Q4.tif,viirs_southern_leyte_2019-Q4.tif,203.5446172722731
82,4,0,2020,291244296180.30774,119.4024762808857,0,1,1,1,1,0,170.0,2,1,3,0,1,sentinel_2_marinduque_2020-Q4.tif,viirs_marinduque_2020-Q4.tif,197.28962333646916
29,4,0,2021,332183318448.6994,127.389433729792,0,1,0,1,1,0,790.0,2,1,2,0,0,sentinel_2_lanao_del_norte_2021-Q4.tif,viirs_lanao_del_norte_2021-Q4.tif,94.61250382390796
38,3,1,2021,4247588558872.2593,125.4848727349994,0,3,1,1,1,1,540.0,2,1,2,1,3,sentinel_2_33000_okayama_2021-Q3.tif,viirs_33000_okayama_2021-Q3.tif,1745.1338616409842
66,4,1,2024,3928801383782.808,144.7279859179582,0,3,1,1,1,1,800.0,2,0,2,1,3,sentinel_2_35000_yamaguchi_2024-Q4.tif,viirs_35000_yamaguchi_2024-Q4.tif,2213.6736226223625
53,1,1,2022,3880440088794.578,130.2983261906564,0,3,1,1,1,1,250.0,2,1,1,1,3,sentinel_2_15000_niigata_2022-Q1.tif,viirs_15000_niigata_2022-Q1.tif,1561.117934665032
50,1,0,2020,291244296180.30774,118.4352913210933,1,1,0,0,1,0,110.0,2,1,3,0,1,sentinel_2_tarlac_2020-Q1.tif,viirs_tarlac_2020-Q1.tif,195.6196542096507
58,4,1,2023,3993446887350.673,140.8613862067226,0,3,1,1,1,1,320.0,3,1,3,1,3,sentinel_2_24000_mie_2023-Q4.tif,viirs_24000_mie_2023-Q4.tif,1742.7302934661702
17,2,1,2020,4069008481605.98,117.7956988014519,0,3,1,1,1,1,625.0,3,1,3,1,3,sentinel_2_39000_kochi_2020-Q2.tif,viirs_39000_kochi_2020-Q2.tif,1811.234161641221
76,1,0,2020,291244296180.30774,118.4352913210933,0,1,0,1,1,0,1030.0,2,1,2,0,0,sentinel_2_sarangani_2020-Q1.tif,viirs_sarangani_2020-Q1.tif,162.1064274819405
36,2,0,2020,291244296180.30774,117.7956988014519,1,1,1,0,1,0,1000.0,2,1,1,1,1,sentinel_2_south_cotabato_2020-Q2.tif,viirs_south_cotabato_2020-Q2.tif,168.34334545713938
105,2,0,2020,291244296180.30774,117.7956988014519,0,1,0,1,1,0,470.0,2,0,2,0,1,sentinel_2_guimaras_2020-Q2.tif,viirs_guimaras_2020-Q2.tif,225.00744972781692
124,2,0,2021,332183318448.6994,123.5075473904579,1,0,0,0,1,0,820.0,2,1,1,0,0,sentinel_2_lanao_del_sur_2021-Q2.tif,viirs_lanao_del_sur_2021-Q2.tif,153.24104036066504
85,1,0,2020,291244296180.30774,118.4352913210933,0,1,1,1,1,1,260.0,2,1,3,0,1,sentinel_2_camarines_sur_2020-Q1.tif,viirs_camarines_sur_2020-Q1.tif,194.4601463662908
23,2,0,2021,332183318448.6994,123.5075473904579,0,1,1,1,1,0,500.0,2,1,3,0,0,sentinel_2_samar_2021-Q2.tif,viirs_samar_2021-Q2.tif,341.0556941223512
54,1,1,2023,3993446887350.673,137.8618440412342,1,3,1,0,1,1,300.0,2,1,1,0,5,sentinel_2_06000_yamagata_2023-Q1.tif,viirs_06000_yamagata_2023-Q1.tif,1470.6433971028184
77,3,1,2019,4070264756531.522,117.6899153350103,1,3,1,0,1,1,180.0,2,0,1,0,5,sentinel_2_20000_nagano_2019-Q3.tif,viirs_20000_nagano_2019-Q3.tif,1756.7422514362613
16,4,1,2022,3880440088794.578,136.4362131047677,0,3,1,1,1,1,260.0,2,0,1,0,3,sentinel_2_16000_toyama_2022-Q4.tif,viirs_16000_toyama_2022-Q4.tif,1711.7916534069952
29,3,0,2020,291244296180.30774,119.1285399053605,0,1,0,1,1,0,790.0,2,1,2,1,0,sentinel_2_lanao_del_norte_2020-Q3.tif,viirs_lanao_del_norte_2020-Q3.tif,188.88559567427487
88,2,1,2024,3928801383782.808,143.9682405014625,0,3,1,1,1,1,30.0,3,1,2,1,3,sentinel_2_14000_kanagawa_2024-Q2.tif,viirs_14000_kanagawa_2024-Q2.tif,1930.000151285736
94,4,0,2019,299682074191.28937,117.9406160358257,0,1,0,1,1,0,220.0,2,1,3,0,1,sentinel_2_camarines_norte_2019-Q4.tif,viirs_camarines_norte_2019-Q4.tif,219.623624466612
5,3,0,2019,299682074191.28937,117.6899153350103,0,1,1,1,1,0,410.0,2,1,3,0,1,sentinel_2_antique_2019-Q3.tif,viirs_antique_2019-Q3.tif,316.4575642889596
41,3,0,2020,291244296180.30774,119.1285399053605,0,1,1,1,1,0,750.0,3,1,3,0,0,sentinel_2_surigao_del_norte_2020-Q3.tif,viirs_surigao_del_norte_2020-Q3.tif,147.2792759803589
49,3,0,2020,291244296180.30774,119.1285399053605,0,1,1,1,1,0,580.0,1,0,2,0,1,sentinel_2_palawan_2020-Q3.tif,viirs_palawan_2020-Q3.tif,241.6341184164313
99,2,0,2020,291244296180.30774,117.7956988014519,0,1,1,1,1,0,570.0,3,1,4,0,0,sentinel_2_eastern_samar_2020-Q2.tif,viirs_eastern_samar_2020-Q2.tif,202.36576447694293
66,1,1,2019,4070264756531.522,115.9781187205398,0,3,1,1,1,1,800.0,2,1,2,1,3,sentinel_2_35000_yamaguchi_2019-Q1.tif,viirs_35000_yamaguchi_2019-Q1.tif,1858.544568635901
79,2,0,2019,299682074191.28937,117.3681318135368,0,1,1,1,1,0,630.0,2,1,2,0,1,sentinel_2_bohol_2019-Q2.tif,viirs_bohol_2019-Q2.tif,182.9419143244764
57,2,1,2020,4069008481605.98,117.7956988014519,1,3,0,0,1,1,370.0,2,1,2,1,3,sentinel_2_26000_kyoto_2020-Q2.tif,viirs_26000_kyoto_2020-Q2.tif,2400.9921041380835
76,3,0,2021,332183318448.6994,125.4848727349994,0,1,0,1,1,0,1030.0,2,1,2,0,0,sentinel_2_sarangani_2021-Q3.tif,viirs_sarangani_2021-Q3.tif,151.22833128126152
91,2,0,2021,332183318448.6994,123.5075473904579,0,2,1,1,1,1,0.0,3,1,2,0,1,sentinel_2_national_capital_region_2021-Q2.tif,viirs_national_capital_region_2021-Q2.tif,305.4436581185281
59,4,1,2021,4247588558872.2593,127.389433729792,0,3,1,1,1,1,770.0,2,1,2,1,3,sentinel_2_44000_oita_2021-Q4.tif,viirs_44000_oita_2021-Q4.tif,1607.581611969019
98,3,1,2024,3928801383782.808,144.403145070865,0,3,1,1,1,1,670.0,2,1,3,1,3,sentinel_2_38000_ehime_2024-Q3.tif,viirs_38000_ehime_2024-Q3.tif,1526.028379047107
94,3,0,2021,332183318448.6994,125.4848727349994,0,1,0,1,1,0,220.0,2,1,3,0,1,sentinel_2_camarines_norte_2021-Q3.tif,viirs_camarines_norte_2021-Q3.tif,304.3010939192173
75,2,0,2019,299682074191.28937,117.3681318135368,0,1,1,1,1,0,850.0,3,1,3,0,0,sentinel_2_surigao_del_sur_2019-Q2.tif,viirs_surigao_del_sur_2019-Q2.tif,176.20183569351343
101,2,0,2020,291244296180.30774,117.7956988014519,1,1,0,0,1,0,195.0,2,1,2,0,1,sentinel_2_nueva_vizcaya_2020-Q2.tif,viirs_nueva_vizcaya_2020-Q2.tif,246.8032997258616
88,1,1,2023,3993446887350.673,137.8618440412342,0,3,1,1,1,1,30.0,3,1,3,1,3,sentinel_2_14000_kanagawa_2023-Q1.tif,viirs_14000_kanagawa_2023-Q1.tif,1866.368280718689
29,1,0,2021,332183318448.6994,120.6838014481023,0,1,0,1,1,0,790.0,2,1,2,0,0,sentinel_2_lanao_del_norte_2021-Q1.tif,viirs_lanao_del_norte_2021-Q1.tif,164.18595168801363
88,3,1,2020,4069008481605.98,119.1285399053605,0,3,1,1,1,1,30.0,3,1,1,1,3,sentinel_2_14000_kanagawa_2020-Q3.tif,viirs_14000_kanagawa_2020-Q3.tif,2244.963645242396
28,4,0,2020,291244296180.30774,119.4024762808857,1,1,1,0,1,0,285.0,2,1,3,0,1,sentinel_2_isabela_2020-Q4.tif,viirs_isabela_2020-Q4.tif,185.7517419854063
9,4,0,2021,332183318448.6994,127.389433729792,0,1,1,1,1,0,370.0,2,1,4,0,0,sentinel_2_catanduanes_2021-Q4.tif,viirs_catanduanes_2021-Q4.tif,369.6930728967057
30,3,0,2019,299682074191.28937,117.6899153350103,0,1,1,1,1,0,150.0,2,1,3,0,1,sentinel_2_occidental_mindoro_2019-Q3.tif,viirs_occidental_mindoro_2019-Q3.tif,296.07882836299063
111,4,1,2024,3928801383782.808,144.7279859179582,0,3,1,1,1,1,250.0,3,1,1,1,3,sentinel_2_07000_fukushima_2024-Q4.tif,viirs_07000_fukushima_2024-Q4.tif,1717.4793445279124
106,1,1,2022,3880440088794.578,130.2983261906564,0,3,1,1,1,1,830.0,3,1,1,0,6,sentinel_2_01000_hokkaido_2022-Q1.tif,viirs_01000_hokkaido_2022-Q1.tif,2000.4354925870628
41,3,0,2021,332183318448.6994,125.4848727349994,0,1,1,1,1,0,750.0,3,1,3,0,0,sentinel_2_surigao_del_norte_2021-Q3.tif,viirs_surigao_del_norte_2021-Q3.tif,143.98340838748857
102,4,1,2019,4070264756531.522,117.9406160358257,0,3,1,1,1,1,100.0,3,1,3,1,3,sentinel_2_08000_ibaraki_2019-Q4.tif,viirs_08000_ibaraki_2019-Q4.tif,1563.661276267782
44,2,1,2019,4070264756531.522,117.3681318135368,0,3,1,1,1,1,430.0,3,1,2,1,3,sentinel_2_28000_hyogo_2019-Q2.tif,viirs_28000_hyogo_2019-Q2.tif,1904.8804694331743
12,4,1,2020,4069008481605.98,119.4024762808857,0,3,1,1,1,1,970.0,3,1,3,1,3,sentinel_2_46000_kagoshima_2020-Q4.tif,viirs_46000_kagoshima_2020-Q4.tif,2129.708397205153
31,1,1,2024,3928801383782.808,142.3299725681459,1,3,0,0,1,1,22.5,2,1,2,1,3,sentinel_2_11000_saitama_2024-Q1.tif,viirs_11000_saitama_2024-Q1.tif,1635.8939474212325
107,3,0,2019,299682074191.28937,117.6899153350103,0,1,1,1,1,0,270.0,2,1,3,0,1,sentinel_2_romblon_2019-Q3.tif,viirs_romblon_2019-Q3.tif,174.6323596725873
112,1,0,2020,291244296180.30774,118.4352913210933,0,1,0,1,1,0,950.0,2,1,3,0,0,sentinel_2_davao_oriental_2020-Q1.tif,viirs_davao_oriental_2020-Q1.tif,185.13693265704896
98,2,1,2022,3880440088794.578,134.1731806810651,0,3,1,1,1,1,670.0,2,1,3,1,3,sentinel_2_38000_ehime_2022-Q2.tif,viirs_38000_ehime_2022-Q2.tif,1371.328686109135
1,1,1,2019,4070264756531.522,115.9781187205398,1,3,0,0,1,1,370.0,2,1,2,1,3,sentinel_2_29000_nara_2019-Q1.tif,viirs_29000_nara_2019-Q1.tif,1715.501942424894
31,3,1,2023,3993446887350.673,140.714328844415,1,3,0,0,1,1,22.5,2,1,1,1,3,sentinel_2_11000_saitama_2023-Q3.tif,viirs_11000_saitama_2023-Q3.tif,1607.9574079311255
97,4,0,2020,291244296180.30774,119.4024762808857,0,1,0,1,1,0,340.0,2,1,3,1,2,sentinel_2_ilocos_sur_2020-Q4.tif,viirs_ilocos_sur_2020-Q4.tif,205.04877209256347
21,1,1,2020,4069008481605.98,118.4352913210933,0,3,1,1,1,1,500.0,3,1,2,1,3,sentinel_2_36000_tokushima_2020-Q1.tif,viirs_36000_tokushima_2020-Q1.tif,1782.6494108050758
72,4,1,2019,4070264756531.522,117.9406160358257,0,3,1,1,1,1,540.0,2,0,2,1,3,sentinel_2_37000_kagawa_2019-Q4.tif,viirs_37000_kagawa_2019-Q4.tif,1641.8169242955796
96,2,0,2020,291244296180.30774,117.7956988014519,0,0,0,1,1,0,880.0,2,0,2,0,0,sentinel_2_basilan_2020-Q2.tif,viirs_basilan_2020-Q2.tif,45.45076930004778
54,3,1,2023,3993446887350.673,140.714328844415,1,3,1,0,1,1,300.0,2,1,1,0,5,sentinel_2_06000_yamagata_2023-Q3.tif,viirs_06000_yamagata_2023-Q3.tif,1532.369883517189
98,2,1,2020,4069008481605.98,117.7956988014519,0,3,1,1,1,1,670.0,2,1,3,1,3,sentinel_2_38000_ehime_2020-Q2.tif,viirs_38000_ehime_2020-Q2.tif,1673.3861082114713
23,3,0,2019,299682074191.28937,117.6899153350103,0,1,1,1,1,0,500.0,2,1,3,0,0,sentinel_2_samar_2019-Q3.tif,viirs_samar_2019-Q3.tif,235.6185418834906
81,2,1,2024,3928801383782.808,143.9682405014625,0,3,1,1,1,1,260.0,3,1,2,1,3,sentinel_2_23000_aichi_2024-Q2.tif,viirs_23000_aichi_2024-Q2.tif,1534.2972223206923
88,4,1,2020,4069008481605.98,119.4024762808857,0,3,1,1,1,1,30.0,3,1,1,1,3,sentinel_2_14000_kanagawa_2020-Q4.tif,viirs_14000_kanagawa_2020-Q4.tif,2270.1195221476355
28,1,0,2020,291244296180.30774,118.4352913210933,1,1,1,0,1,0,285.0,2,1,3,0,1,sentinel_2_isabela_2020-Q1.tif,viirs_isabela_2020-Q1.tif,165.67942413778923
25,3,0,2021,332183318448.6994,125.4848727349994,1,1,0,0,1,0,265.0,2,1,2,0,1,sentinel_2_quirino_2021-Q3.tif,viirs_quirino_2021-Q3.tif,254.97258022434897
20,4,0,2021,332183318448.6994,127.389433729792,0,1,0,0,1,1,30.0,2,1,3,0,1,sentinel_2_bulacan_2021-Q4.tif,viirs_bulacan_2021-Q4.tif,190.82931331636124
58,3,1,2020,4069008481605.98,119.1285399053605,0,3,0,1,1,1,320.0,3,1,2,1,3,sentinel_2_24000_mie_2020-Q3.tif,viirs_24000_mie_2020-Q3.tif,1850.491892052283
54,4,1,2023,3993446887350.673,140.8613862067226,1,3,1,0,1,1,300.0,2,1,1,0,5,sentinel_2_06000_yamagata_2023-Q4.tif,viirs_06000_yamagata_2023-Q4.tif,1665.9359796966028
30,1,0,2020,291244296180.30774,118.4352913210933,0,1,1,1,1,0,150.0,2,1,2,0,1,sentinel_2_occidental_mindoro_2020-Q1.tif,viirs_occidental_mindoro_2020-Q1.tif,280.97814312983866
