data_id,geolocation_name,quarter_label,country,year,deflated_gdp_usd,us_cpi,developed_country,landlocked,region_economic_classification,access_to_airport,access_to_port,access_to_highway,access_to_railway,straight_distance_to_capital_km,seismic_hazard_zone,flood_risk_class,tropical_cyclone_wind_risk,tornadoes_wind_risk,koppen_climate_zone,sentinel2_tiff_file_name,viirs_tiff_file_name,construction_cost_per_m2_usd
LP81L,Dinagat Islands,2019-Q3,Philippines,2019,299682074191.28937,117.6899153350103,No,No,Lower-middle income,No,Yes,Yes,No,770.0,Moderate,Yes,High,Very Low,Af,sentinel_2_dinagat_islands_2019-Q3.tif,viirs_dinagat_islands_2019-Q3.tif,129.9974201590657
2IZ5P,Cotabato,2020-Q4,Philippines,2020,291244296180.30774,119.4024762808857,No,Yes,Lower-middle income,Yes,No,Yes,No,870.0,High,Yes,Moderate,Very Low,Af,sentinel_2_cotabato_2020-Q4.tif,viirs_cotabato_2020-Q4.tif,377.2799614242616
RJ5XF,Pampanga,2019-Q3,Philippines,2019,299682074191.28937,117.6899153350103,No,Yes,Lower-middle income,Yes,No,Yes,Yes,65.0,Moderate,Yes,Moderate,Very Low,Am,sentinel_2_pampanga_2019-Q3.tif,viirs_pampanga_2019-Q3.tif,163.9056883019777
KM95D,Antique,2019-Q1,Philippines,2019,299682074191.28937,115.9781187205398,No,No,Lower-middle income,Yes,Yes,Yes,No,410.0,Moderate,Yes,High,Very Low,Am,sentinel_2_antique_2019-Q1.tif,viirs_antique_2019-Q1.tif,236.31560437665115
O1I3M,Catanduanes,2019-Q1,Philippines,2019,299682074191.28937,115.9781187205398,No,No,Lower-middle income,Yes,Yes,Yes,No,370.0,Moderate,Yes,Very High,Very Low,Af,sentinel_2_catanduanes_2019-Q1.tif,viirs_catanduanes_2019-Q1.tif,173.96785449998526
VHOTQ,Leyte,2019-Q1,Philippines,2019,299682074191.28937,115.9781187205398,No,No,Lower-middle income,Yes,Yes,Yes,No,570.0,Moderate,Yes,High,Very Low,Af,sentinel_2_leyte_2019-Q1.tif,viirs_leyte_2019-Q1.tif,141.77724064398484
81BMQ,Aklan,2021-Q1,Philippines,2021,332183318448.6994,120.6838014481023,No,No,Lower-middle income,Yes,Yes,Yes,No,350.0,Moderate,Yes,High,Very Low,Am,sentinel_2_aklan_2021-Q1.tif,viirs_aklan_2021-Q1.tif,295.94368015463374
W1WUD,Davao del Sur,2020-Q1,Philippines,2020,291244296180.30774,118.4352913210933,No,No,Lower-middle income,Yes,Yes,Yes,No,970.0,High,Yes,Moderate,Very Low,Af,sentinel_2_davao_del_sur_2020-Q1.tif,viirs_davao_del_sur_2020-Q1.tif,230.4855693132282
JZP97,Bulacan,2021-Q2,Philippines,2021,332183318448.6994,123.5075473904579,No,No,Lower-middle income,No,No,Yes,Yes,30.0,Moderate,Yes,High,Very Low,Am,sentinel_2_bulacan_2021-Q2.tif,viirs_bulacan_2021-Q2.tif,209.96006809930336
2BHAI,Dinagat Islands,2021-Q2,Philippines,2021,332183318448.6994,123.5075473904579,No,No,Lower-middle income,No,Yes,No,No,770.0,Moderate,Yes,High,Very Low,Af,sentinel_2_dinagat_islands_2021-Q2.tif,viirs_dinagat_islands_2021-Q2.tif,159.357989488004
PEGLN,Samar,2020-Q4,Philippines,2020,291244296180.30774,119.4024762808857,No,No,Lower-middle income,Yes,Yes,Yes,No,500.0,Moderate,Yes,High,Very Low,Af,sentinel_2_samar_2020-Q4.tif,viirs_samar_2020-Q4.tif,457.2029544438361
Z52QZ,Northern Samar,2019-Q1,Philippines,2019,299682074191.28937,115.9781187205398,No,No,Lower-middle income,Yes,Yes,Yes,No,470.0,Moderate,Yes,High,Very Low,Af,sentinel_2_northern_samar_2019-Q1.tif,viirs_northern_samar_2019-Q1.tif,290.45753931795343
K5J42,Quirino,2020-Q1,Philippines,2020,291244296180.30774,118.4352913210933,No,Yes,Lower-middle income,No,No,Yes,No,265.0,Moderate,Yes,Moderate,Very Low,Am,sentinel_2_quirino_2020-Q1.tif,viirs_quirino_2020-Q1.tif,237.01969209401705
V9DT9,Isabela,2019-Q1,Philippines,2019,299682074191.28937,115.9781187205398,No,Yes,Lower-middle income,Yes,No,Yes,No,285.0,Moderate,Yes,High,Very Low,Am,sentinel_2_isabela_2019-Q1.tif,viirs_isabela_2019-Q1.tif,164.89512456913235
DQZ05,Lanao del Norte,2019-Q3,Philippines,2019,299682074191.28937,117.6899153350103,No,No,Lower-middle income,No,Yes,Yes,No,790.0,Moderate,Yes,Moderate,Very Low,Af,sentinel_2_lanao_del_norte_2019-Q3.tif,viirs_lanao_del_norte_2019-Q3.tif,140.20714554759803
486I3,Occidental Mindoro,2020-Q3,Philippines,2020,291244296180.30774,119.1285399053605,No,No,Lower-middle income,Yes,Yes,Yes,No,150.0,Moderate,Yes,Moderate,Very Low,Am,sentinel_2_occidental_mindoro_2020-Q3.tif,viirs_occidental_mindoro_2020-Q3.tif,143.21617229137587
QQQ5L,Cotabato,2019-Q1,Philippines,2019,299682074191.28937,115.9781187205398,No,Yes,Lower-middle income,Yes,No,Yes,No,870.0,High,Yes,Moderate,Very Low,Af,sentinel_2_cotabato_2019-Q1.tif,viirs_cotabato_2019-Q1.tif,111.27126722727216
0YEHV,Capiz,2019-Q1,Philippines,2019,299682074191.28937,115.9781187205398,No,No,Lower-middle income,Yes,Yes,Yes,No,400.0,Moderate,Yes,High,Very Low,Am,sentinel_2_capiz_2019-Q1.tif,viirs_capiz_2019-Q1.tif,227.8876850346824
RGYBX,Abra,2019-Q1,Philippines,2019,299682074191.28937,115.9781187205398,No,Yes,Lower-middle income,No,No,Yes,No,330.0,High,Yes,Moderate,Very Low,Am,sentinel_2_abra_2019-Q1.tif,viirs_abra_2019-Q1.tif,178.06872669595893
8EKXD,Agusan del Norte,2020-Q3,Philippines,2020,291244296180.30774,119.1285399053605,No,No,Lower-middle income,Yes,Yes,Yes,No,800.0,Moderate,Yes,Moderate,Very Low,Af,sentinel_2_agusan_del_norte_2020-Q3.tif,viirs_agusan_del_norte_2020-Q3.tif,206.4482223303457
MWPQ8,South Cotabato,2021-Q2,Philippines,2021,332183318448.6994,123.5075473904579,No,Yes,Lower-middle income,Yes,No,Yes,No,1000.0,Moderate,Yes,Low,Very Low,Am,sentinel_2_south_cotabato_2021-Q2.tif,viirs_south_cotabato_2021-Q2.tif,153.4776091619691
IV9IW,Isabela,2020-Q2,Philippines,2020,291244296180.30774,117.7956988014519,No,Yes,Lower-middle income,Yes,No,Yes,No,285.0,Moderate,Yes,High,Very Low,Am,sentinel_2_isabela_2020-Q2.tif,viirs_isabela_2020-Q2.tif,169.24735051980565
2OOUX,Ifugao,2019-Q3,Philippines,2019,299682074191.28937,117.6899153350103,No,Yes,Lower-middle income,No,No,Yes,No,240.0,Moderate,Yes,Moderate,Very Low,Cwb,sentinel_2_ifugao_2019-Q3.tif,viirs_ifugao_2019-Q3.tif,124.55879739076364
BMZRR,Bulacan,2021-Q3,Philippines,2021,332183318448.6994,125.4848727349994,No,No,Lower-middle income,No,No,Yes,Yes,30.0,Moderate,Yes,High,Very Low,Am,sentinel_2_bulacan_2021-Q3.tif,viirs_bulacan_2021-Q3.tif,188.78132785559427
K1KO6,Surigao del Norte,2021-Q4,Philippines,2021,332183318448.6994,127.389433729792,No,No,Lower-middle income,Yes,Yes,Yes,No,750.0,High,Yes,High,Very Low,Af,sentinel_2_surigao_del_norte_2021-Q4.tif,viirs_surigao_del_norte_2021-Q4.tif,140.96768951609243
Z5UH8,Benguet,2019-Q1,Philippines,2019,299682074191.28937,115.9781187205398,No,Yes,Lower-middle income,No,No,Yes,No,210.0,High,No,High,Very Low,Cwb,sentinel_2_benguet_2019-Q1.tif,viirs_benguet_2019-Q1.tif,236.112644263592
U6PY0,Albay,2020-Q2,Philippines,2020,291244296180.30774,117.7956988014519,No,No,Lower-middle income,Yes,Yes,Yes,Yes,330.0,High,Yes,Very High,Very Low,Af,sentinel_2_albay_2020-Q2.tif,viirs_albay_2020-Q2.tif,164.7931628587885
20J1O,Samar,2021-Q4,Philippines,2021,332183318448.6994,127.389433729792,No,No,Lower-middle income,Yes,Yes,Yes,No,500.0,Moderate,Yes,High,Very Low,Af,sentinel_2_samar_2021-Q4.tif,viirs_samar_2021-Q4.tif,243.78689003546293
5TVV8,Mountain Province,2019-Q3,Philippines,2019,299682074191.28937,117.6899153350103,No,Yes,Lower-middle income,No,No,Yes,No,280.0,High,No,Low,Very Low,Cwb,sentinel_2_mountain_province_2019-Q3.tif,viirs_mountain_province_2019-Q3.tif,245.40414262823444
HWHG0,Oriental Mindoro,2020-Q2,Philippines,2020,291244296180.30774,117.7956988014519,No,No,Lower-middle income,Yes,Yes,Yes,No,130.0,Moderate,Yes,High,Very Low,Am,sentinel_2_oriental_mindoro_2020-Q2.tif,viirs_oriental_mindoro_2020-Q2.tif,152.87136473190708
WZ940,Camiguin,2019-Q3,Philippines,2019,299682074191.28937,117.6899153350103,No,No,Lower-middle income,Yes,Yes,Yes,No,780.0,Moderate,No,Moderate,Very Low,Af,sentinel_2_camiguin_2019-Q3.tif,viirs_camiguin_2019-Q3.tif,149.05776632301553
9ZDO0,Palawan,2019-Q3,Philippines,2019,299682074191.28937,117.6899153350103,No,No,Lower-middle income,Yes,Yes,Yes,No,580.0,Low,No,Low,Very Low,Am,sentinel_2_palawan_2019-Q3.tif,viirs_palawan_2019-Q3.tif,230.7129124465073
M1FT0,Tarlac,2021-Q3,Philippines,2021,332183318448.6994,125.4848727349994,No,Yes,Lower-middle income,No,No,Yes,No,110.0,Moderate,Yes,Moderate,Low,Am,sentinel_2_tarlac_2021-Q3.tif,viirs_tarlac_2021-Q3.tif,355.22336682582915
VV8SU,Cagayan,2019-Q2,Philippines,2019,299682074191.28937,117.3681318135368,No,No,Lower-middle income,Yes,Yes,Yes,No,350.0,Moderate,Yes,High,Very Low,Am,sentinel_2_cagayan_2019-Q2.tif,viirs_cagayan_2019-Q2.tif,230.8109418283658
47EN4,Pampanga,2020-Q1,Philippines,2020,291244296180.30774,118.4352913210933,No,Yes,Lower-middle income,Yes,No,Yes,Yes,65.0,Moderate,Yes,High,Very Low,Am,sentinel_2_pampanga_2020-Q1.tif,viirs_pampanga_2020-Q1.tif,214.77078116046772
DW56F,Capiz,2021-Q2,Philippines,2021,332183318448.6994,123.5075473904579,No,No,Lower-middle income,Yes,Yes,Yes,No,400.0,Moderate,Yes,High,Very Low,Am,sentinel_2_capiz_2021-Q2.tif,viirs_capiz_2021-Q2.tif,156.86817776087568
9XKA4,Isabela,2021-Q3,Philippines,2021,332183318448.6994,125.4848727349994,No,Yes,Lower-middle income,Yes,No,Yes,No,285.0,Moderate,Yes,High,Very Low,Am,sentinel_2_isabela_2021-Q3.tif,viirs_isabela_2021-Q3.tif,403.8669606878051
N6937,Lanao del Norte,2019-Q1,Philippines,2019,299682074191.28937,115.9781187205398,No,No,Lower-middle income,No,Yes,Yes,No,790.0,Moderate,Yes,Moderate,Very Low,Af,sentinel_2_lanao_del_norte_2019-Q1.tif,viirs_lanao_del_norte_2019-Q1.tif,118.02167066191186
2837C,Agusan del Sur,2021-Q4,Philippines,2021,332183318448.6994,127.389433729792,No,Yes,Lower-middle income,No,No,Yes,No,800.0,Moderate,Yes,Moderate,Very Low,Af,sentinel_2_agusan_del_sur_2021-Q4.tif,viirs_agusan_del_sur_2021-Q4.tif,384.85994415091017
T8JBB,Zambales,2019-Q3,Philippines,2019,299682074191.28937,117.6899153350103,No,No,Lower-middle income,Yes,Yes,Yes,No,115.0,Moderate,Yes,High,Very Low,Am,sentinel_2_zambales_2019-Q3.tif,viirs_zambales_2019-Q3.tif,290.42083600099403
J9HVC,Southern Leyte,2020-Q1,Philippines,2020,291244296180.30774,118.4352913210933,No,No,Lower-middle income,No,Yes,Yes,No,640.0,Moderate,Yes,High,Very Low,Af,sentinel_2_southern_leyte_2020-Q1.tif,viirs_southern_leyte_2020-Q1.tif,132.14489311921963
EH1VR,Davao Occidental,2019-Q3,Philippines,2019,299682074191.28937,117.6899153350103,No,No,Lower-middle income,No,No,Yes,No,1050.0,Moderate,Yes,Low,Very Low,Af,sentinel_2_davao_occidental_2019-Q3.tif,viirs_davao_occidental_2019-Q3.tif,146.8697617431454
EDTCX,Misamis Occidental,2020-Q3,Philippines,2020,291244296180.30774,119.1285399053605,No,No,Lower-middle income,Yes,Yes,Yes,No,780.0,Moderate,Yes,Moderate,Very Low,Af,sentinel_2_misamis_occidental_2020-Q3.tif,viirs_misamis_occidental_2020-Q3.tif,175.8983287397188
K06AK,Catanduanes,2021-Q2,Philippines,2021,332183318448.6994,123.5075473904579,No,No,Lower-middle income,Yes,Yes,Yes,No,370.0,Moderate,Yes,Very High,Very Low,Af,sentinel_2_catanduanes_2021-Q2.tif,viirs_catanduanes_2021-Q2.tif,339.7938657345474
MZB3I,Aurora,2019-Q2,Philippines,2019,299682074191.28937,117.3681318135368,No,No,Lower-middle income,No,No,Yes,No,145.0,High,Yes,High,Very Low,Af,sentinel_2_aurora_2019-Q2.tif,viirs_aurora_2019-Q2.tif,152.3546899719535
JEDGF,Cotabato,2021-Q3,Philippines,2021,332183318448.6994,125.4848727349994,No,No,Lower-middle income,Yes,Yes,Yes,No,870.0,High,Yes,Moderate,Low,Af,sentinel_2_cotabato_2021-Q3.tif,viirs_cotabato_2021-Q3.tif,319.1780745286265
HC7JV,Zamboanga del Norte,2021-Q4,Philippines,2021,332183318448.6994,127.389433729792,No,No,Lower-middle income,Yes,Yes,Yes,No,690.0,Moderate,Yes,Moderate,Very Low,Am,sentinel_2_zamboanga_del_norte_2021-Q4.tif,viirs_zamboanga_del_norte_2021-Q4.tif,106.09923603789032
OR17D,Quezon,2021-Q4,Philippines,2021,332183318448.6994,127.389433729792,No,No,Lower-middle income,Yes,Yes,Yes,No,95.0,Moderate,Yes,High,Very Low,Am,sentinel_2_quezon_2021-Q4.tif,viirs_quezon_2021-Q4.tif,238.52947125494703
4FDD7,Surigao del Sur,2019-Q4,Philippines,2019,299682074191.28937,117.9406160358257,No,No,Lower-middle income,Yes,Yes,Yes,No,850.0,High,Yes,High,Very Low,Af,sentinel_2_surigao_del_sur_2019-Q4.tif,viirs_surigao_del_sur_2019-Q4.tif,175.39690484011513
B34KU,Antique,2020-Q4,Philippines,2020,291244296180.30774,119.4024762808857,No,No,Lower-middle income,Yes,Yes,Yes,No,410.0,Moderate,Yes,Moderate,Very Low,Am,sentinel_2_antique_2020-Q4.tif,viirs_antique_2020-Q4.tif,258.92783642535227
Q48EN,Sarangani,2019-Q2,Philippines,2019,299682074191.28937,117.3681318135368,No,No,Lower-middle income,No,Yes,Yes,No,1030.0,Moderate,Yes,Moderate,Very Low,Af,sentinel_2_sarangani_2019-Q2.tif,viirs_sarangani_2019-Q2.tif,133.65563676254132
2KODW,Davao Occidental,2020-Q3,Philippines,2020,291244296180.30774,119.1285399053605,No,No,Lower-middle income,No,Yes,Yes,No,1050.0,Moderate,Yes,Moderate,Very Low,Af,sentinel_2_davao_occidental_2020-Q3.tif,viirs_davao_occidental_2020-Q3.tif,253.4481428645265
24TKB,Batangas,2020-Q3,Philippines,2020,291244296180.30774,119.1285399053605,No,No,Lower-middle income,No,Yes,Yes,No,85.0,High,Yes,High,Very Low,Am,sentinel_2_batangas_2020-Q3.tif,viirs_batangas_2020-Q3.tif,216.49701211708333
7RV4N,Davao Occidental,2021-Q3,Philippines,2021,332183318448.6994,125.4848727349994,No,No,Lower-middle income,No,No,Yes,No,1050.0,Moderate,Yes,Low,Very Low,Af,sentinel_2_davao_occidental_2021-Q3.tif,viirs_davao_occidental_2021-Q3.tif,198.90013951360297
D3IH6,Bohol,2019-Q1,Philippines,2019,299682074191.28937,115.9781187205398,No,No,Lower-middle income,Yes,Yes,Yes,No,630.0,Moderate,Yes,Moderate,Very Low,Am,sentinel_2_bohol_2019-Q1.tif,viirs_bohol_2019-Q1.tif,155.66099038130363
QQNVC,Kalinga,2021-Q3,Philippines,2021,332183318448.6994,125.4848727349994,No,Yes,Lower-middle income,No,No,Yes,No,340.0,Moderate,Yes,Moderate,Very Low,Am,sentinel_2_kalinga_2021-Q3.tif,viirs_kalinga_2021-Q3.tif,252.3344459948905
ECRYS,Marinduque,2021-Q2,Philippines,2021,332183318448.6994,123.5075473904579,No,No,Lower-middle income,Yes,Yes,Yes,No,170.0,Moderate,No,High,Very Low,Am,sentinel_2_marinduque_2021-Q2.tif,viirs_marinduque_2021-Q2.tif,195.5951243802564
FC1XX,Catanduanes,2020-Q3,Philippines,2020,291244296180.30774,119.1285399053605,No,No,Lower-middle income,Yes,Yes,Yes,No,370.0,Moderate,Yes,Very High,Very Low,Af,sentinel_2_catanduanes_2020-Q3.tif,viirs_catanduanes_2020-Q3.tif,445.0324848609527
6XGZ7,Negros Oriental,2019-Q3,Philippines,2019,299682074191.28937,117.6899153350103,No,No,Lower-middle income,Yes,Yes,Yes,No,630.0,Moderate,Yes,Moderate,Very Low,Am,sentinel_2_negros_oriental_2019-Q3.tif,viirs_negros_oriental_2019-Q3.tif,183.28249598343507
HC8CA,Siquijor,2019-Q1,Philippines,2019,299682074191.28937,115.9781187205398,No,No,Lower-middle income,Yes,Yes,Yes,No,570.0,Moderate,No,Moderate,Very Low,Am,sentinel_2_siquijor_2019-Q1.tif,viirs_siquijor_2019-Q1.tif,200.8916410006034
GGOC5,Camarines Sur,2019-Q1,Philippines,2019,299682074191.28937,115.9781187205398,No,No,Lower-middle income,Yes,Yes,Yes,Yes,260.0,Moderate,Yes,High,Very Low,Am,sentinel_2_camarines_sur_2019-Q1.tif,viirs_camarines_sur_2019-Q1.tif,197.71317932356345
AFCO3,Ilocos Norte,2021-Q2,Philippines,2021,332183318448.6994,123.5075473904579,No,No,Lower-middle income,Yes,Yes,Yes,No,400.0,Moderate,Yes,High,Very Low,Aw,sentinel_2_ilocos_norte_2021-Q2.tif,viirs_ilocos_norte_2021-Q2.tif,210.7480985652168
HJPKH,Surigao del Sur,2021-Q2,Philippines,2021,332183318448.6994,123.5075473904579,No,No,Lower-middle income,Yes,Yes,Yes,No,850.0,High,Yes,High,Very Low,Af,sentinel_2_surigao_del_sur_2021-Q2.tif,viirs_surigao_del_sur_2021-Q2.tif,147.14714327807087
CU5X0,Sarangani,2021-Q4,Philippines,2021,332183318448.6994,127.389433729792,No,No,Lower-middle income,No,Yes,Yes,No,1030.0,Moderate,Yes,Moderate,Very Low,Af,sentinel_2_sarangani_2021-Q4.tif,viirs_sarangani_2021-Q4.tif,157.07352758358232
8AB13,Zambales,2020-Q1,Philippines,2020,291244296180.30774,118.4352913210933,No,No,Lower-middle income,Yes,Yes,Yes,No,115.0,Moderate,Yes,High,Very Low,Am,sentinel_2_zambales_2020-Q1.tif,viirs_zambales_2020-Q1.tif,236.33134943584287
RFQLA,Albay,2019-Q3,Philippines,2019,299682074191.28937,117.6899153350103,No,No,Lower-middle income,Yes,Yes,Yes,No,330.0,High,Yes,Very High,Low,Af,sentinel_2_albay_2019-Q3.tif,viirs_albay_2019-Q3.tif,259.6831624072456
6OLBA,Iloilo,2019-Q4,Philippines,2019,299682074191.28937,117.9406160358257,No,No,Lower-middle income,Yes,Yes,Yes,No,460.0,Moderate,Yes,High,Very Low,Am,sentinel_2_iloilo_2019-Q4.tif,viirs_iloilo_2019-Q4.tif,222.3253165291887
QFEZK,Marinduque,2019-Q1,Philippines,2019,299682074191.28937,115.9781187205398,No,No,Lower-middle income,Yes,Yes,Yes,No,170.0,Moderate,Yes,Moderate,Very Low,Am,sentinel_2_marinduque_2019-Q1.tif,viirs_marinduque_2019-Q1.tif,161.0840950197984
4DV56,Benguet,2021-Q3,Philippines,2021,332183318448.6994,125.4848727349994,No,Yes,Lower-middle income,No,No,Yes,No,210.0,High,No,High,Very Low,Cwb,sentinel_2_benguet_2021-Q3.tif,viirs_benguet_2021-Q3.tif,257.4827256924674
YTJUQ,Davao del Norte,2020-Q3,Philippines,2020,291244296180.30774,119.1285399053605,No,No,Lower-middle income,Yes,Yes,Yes,No,970.0,Moderate,Yes,Moderate,Very Low,Af,sentinel_2_davao_del_norte_2020-Q3.tif,viirs_davao_del_norte_2020-Q3.tif,178.31532928597608
2KRE4,Bukidnon,2020-Q2,Philippines,2020,291244296180.30774,117.7956988014519,No,Yes,Lower-middle income,No,No,Yes,No,820.0,Moderate,No,Moderate,Very Low,Am,sentinel_2_bukidnon_2020-Q2.tif,viirs_bukidnon_2020-Q2.tif,198.00837337352667
RXJPT,National Capital Region (NCR),2020-Q3,Philippines,2020,291244296180.30774,119.1285399053605,No,No,Upper-middle income,Yes,Yes,Yes,Yes,0.0,High,Yes,High,Very Low,Am,sentinel_2_national_capital_region_2020-Q3.tif,viirs_national_capital_region_2020-Q3.tif,324.04583946653867
DSAV9,Laguna,2021-Q3,Philippines,2021,332183318448.6994,125.4848727349994,No,No,Lower-middle income,No,No,Yes,Yes,57.5,Moderate,Yes,Moderate,Very Low,Am,sentinel_2_laguna_2021-Q3.tif,viirs_laguna_2021-Q3.tif,232.17237426613084
GWFHD,Kalinga,2019-Q3,Philippines,2019,299682074191.28937,117.6899153350103,No,Yes,Lower-middle income,No,No,Yes,No,340.0,Moderate,Yes,Moderate,Very Low,Am,sentinel_2_kalinga_2019-Q3.tif,viirs_kalinga_2019-Q3.tif,209.68365979239044
9I3HZ,Negros Occidental,2019-Q2,Philippines,2019,299682074191.28937,117.3681318135368,No,No,Lower-middle income,Yes,Yes,Yes,No,480.0,Moderate,Yes,Moderate,Very Low,Am,sentinel_2_negros_occidental_2019-Q2.tif,viirs_negros_occidental_2019-Q2.tif,249.6863175341793
JCSEX,Camarines Norte,2021-Q4,Philippines,2021,332183318448.6994,127.389433729792,No,No,Lower-middle income,No,Yes,Yes,No,220.0,Moderate,Yes,High,Very Low,Am,sentinel_2_camarines_norte_2021-Q4.tif,viirs_camarines_norte_2021-Q4.tif,219.2682150771411
O4Z53,Bohol,2019-Q4,Philippines,2019,299682074191.28937,117.9406160358257,No,No,Lower-middle income,Yes,Yes,Yes,No,630.0,Moderate,Yes,Moderate,Very Low,Am,sentinel_2_bohol_2019-Q4.tif,viirs_bohol_2019-Q4.tif,182.90790296091564
ONXD7,Benguet,2021-Q4,Philippines,2021,332183318448.6994,127.389433729792,No,Yes,Lower-middle income,No,No,Yes,No,210.0,High,No,High,Very Low,Cwb,sentinel_2_benguet_2021-Q4.tif,viirs_benguet_2021-Q4.tif,326.7766472427772
RTT3N,Occidental Mindoro,2019-Q2,Philippines,2019,299682074191.28937,117.3681318135368,No,No,Lower-middle income,Yes,Yes,Yes,No,150.0,Moderate,Yes,High,Very Low,Am,sentinel_2_occidental_mindoro_2019-Q2.tif,viirs_occidental_mindoro_2019-Q2.tif,171.07206593399775
SDN1M,Catanduanes,2019-Q2,Philippines,2019,299682074191.28937,117.3681318135368,No,No,Lower-middle income,Yes,Yes,Yes,No,370.0,Moderate,Yes,Very High,Very Low,Af,sentinel_2_catanduanes_2019-Q2.tif,viirs_catanduanes_2019-Q2.tif,123.64848593044913
F5B1S,Oriental Mindoro,2019-Q2,Philippines,2019,299682074191.28937,117.3681318135368,No,No,Lower-middle income,No,Yes,Yes,No,130.0,Moderate,Yes,High,Very Low,Am,sentinel_2_oriental_mindoro_2019-Q2.tif,viirs_oriental_mindoro_2019-Q2.tif,195.8341767322802
117NI,Iloilo,2020-Q1,Philippines,2020,291244296180.30774,118.4352913210933,No,No,Lower-middle income,Yes,Yes,Yes,No,460.0,Moderate,Yes,High,Very Low,Am,sentinel_2_iloilo_2020-Q1.tif,viirs_iloilo_2020-Q1.tif,190.29156277064453
ECPNC,Tarlac,2019-Q4,Philippines,2019,299682074191.28937,117.9406160358257,No,Yes,Lower-middle income,No,No,Yes,No,110.0,Moderate,Yes,Moderate,Very Low,Am,sentinel_2_tarlac_2019-Q4.tif,viirs_tarlac_2019-Q4.tif,196.05109536574096
GDVC2,Davao del Sur,2021-Q4,Philippines,2021,332183318448.6994,127.389433729792,No,No,Lower-middle income,Yes,Yes,Yes,No,970.0,High,Yes,Low,Very Low,Af,sentinel_2_davao_del_sur_2021-Q4.tif,viirs_davao_del_sur_2021-Q4.tif,258.61264710206564
FB2VI,Cavite,2019-Q4,Philippines,2019,299682074191.28937,117.9406160358257,No,No,Lower-middle income,No,Yes,Yes,No,33.0,Moderate,Yes,High,Very Low,Am,sentinel_2_cavite_2019-Q4.tif,viirs_cavite_2019-Q4.tif,205.36590355524268
2PTHO,Batangas,2021-Q3,Philippines,2021,332183318448.6994,125.4848727349994,No,No,Lower-middle income,No,Yes,Yes,No,85.0,High,Yes,High,Very Low,Am,sentinel_2_batangas_2021-Q3.tif,viirs_batangas_2021-Q3.tif,273.46549889402945
AQ3EQ,Quezon,2019-Q2,Philippines,2019,299682074191.28937,117.3681318135368,No,No,Lower-middle income,Yes,Yes,Yes,Yes,95.0,Moderate,Yes,High,Very Low,Am,sentinel_2_quezon_2019-Q2.tif,viirs_quezon_2019-Q2.tif,193.4213585221564
MVRYD,Laguna,2021-Q1,Philippines,2021,332183318448.6994,120.6838014481023,No,No,Lower-middle income,No,No,Yes,Yes,57.5,Moderate,Yes,Moderate,Very Low,Am,sentinel_2_laguna_2021-Q1.tif,viirs_laguna_2021-Q1.tif,308.2277318036149
MOTCG,Tarlac,2019-Q1,Philippines,2019,299682074191.28937,115.9781187205398,No,Yes,Lower-middle income,No,No,Yes,No,110.0,Moderate,Yes,Moderate,Very Low,Am,sentinel_2_tarlac_2019-Q1.tif,viirs_tarlac_2019-Q1.tif,167.4021981772305
Z9VLU,Dinagat Islands,2020-Q4,Philippines,2020,291244296180.30774,119.4024762808857,No,No,Lower-middle income,No,Yes,No,No,770.0,Moderate,Yes,High,Very Low,Af,sentinel_2_dinagat_islands_2020-Q4.tif,viirs_dinagat_islands_2020-Q4.tif,163.83623351023658
9AZ3C,Zambales,2021-Q3,Philippines,2021,332183318448.6994,125.4848727349994,No,No,Lower-middle income,No,Yes,Yes,No,115.0,Moderate,Yes,High,Very Low,Am,sentinel_2_zambales_2021-Q3.tif,viirs_zambales_2021-Q3.tif,234.19537199707088
KC5I8,Aklan,2020-Q1,Philippines,2020,291244296180.30774,118.4352913210933,No,No,Lower-middle income,Yes,Yes,Yes,No,350.0,Moderate,Yes,High,Very Low,Am,sentinel_2_aklan_2020-Q1.tif,viirs_aklan_2020-Q1.tif,273.0620981305201
NVP8G,Basilan,2020-Q1,Philippines,2020,291244296180.30774,118.4352913210933,No,No,Low income,No,Yes,Yes,No,880.0,Moderate,No,Moderate,Very Low,Af,sentinel_2_basilan_2020-Q1.tif,viirs_basilan_2020-Q1.tif,117.874461025641
GUO8I,Ilocos Sur,2019-Q3,Philippines,2019,299682074191.28937,117.6899153350103,No,No,Lower-middle income,No,Yes,Yes,No,340.0,Moderate,Yes,Moderate,Very Low,Aw,sentinel_2_ilocos_sur_2019-Q3.tif,viirs_ilocos_sur_2019-Q3.tif,190.7581285256965
AN25W,Davao del Sur,2021-Q2,Philippines,2021,332183318448.6994,123.5075473904579,No,No,Lower-middle income,Yes,Yes,Yes,No,970.0,High,Yes,Low,Very Low,Af,sentinel_2_davao_del_sur_2021-Q2.tif,viirs_davao_del_sur_2021-Q2.tif,231.2902188792511
HG5ZM,Eastern Samar,2019-Q3,Philippines,2019,299682074191.28937,117.6899153350103,No,No,Lower-middle income,Yes,Yes,Yes,No,570.0,High,Yes,Very High,Very Low,Af,sentinel_2_eastern_samar_2019-Q3.tif,viirs_eastern_samar_2019-Q3.tif,264.8602510337451
9GB9X,Marinduque,2020-Q1,Philippines,2020,291244296180.30774,118.4352913210933,No,No,Lower-middle income,Yes,Yes,Yes,No,170.0,Moderate,Yes,High,Very Low,Am,sentinel_2_marinduque_2020-Q1.tif,viirs_marinduque_2020-Q1.tif,185.87849022391583
BEBY4,Zamboanga del Sur,2019-Q3,Philippines,2019,299682074191.28937,117.6899153350103,No,No,Lower-middle income,Yes,Yes,Yes,No,790.0,Moderate,Yes,Low,Very Low,Af,sentinel_2_zamboanga_del_sur_2019-Q3.tif,viirs_zamboanga_del_sur_2019-Q3.tif,254.54581412033025
CBL4C,Davao del Sur,2020-Q2,Philippines,2020,291244296180.30774,117.7956988014519,No,No,Lower-middle income,Yes,Yes,Yes,No,970.0,High,Yes,Moderate,Very Low,Af,sentinel_2_davao_del_sur_2020-Q2.tif,viirs_davao_del_sur_2020-Q2.tif,226.0752252461457
KVQYW,Camarines Sur,2019-Q2,Philippines,2019,299682074191.28937,117.3681318135368,No,No,Lower-middle income,Yes,Yes,Yes,Yes,260.0,Moderate,Yes,High,Very Low,Am,sentinel_2_camarines_sur_2019-Q2.tif,viirs_camarines_sur_2019-Q2.tif,272.77556852112457
Z83Y0,Camiguin,2021-Q3,Philippines,2021,332183318448.6994,125.4848727349994,No,No,Lower-middle income,Yes,Yes,Yes,No,780.0,Moderate,No,Moderate,Very Low,Af,sentinel_2_camiguin_2021-Q3.tif,viirs_camiguin_2021-Q3.tif,120.37395934867732
LPYO2,Nueva Vizcaya,2021-Q4,Philippines,2021,332183318448.6994,127.389433729792,No,Yes,Lower-middle income,No,No,Yes,No,195.0,Moderate,No,Moderate,Very Low,Am,sentinel_2_nueva_vizcaya_2021-Q4.tif,viirs_nueva_vizcaya_2021-Q4.tif,253.75186132557005
NNV9I,Eastern Samar,2021-Q1,Philippines,2021,332183318448.6994,120.6838014481023,No,No,Lower-middle income,Yes,Yes,Yes,No,570.0,High,Yes,Very High,Very Low,Af,sentinel_2_eastern_samar_2021-Q1.tif,viirs_eastern_samar_2021-Q1.tif,299.87918306932704
CCU3F,Occidental Mindoro,2021-Q3,Philippines,2021,332183318448.6994,125.4848727349994,No,No,Lower-middle income,Yes,Yes,Yes,No,150.0,Moderate,Yes,Moderate,Very Low,Am,sentinel_2_occidental_mindoro_2021-Q3.tif,viirs_occidental_mindoro_2021-Q3.tif,266.3542616788637
HF0RI,Sultan Kudarat,2020-Q4,Philippines,2020,291244296180.30774,119.4024762808857,No,No,Lower-middle income,Yes,Yes,Yes,No,950.0,Moderate,Yes,Moderate,Very Low,Af,sentinel_2_sultan_kudarat_2020-Q4.tif,viirs_sultan_kudarat_2020-Q4.tif,334.6919900482391
OV6SG,La Union,2021-Q2,Philippines,2021,332183318448.6994,123.5075473904579,No,No,Lower-middle income,No,Yes,Yes,No,260.0,Moderate,Yes,High,Very Low,Am,sentinel_2_la_union_2021-Q2.tif,viirs_la_union_2021-Q2.tif,228.80668001597988
Y5SIC,Mountain Province,2019-Q4,Philippines,2019,299682074191.28937,117.9406160358257,No,Yes,Lower-middle income,No,No,Yes,No,280.0,High,No,Low,Very Low,Cwb,sentinel_2_mountain_province_2019-Q4.tif,viirs_mountain_province_2019-Q4.tif,120.23260721230449
C4SX2,Guimaras,2021-Q2,Philippines,2021,332183318448.6994,123.5075473904579,No,No,Lower-middle income,No,Yes,Yes,No,470.0,Moderate,No,High,Very Low,Am,sentinel_2_guimaras_2021-Q2.tif,viirs_guimaras_2021-Q2.tif,184.76898462367663
5P03W,Romblon,2021-Q1,Philippines,2021,332183318448.6994,120.6838014481023,No,No,Lower-middle income,Yes,Yes,Yes,No,270.0,Moderate,Yes,High,Very Low,Am,sentinel_2_romblon_2021-Q1.tif,viirs_romblon_2021-Q1.tif,175.66871351019097
NWMBX,Cavite,2020-Q2,Philippines,2020,291244296180.30774,117.7956988014519,No,No,Lower-middle income,No,Yes,Yes,No,33.0,Moderate,Yes,High,Very Low,Am,sentinel_2_cavite_2020-Q2.tif,viirs_cavite_2020-Q2.tif,204.22540169245087
AYN2D,Eastern Samar,2020-Q1,Philippines,2020,291244296180.30774,118.4352913210933,No,No,Lower-middle income,Yes,Yes,Yes,No,570.0,High,Yes,Very High,Very Low,Af,sentinel_2_eastern_samar_2020-Q1.tif,viirs_eastern_samar_2020-Q1.tif,282.66217000764567
F33GU,Surigao del Sur,2021-Q3,Philippines,2021,332183318448.6994,125.4848727349994,No,No,Lower-middle income,Yes,Yes,Yes,No,850.0,High,Yes,High,Very Low,Af,sentinel_2_surigao_del_sur_2021-Q3.tif,viirs_surigao_del_sur_2021-Q3.tif,220.12480488862323
V9KYP,Bukidnon,2020-Q3,Philippines,2020,291244296180.30774,119.1285399053605,No,Yes,Lower-middle income,No,No,Yes,No,820.0,Moderate,No,Moderate,Very Low,Am,sentinel_2_bukidnon_2020-Q3.tif,viirs_bukidnon_2020-Q3.tif,161.95800243534225
3D6M1,Pangasinan,2020-Q3,Philippines,2020,291244296180.30774,119.1285399053605,No,No,Lower-middle income,Yes,Yes,Yes,No,170.0,Moderate,Yes,High,Very Low,Am,sentinel_2_pangasinan_2020-Q3.tif,viirs_pangasinan_2020-Q3.tif,275.1601643206956
YO2TL,Ifugao,2021-Q2,Philippines,2021,332183318448.6994,123.5075473904579,No,Yes,Lower-middle income,No,No,Yes,No,240.0,Moderate,No,Moderate,Very Low,Cwb,sentinel_2_ifugao_2021-Q2.tif,viirs_ifugao_2021-Q2.tif,148.8305317086454
JZC58,Tarlac,2020-Q3,Philippines,2020,291244296180.30774,119.1285399053605,No,Yes,Lower-middle income,No,No,Yes,No,110.0,Moderate,Yes,High,Very Low,Am,sentinel_2_tarlac_2020-Q3.tif,viirs_tarlac_2020-Q3.tif,200.50381194223888
X3F2X,Oriental Mindoro,2020-Q4,Philippines,2020,291244296180.30774,119.4024762808857,No,No,Lower-middle income,Yes,Yes,Yes,No,130.0,Moderate,Yes,High,Very Low,Am,sentinel_2_oriental_mindoro_2020-Q4.tif,viirs_oriental_mindoro_2020-Q4.tif,200.6418820763368
RE6ZV,Abra,2019-Q4,Philippines,2019,299682074191.28937,117.9406160358257,No,Yes,Lower-middle income,No,No,Yes,No,330.0,High,Yes,Moderate,Very Low,Am,sentinel_2_abra_2019-Q4.tif,viirs_abra_2019-Q4.tif,182.868097319878
0FE07,Biliran,2019-Q1,Philippines,2019,299682074191.28937,115.9781187205398,No,No,Lower-middle income,No,Yes,Yes,No,570.0,Moderate,Yes,High,Very Low,Af,sentinel_2_biliran_2019-Q1.tif,viirs_biliran_2019-Q1.tif,241.21567910205195
KK2AB,Southern Leyte,2019-Q1,Philippines,2019,299682074191.28937,115.9781187205398,No,No,Lower-middle income,No,Yes,Yes,No,640.0,Moderate,Yes,High,Very Low,Af,sentinel_2_southern_leyte_2019-Q1.tif,viirs_southern_leyte_2019-Q1.tif,176.8890147858033
QBB3X,Sultan Kudarat,2020-Q1,Philippines,2020,291244296180.30774,118.4352913210933,No,No,Lower-middle income,Yes,Yes,Yes,No,950.0,Moderate,Yes,Moderate,Very Low,Af,sentinel_2_sultan_kudarat_2020-Q1.tif,viirs_sultan_kudarat_2020-Q1.tif,218.58638064687904
FZMYO,Pangasinan,2021-Q1,Philippines,2021,332183318448.6994,120.6838014481023,No,No,Lower-middle income,Yes,Yes,Yes,No,170.0,Moderate,Yes,High,Very Low,Am,sentinel_2_pangasinan_2021-Q1.tif,viirs_pangasinan_2021-Q1.tif,200.71884430891987
APO4L,Cotabato,2021-Q2,Philippines,2021,332183318448.6994,123.5075473904579,No,No,Lower-middle income,Yes,Yes,Yes,No,870.0,High,Yes,Moderate,Low,Af,sentinel_2_cotabato_2021-Q2.tif,viirs_cotabato_2021-Q2.tif,184.99081119952257
O6OUZ,Antique,2020-Q2,Philippines,2020,291244296180.30774,117.7956988014519,No,No,Lower-middle income,Yes,Yes,Yes,No,410.0,Moderate,Yes,Moderate,Very Low,Am,sentinel_2_antique_2020-Q2.tif,viirs_antique_2020-Q2.tif,139.32154285104917
8LYMJ,Davao Oriental,2019-Q3,Philippines,2019,299682074191.28937,117.6899153350103,No,No,Lower-middle income,No,Yes,Yes,No,950.0,Moderate,Yes,High,Very Low,Af,sentinel_2_davao_oriental_2019-Q3.tif,viirs_davao_oriental_2019-Q3.tif,229.8741085950496
A2VCY,Pangasinan,2021-Q2,Philippines,2021,332183318448.6994,123.5075473904579,No,No,Lower-middle income,Yes,Yes,Yes,No,170.0,Moderate,Yes,High,Very Low,Am,sentinel_2_pangasinan_2021-Q2.tif,viirs_pangasinan_2021-Q2.tif,442.40500033797065
P7SAV,Negros Oriental,2020-Q4,Philippines,2020,291244296180.30774,119.4024762808857,No,No,Lower-middle income,Yes,Yes,Yes,No,630.0,Moderate,Yes,Moderate,Very Low,Am,sentinel_2_negros_oriental_2020-Q4.tif,viirs_negros_oriental_2020-Q4.tif,178.89316703580903
CJTR0,Zamboanga Sibugay,2019-Q2,Philippines,2019,299682074191.28937,117.3681318135368,No,No,Lower-middle income,No,Yes,Yes,No,820.0,Moderate,Yes,Moderate,Very Low,Af,sentinel_2_zamboanga_sibugay_2019-Q2.tif,viirs_zamboanga_sibugay_2019-Q2.tif,103.4138757724612
MRSXK,Negros Occidental,2020-Q3,Philippines,2020,291244296180.30774,119.1285399053605,No,No,Lower-middle income,Yes,Yes,Yes,No,480.0,Moderate,Yes,Moderate,Very Low,Am,sentinel_2_negros_occidental_2020-Q3.tif,viirs_negros_occidental_2020-Q3.tif,210.91305750823736
J85GG,Camarines Sur,2019-Q3,Philippines,2019,299682074191.28937,117.6899153350103,No,No,Lower-middle income,Yes,Yes,Yes,Yes,260.0,Moderate,Yes,High,Very Low,Am,sentinel_2_camarines_sur_2019-Q3.tif,viirs_camarines_sur_2019-Q3.tif,245.3830138056275
FEZEZ,Cebu,2019-Q4,Philippines,2019,299682074191.28937,117.9406160358257,No,No,Lower-middle income,Yes,Yes,Yes,No,570.0,Moderate,Yes,Moderate,Very Low,Am,sentinel_2_cebu_2019-Q4.tif,viirs_cebu_2019-Q4.tif,219.3687800490337
8MWOB,Surigao del Sur,2019-Q3,Philippines,2019,299682074191.28937,117.6899153350103,No,No,Lower-middle income,Yes,Yes,Yes,No,850.0,High,Yes,High,Very Low,Af,sentinel_2_surigao_del_sur_2019-Q3.tif,viirs_surigao_del_sur_2019-Q3.tif,158.34287485679772
NE6IT,Mountain Province,2020-Q3,Philippines,2020,291244296180.30774,119.1285399053605,No,Yes,Lower-middle income,No,No,Yes,No,280.0,High,No,Moderate,Very Low,Cwb,sentinel_2_mountain_province_2020-Q3.tif,viirs_mountain_province_2020-Q3.tif,464.04372103445496
SKHZT,Northern Samar,2019-Q2,Philippines,2019,299682074191.28937,117.3681318135368,No,No,Lower-middle income,Yes,Yes,Yes,No,470.0,Moderate,Yes,High,Very Low,Af,sentinel_2_northern_samar_2019-Q2.tif,viirs_northern_samar_2019-Q2.tif,194.20521071651416
0DW1M,Laguna,2019-Q1,Philippines,2019,299682074191.28937,115.9781187205398,No,No,Lower-middle income,No,No,Yes,Yes,57.5,Moderate,Yes,Moderate,Very Low,Am,sentinel_2_laguna_2019-Q1.tif,viirs_laguna_2019-Q1.tif,209.297548142908
OFKJW,Bukidnon,2020-Q4,Philippines,2020,291244296180.30774,119.4024762808857,No,Yes,Lower-middle income,No,No,Yes,No,820.0,Moderate,No,Moderate,Very Low,Am,sentinel_2_bukidnon_2020-Q4.tif,viirs_bukidnon_2020-Q4.tif,157.04562558000995
C37RL,Apayao,2021-Q4,Philippines,2021,332183318448.6994,127.389433729792,No,Yes,Lower-middle income,No,No,Yes,No,400.0,Moderate,No,Moderate,Very Low,Am,sentinel_2_apayao_2021-Q4.tif,viirs_apayao_2021-Q4.tif,225.74127705258903
GUWJP,Dinagat Islands,2019-Q1,Philippines,2019,299682074191.28937,115.9781187205398,No,No,Lower-middle income,No,Yes,Yes,No,770.0,Moderate,Yes,High,Very Low,Af,sentinel_2_dinagat_islands_2019-Q1.tif,viirs_dinagat_islands_2019-Q1.tif,141.5878466177425
PPBQU,Surigao del Norte,2020-Q2,Philippines,2020,291244296180.30774,117.7956988014519,No,No,Lower-middle income,Yes,Yes,Yes,No,750.0,High,Yes,High,Very Low,Af,sentinel_2_surigao_del_norte_2020-Q2.tif,viirs_surigao_del_norte_2020-Q2.tif,189.9120154148534
UEUGW,Cotabato,2020-Q1,Philippines,2020,291244296180.30774,118.4352913210933,No,Yes,Lower-middle income,Yes,No,Yes,No,870.0,High,Yes,Moderate,Very Low,Af,sentinel_2_cotabato_2020-Q1.tif,viirs_cotabato_2020-Q1.tif,203.22380616588043
G6W3S,Apayao,2021-Q2,Philippines,2021,332183318448.6994,123.5075473904579,No,Yes,Lower-middle income,No,No,Yes,No,400.0,Moderate,No,Moderate,Very Low,Am,sentinel_2_apayao_2021-Q2.tif,viirs_apayao_2021-Q2.tif,186.92066919220065
934T3,Surigao del Norte,2019-Q1,Philippines,2019,299682074191.28937,115.9781187205398,No,No,Lower-middle income,Yes,Yes,Yes,No,750.0,High,Yes,High,Very Low,Af,sentinel_2_surigao_del_norte_2019-Q1.tif,viirs_surigao_del_norte_2019-Q1.tif,180.79839067734216
G1ZAQ,Davao Oriental,2021-Q2,Philippines,2021,332183318448.6994,123.5075473904579,No,No,Lower-middle income,No,Yes,Yes,No,950.0,Moderate,Yes,High,Very Low,Af,sentinel_2_davao_oriental_2021-Q2.tif,viirs_davao_oriental_2021-Q2.tif,184.0822295822958
UDC62,Masbate,2019-Q1,Philippines,2019,299682074191.28937,115.9781187205398,No,No,Lower-middle income,Yes,Yes,Yes,No,370.0,High,Yes,High,Very Low,Am,sentinel_2_masbate_2019-Q1.tif,viirs_masbate_2019-Q1.tif,194.6624149606345
TRKY8,Surigao del Norte,2019-Q4,Philippines,2019,299682074191.28937,117.9406160358257,No,No,Lower-middle income,Yes,Yes,Yes,No,750.0,High,Yes,High,Very Low,Af,sentinel_2_surigao_del_norte_2019-Q4.tif,viirs_surigao_del_norte_2019-Q4.tif,137.5495840497659
UGHT7,Iloilo,2021-Q1,Philippines,2021,332183318448.6994,120.6838014481023,No,No,Lower-middle income,Yes,Yes,Yes,No,460.0,Moderate,Yes,High,Very Low,Am,sentinel_2_iloilo_2021-Q1.tif,viirs_iloilo_2021-Q1.tif,210.34801184312465
Z43XZ,Iloilo,2019-Q3,Philippines,2019,299682074191.28937,117.6899153350103,No,No,Lower-middle income,Yes,Yes,Yes,No,460.0,Moderate,Yes,High,Very Low,Am,sentinel_2_iloilo_2019-Q3.tif,viirs_iloilo_2019-Q3.tif,213.5514089674361
UNUE7,Ifugao,2020-Q4,Philippines,2020,291244296180.30774,119.4024762808857,No,Yes,Lower-middle income,No,No,Yes,No,240.0,Moderate,No,Moderate,Very Low,Cwb,sentinel_2_ifugao_2020-Q4.tif,viirs_ifugao_2020-Q4.tif,199.28838946751063
1PUWS,Benguet,2019-Q3,Philippines,2019,299682074191.28937,117.6899153350103,No,Yes,Lower-middle income,No,No,Yes,No,210.0,High,No,High,Very Low,Cwb,sentinel_2_benguet_2019-Q3.tif,viirs_benguet_2019-Q3.tif,230.4019816365765
37SZP,Oriental Mindoro,2019-Q4,Philippines,2019,299682074191.28937,117.9406160358257,No,No,Lower-middle income,No,Yes,Yes,No,130.0,Moderate,Yes,High,Very Low,Am,sentinel_2_oriental_mindoro_2019-Q4.tif,viirs_oriental_mindoro_2019-Q4.tif,190.68360006434216
SRYZX,La Union,2020-Q1,Philippines,2020,291244296180.30774,118.4352913210933,No,No,Lower-middle income,Yes,Yes,Yes,No,260.0,Moderate,Yes,Moderate,Very Low,Am,sentinel_2_la_union_2020-Q1.tif,viirs_la_union_2020-Q1.tif,209.8516584910835
HMEWC,Misamis Occidental,2019-Q1,Philippines,2019,299682074191.28937,115.9781187205398,No,No,Lower-middle income,Yes,Yes,Yes,No,780.0,Moderate,Yes,Low,Very Low,Af,sentinel_2_misamis_occidental_2019-Q1.tif,viirs_misamis_occidental_2019-Q1.tif,182.09485579800292
BBB0H,Negros Occidental,2021-Q1,Philippines,2021,332183318448.6994,120.6838014481023,No,No,Lower-middle income,Yes,Yes,Yes,No,480.0,Moderate,Yes,Moderate,Very Low,Am,sentinel_2_negros_occidental_2021-Q1.tif,viirs_negros_occidental_2021-Q1.tif,222.76428246782092
EV5KZ,Lanao del Norte,2019-Q4,Philippines,2019,299682074191.28937,117.9406160358257,No,No,Lower-middle income,No,Yes,Yes,No,790.0,Moderate,Yes,Moderate,Very Low,Af,sentinel_2_lanao_del_norte_2019-Q4.tif,viirs_lanao_del_norte_2019-Q4.tif,279.68914404958286
0I083,Mountain Province,2019-Q2,Philippines,2019,299682074191.28937,117.3681318135368,No,Yes,Lower-middle income,No,No,Yes,No,280.0,High,No,Low,Very Low,Cwb,sentinel_2_mountain_province_2019-Q2.tif,viirs_mountain_province_2019-Q2.tif,344.9184839511334
LQJSQ,Ilocos Sur,2020-Q3,Philippines,2020,291244296180.30774,119.1285399053605,No,No,Lower-middle income,No,Yes,Yes,No,340.0,Moderate,Yes,High,Low,Aw,sentinel_2_ilocos_sur_2020-Q3.tif,viirs_ilocos_sur_2020-Q3.tif,193.112283836631
J9M4S,Surigao del Norte,2021-Q1,Philippines,2021,332183318448.6994,120.6838014481023,No,No,Lower-middle income,Yes,Yes,Yes,No,750.0,High,Yes,High,Very Low,Af,sentinel_2_surigao_del_norte_2021-Q1.tif,viirs_surigao_del_norte_2021-Q1.tif,163.78875009367454
LD05N,Abra,2020-Q2,Philippines,2020,291244296180.30774,117.7956988014519,No,Yes,Lower-middle income,No,No,Yes,No,330.0,High,Yes,Moderate,Very Low,Am,sentinel_2_abra_2020-Q2.tif,viirs_abra_2020-Q2.tif,81.44802493131867
7QHAK,Davao Oriental,2021-Q3,Philippines,2021,332183318448.6994,125.4848727349994,No,No,Lower-middle income,No,Yes,Yes,No,950.0,Moderate,Yes,High,Very Low,Af,sentinel_2_davao_oriental_2021-Q3.tif,viirs_davao_oriental_2021-Q3.tif,215.9414386303944
V37IC,Kalinga,2019-Q4,Philippines,2019,299682074191.28937,117.9406160358257,No,Yes,Lower-middle income,No,No,Yes,No,340.0,Moderate,Yes,Moderate,Very Low,Am,sentinel_2_kalinga_2019-Q4.tif,viirs_kalinga_2019-Q4.tif,185.2797015492531
QFS6H,Siquijor,2019-Q4,Philippines,2019,299682074191.28937,117.9406160358257,No,No,Lower-middle income,Yes,Yes,Yes,No,570.0,Moderate,No,Moderate,Very Low,Am,sentinel_2_siquijor_2019-Q4.tif,viirs_siquijor_2019-Q4.tif,203.28638723661484
4ORAC,Rizal,2021-Q1,Philippines,2021,332183318448.6994,120.6838014481023,No,Yes,Lower-middle income,No,No,Yes,No,18.0,High,Yes,High,Very Low,Am,sentinel_2_rizal_2021-Q1.tif,viirs_rizal_2021-Q1.tif,189.21191810619752
CE4QG,Abra,2021-Q2,Philippines,2021,332183318448.6994,123.5075473904579,No,Yes,Lower-middle income,No,No,Yes,No,330.0,High,No,Moderate,Very Low,Am,sentinel_2_abra_2021-Q2.tif,viirs_abra_2021-Q2.tif,195.90468795351072
D3FVN,Palawan,2019-Q4,Philippines,2019,299682074191.28937,117.9406160358257,No,No,Lower-middle income,Yes,Yes,Yes,No,580.0,Low,No,Low,Very Low,Am,sentinel_2_palawan_2019-Q4.tif,viirs_palawan_2019-Q4.tif,435.5491491239459
9E40K,Bataan,2020-Q3,Philippines,2020,291244296180.30774,119.1285399053605,No,No,Lower-middle income,No,Yes,Yes,No,55.0,Moderate,Yes,Moderate,Very Low,Am,sentinel_2_bataan_2020-Q3.tif,viirs_bataan_2020-Q3.tif,188.31230594596025
UBLMN,Albay,2019-Q1,Philippines,2019,299682074191.28937,115.9781187205398,No,No,Lower-middle income,Yes,Yes,Yes,No,330.0,High,Yes,Very High,Low,Af,sentinel_2_albay_2019-Q1.tif,viirs_albay_2019-Q1.tif,214.36886134150492
C45BN,Occidental Mindoro,2021-Q2,Philippines,2021,332183318448.6994,123.5075473904579,No,No,Lower-middle income,Yes,Yes,Yes,No,150.0,Moderate,Yes,Moderate,Very Low,Am,sentinel_2_occidental_mindoro_2021-Q2.tif,viirs_occidental_mindoro_2021-Q2.tif,194.2857072649417
R1930,Surigao del Sur,2020-Q1,Philippines,2020,291244296180.30774,118.4352913210933,No,No,Lower-middle income,Yes,Yes,Yes,No,850.0,High,Yes,High,Very Low,Af,sentinel_2_surigao_del_sur_2020-Q1.tif,viirs_surigao_del_sur_2020-Q1.tif,127.61085475208895
CU47S,Tarlac,2020-Q4,Philippines,2020,291244296180.30774,119.4024762808857,No,Yes,Lower-middle income,No,No,Yes,No,110.0,Moderate,Yes,High,Very Low,Am,sentinel_2_tarlac_2020-Q4.tif,viirs_tarlac_2020-Q4.tif,199.1199201357872
5SWK8,Aklan,2019-Q3,Philippines,2019,299682074191.28937,117.6899153350103,No,No,Lower-middle income,Yes,Yes,Yes,No,350.0,Moderate,Yes,High,Very Low,Am,sentinel_2_aklan_2019-Q3.tif,viirs_aklan_2019-Q3.tif,266.17338408176283
V8WOB,Marinduque,2020-Q2,Philippines,2020,291244296180.30774,117.7956988014519,No,No,Lower-middle income,Yes,Yes,Yes,No,170.0,Moderate,Yes,High,Very Low,Am,sentinel_2_marinduque_2020-Q2.tif,viirs_marinduque_2020-Q2.tif,193.96659661121325
PCWE4,Surigao del Sur,2020-Q3,Philippines,2020,291244296180.30774,119.1285399053605,No,No,Lower-middle income,Yes,Yes,Yes,No,850.0,High,Yes,High,Very Low,Af,sentinel_2_surigao_del_sur_2020-Q3.tif,viirs_surigao_del_sur_2020-Q3.tif,152.5196361750095
GVGT2,Masbate,2020-Q1,Philippines,2020,291244296180.30774,118.4352913210933,No,No,Lower-middle income,Yes,Yes,Yes,No,370.0,High,Yes,High,Very Low,Am,sentinel_2_masbate_2020-Q1.tif,viirs_masbate_2020-Q1.tif,275.6760328587068
VNA31,Nueva Ecija,2020-Q2,Philippines,2020,291244296180.30774,117.7956988014519,No,Yes,Lower-middle income,No,No,Yes,No,115.0,Moderate,Yes,High,Very Low,Aw,sentinel_2_nueva_ecija_2020-Q2.tif,viirs_nueva_ecija_2020-Q2.tif,184.61760686019483
KBCBD,Camarines Norte,2021-Q2,Philippines,2021,332183318448.6994,123.5075473904579,No,No,Lower-middle income,No,Yes,Yes,No,220.0,Moderate,Yes,High,Very Low,Am,sentinel_2_camarines_norte_2021-Q2.tif,viirs_camarines_norte_2021-Q2.tif,555.0222511425169
DR3VW,Davao del Sur,2019-Q2,Philippines,2019,299682074191.28937,117.3681318135368,No,No,Lower-middle income,Yes,Yes,Yes,No,970.0,High,Yes,Low,Very Low,Af,sentinel_2_davao_del_sur_2019-Q2.tif,viirs_davao_del_sur_2019-Q2.tif,196.70020988506587
VTKRR,Camiguin,2019-Q4,Philippines,2019,299682074191.28937,117.9406160358257,No,No,Lower-middle income,Yes,Yes,Yes,No,780.0,Moderate,No,Moderate,Very Low,Af,sentinel_2_camiguin_2019-Q4.tif,viirs_camiguin_2019-Q4.tif,264.2593008649003
CGBSV,Romblon,2021-Q3,Philippines,2021,332183318448.6994,125.4848727349994,No,No,Lower-middle income,Yes,Yes,Yes,No,270.0,Moderate,Yes,High,Very Low,Am,sentinel_2_romblon_2021-Q3.tif,viirs_romblon_2021-Q3.tif,208.83028879112968
LWVV5,Ifugao,2021-Q4,Philippines,2021,332183318448.6994,127.389433729792,No,Yes,Lower-middle income,No,No,Yes,No,240.0,Moderate,No,Moderate,Very Low,Cwb,sentinel_2_ifugao_2021-Q4.tif,viirs_ifugao_2021-Q4.tif,106.23424222830208
NGIXM,Guimaras,2021-Q1,Philippines,2021,332183318448.6994,120.6838014481023,No,No,Lower-middle income,No,Yes,Yes,No,470.0,Moderate,No,High,Very Low,Am,sentinel_2_guimaras_2021-Q1.tif,viirs_guimaras_2021-Q1.tif,179.26309710504154
6Z1T2,Davao Oriental,2020-Q3,Philippines,2020,291244296180.30774,119.1285399053605,No,No,Lower-middle income,No,Yes,Yes,No,950.0,Moderate,Yes,High,Very Low,Af,sentinel_2_davao_oriental_2020-Q3.tif,viirs_davao_oriental_2020-Q3.tif,175.00170592726542
MHBYH,Iloilo,2019-Q2,Philippines,2019,299682074191.28937,117.3681318135368,No,No,Lower-middle income,Yes,Yes,Yes,No,460.0,Moderate,Yes,High,Very Low,Am,sentinel_2_iloilo_2019-Q2.tif,viirs_iloilo_2019-Q2.tif,254.74739433299413
2RCU8,Nueva Vizcaya,2021-Q2,Philippines,2021,332183318448.6994,123.5075473904579,No,Yes,Lower-middle income,No,No,Yes,No,195.0,Moderate,No,Moderate,Very Low,Am,sentinel_2_nueva_vizcaya_2021-Q2.tif,viirs_nueva_vizcaya_2021-Q2.tif,193.36616578825567
9PAVC,Misamis Occidental,2020-Q2,Philippines,2020,291244296180.30774,117.7956988014519,No,No,Lower-middle income,Yes,Yes,Yes,No,780.0,Moderate,Yes,Moderate,Very Low,Af,sentinel_2_misamis_occidental_2020-Q2.tif,viirs_misamis_occidental_2020-Q2.tif,176.6252795672407
V6G8O,Misamis Occidental,2021-Q4,Philippines,2021,332183318448.6994,127.389433729792,No,No,Lower-middle income,Yes,Yes,Yes,No,780.0,Moderate,Yes,Low,Very Low,Af,sentinel_2_misamis_occidental_2021-Q4.tif,viirs_misamis_occidental_2021-Q4.tif,99.64332413728388
6JZV9,Batangas,2019-Q3,Philippines,2019,299682074191.28937,117.6899153350103,No,No,Lower-middle income,No,Yes,Yes,No,85.0,High,Yes,High,Very Low,Am,sentinel_2_batangas_2019-Q3.tif,viirs_batangas_2019-Q3.tif,185.6470047127544
JKMPL,Negros Occidental,2020-Q4,Philippines,2020,291244296180.30774,119.4024762808857,No,No,Lower-middle income,Yes,Yes,Yes,No,480.0,Moderate,Yes,Moderate,Very Low,Am,sentinel_2_negros_occidental_2020-Q4.tif,viirs_negros_occidental_2020-Q4.tif,181.90050265832076
B7V80,Isabela,2021-Q1,Philippines,2021,332183318448.6994,120.6838014481023,No,Yes,Lower-middle income,Yes,No,Yes,No,285.0,Moderate,Yes,High,Very Low,Am,sentinel_2_isabela_2021-Q1.tif,viirs_isabela_2021-Q1.tif,222.29563407034263
60KHF,Lanao del Norte,2021-Q2,Philippines,2021,332183318448.6994,123.5075473904579,No,No,Lower-middle income,No,Yes,Yes,No,790.0,Moderate,Yes,Moderate,Very Low,Af,sentinel_2_lanao_del_norte_2021-Q2.tif,viirs_lanao_del_norte_2021-Q2.tif,166.73121159283025
X3BQW,Mountain Province,2021-Q2,Philippines,2021,332183318448.6994,123.5075473904579,No,Yes,Lower-middle income,No,No,Yes,No,280.0,High,No,Moderate,Very Low,Cwb,sentinel_2_mountain_province_2021-Q2.tif,viirs_mountain_province_2021-Q2.tif,172.00322504567822
C0TR5,Misamis Oriental,2021-Q1,Philippines,2021,332183318448.6994,120.6838014481023,No,No,Lower-middle income,Yes,Yes,Yes,No,790.0,Moderate,Yes,Moderate,Very Low,Am,sentinel_2_misamis_oriental_2021-Q1.tif,viirs_misamis_oriental_2021-Q1.tif,167.83012413902233
KPS0D,Capiz,2021-Q3,Philippines,2021,332183318448.6994,125.4848727349994,No,No,Lower-middle income,Yes,Yes,Yes,No,400.0,Moderate,Yes,High,Very Low,Am,sentinel_2_capiz_2021-Q3.tif,viirs_capiz_2021-Q3.tif,185.00953060941137
Z3CC5,Cavite,2021-Q4,Philippines,2021,332183318448.6994,127.389433729792,No,No,Lower-middle income,No,Yes,Yes,No,33.0,Moderate,Yes,High,Very Low,Am,sentinel_2_cavite_2021-Q4.tif,viirs_cavite_2021-Q4.tif,207.9510763010701
FN07E,Zamboanga del Norte,2020-Q2,Philippines,2020,291244296180.30774,117.7956988014519,No,No,Lower-middle income,Yes,Yes,Yes,No,690.0,Moderate,Yes,Low,Very Low,Am,sentinel_2_zamboanga_del_norte_2020-Q2.tif,viirs_zamboanga_del_norte_2020-Q2.tif,203.90959772094487
0Q7TW,Benguet,2019-Q2,Philippines,2019,299682074191.28937,117.3681318135368,No,Yes,Lower-middle income,No,No,Yes,No,210.0,High,No,High,Very Low,Cwb,sentinel_2_benguet_2019-Q2.tif,viirs_benguet_2019-Q2.tif,237.7606405429994
6AV3S,Zamboanga del Sur,2021-Q3,Philippines,2021,332183318448.6994,125.4848727349994,No,No,Lower-middle income,Yes,Yes,Yes,No,790.0,Moderate,Yes,Low,Very Low,Af,sentinel_2_zamboanga_del_sur_2021-Q3.tif,viirs_zamboanga_del_sur_2021-Q3.tif,262.45747221948506
QUPXB,Benguet,2020-Q4,Philippines,2020,291244296180.30774,119.4024762808857,No,Yes,Lower-middle income,No,No,Yes,No,210.0,High,No,High,Very Low,Cwb,sentinel_2_benguet_2020-Q4.tif,viirs_benguet_2020-Q4.tif,245.59259833233995
6GBXQ,Siquijor,2020-Q4,Philippines,2020,291244296180.30774,119.4024762808857,No,No,Lower-middle income,Yes,Yes,Yes,No,570.0,Moderate,No,Moderate,Very Low,Am,sentinel_2_siquijor_2020-Q4.tif,viirs_siquijor_2020-Q4.tif,237.58223757311765
TK4GC,Bataan,2019-Q2,Philippines,2019,299682074191.28937,117.3681318135368,No,No,Lower-middle income,No,Yes,Yes,No,55.0,Moderate,Yes,High,Very Low,Am,sentinel_2_bataan_2019-Q2.tif,viirs_bataan_2019-Q2.tif,199.65342715224293
BTR23,Agusan del Norte,2020-Q1,Philippines,2020,291244296180.30774,118.4352913210933,No,No,Lower-middle income,Yes,Yes,Yes,No,800.0,Moderate,Yes,Moderate,Very Low,Af,sentinel_2_agusan_del_norte_2020-Q1.tif,viirs_agusan_del_norte_2020-Q1.tif,183.8432001425436
B68Q0,Surigao del Norte,2020-Q4,Philippines,2020,291244296180.30774,119.4024762808857,No,No,Lower-middle income,Yes,Yes,Yes,No,750.0,High,Yes,High,Very Low,Af,sentinel_2_surigao_del_norte_2020-Q4.tif,viirs_surigao_del_norte_2020-Q4.tif,174.46123140769708
0UY9F,Marinduque,2019-Q3,Philippines,2019,299682074191.28937,117.6899153350103,No,No,Lower-middle income,Yes,Yes,Yes,No,170.0,Moderate,Yes,Moderate,Very Low,Am,sentinel_2_marinduque_2019-Q3.tif,viirs_marinduque_2019-Q3.tif,165.79127866630432
OC1Y5,Cagayan,2019-Q3,Philippines,2019,299682074191.28937,117.6899153350103,No,No,Lower-middle income,Yes,Yes,Yes,No,350.0,Moderate,Yes,High,Very Low,Am,sentinel_2_cagayan_2019-Q3.tif,viirs_cagayan_2019-Q3.tif,201.66200093713093
8P47D,Marinduque,2019-Q4,Philippines,2019,299682074191.28937,117.9406160358257,No,No,Lower-middle income,Yes,Yes,Yes,No,170.0,Moderate,Yes,Moderate,Very Low,Am,sentinel_2_marinduque_2019-Q4.tif,viirs_marinduque_2019-Q4.tif,225.9127004552182
5PEPL,Southern Leyte,2021-Q3,Philippines,2021,332183318448.6994,125.4848727349994,No,No,Lower-middle income,No,Yes,Yes,No,640.0,Moderate,Yes,High,Very Low,Af,sentinel_2_southern_leyte_2021-Q3.tif,viirs_southern_leyte_2021-Q3.tif,216.9384719812884
AV676,Zamboanga del Norte,2019-Q1,Philippines,2019,299682074191.28937,115.9781187205398,No,No,Lower-middle income,Yes,Yes,Yes,No,690.0,Moderate,Yes,Moderate,Very Low,Am,sentinel_2_zamboanga_del_norte_2019-Q1.tif,viirs_zamboanga_del_norte_2019-Q1.tif,162.77085488811306
VRN8L,Biliran,2020-Q2,Philippines,2020,291244296180.30774,117.7956988014519,No,No,Lower-middle income,No,Yes,Yes,No,570.0,Moderate,Yes,High,Very Low,Af,sentinel_2_biliran_2020-Q2.tif,viirs_biliran_2020-Q2.tif,183.62545663172716
V6CKM,Batangas,2019-Q1,Philippines,2019,299682074191.28937,115.9781187205398,No,No,Lower-middle income,No,Yes,Yes,No,85.0,High,Yes,High,Very Low,Am,sentinel_2_batangas_2019-Q1.tif,viirs_batangas_2019-Q1.tif,198.47183032318208
E7PKW,Davao del Sur,2020-Q3,Philippines,2020,291244296180.30774,119.1285399053605,No,No,Lower-middle income,Yes,Yes,Yes,No,970.0,High,Yes,Moderate,Very Low,Af,sentinel_2_davao_del_sur_2020-Q3.tif,viirs_davao_del_sur_2020-Q3.tif,523.2387063997826
5XJXN,Marinduque,2021-Q1,Philippines,2021,332183318448.6994,120.6838014481023,No,No,Lower-middle income,Yes,Yes,Yes,No,170.0,Moderate,No,High,Very Low,Am,sentinel_2_marinduque_2021-Q1.tif,viirs_marinduque_2021-Q1.tif,327.64209363436544
YEZG5,Bukidnon,2020-Q1,Philippines,2020,291244296180.30774,118.4352913210933,No,Yes,Lower-middle income,No,No,Yes,No,820.0,Moderate,No,Moderate,Very Low,Am,sentinel_2_bukidnon_2020-Q1.tif,viirs_bukidnon_2020-Q1.tif,132.91909800413598
0X7M2,Palawan,2020-Q4,Philippines,2020,291244296180.30774,119.4024762808857,No,No,Lower-middle income,Yes,Yes,Yes,No,580.0,Low,No,Moderate,Very Low,Am,sentinel_2_palawan_2020-Q4.tif,viirs_palawan_2020-Q4.tif,259.570037425544
S0R77,La Union,2019-Q1,Philippines,2019,299682074191.28937,115.9781187205398,No,No,Lower-middle income,Yes,Yes,Yes,No,260.0,Moderate,Yes,High,Very Low,Am,sentinel_2_la_union_2019-Q1.tif,viirs_la_union_2019-Q1.tif,162.14111201822217
O5URT,Davao del Norte,2019-Q3,Philippines,2019,299682074191.28937,117.6899153350103,No,No,Lower-middle income,Yes,Yes,Yes,No,970.0,Moderate,Yes,High,Very Low,Af,sentinel_2_davao_del_norte_2019-Q3.tif,viirs_davao_del_norte_2019-Q3.tif,263.4366925772134
5FKNJ,Laguna,2020-Q4,Philippines,2020,291244296180.30774,119.4024762808857,No,No,Lower-middle income,No,No,Yes,Yes,57.5,Moderate,Yes,Moderate,Very Low,Am,sentinel_2_laguna_2020-Q4.tif,viirs_laguna_2020-Q4.tif,258.1618364063185
X8HBB,Sorsogon,2019-Q1,Philippines,2019,299682074191.28937,115.9781187205398,No,No,Lower-middle income,No,Yes,Yes,No,390.0,Moderate,Yes,High,Very Low,Af,sentinel_2_sorsogon_2019-Q1.tif,viirs_sorsogon_2019-Q1.tif,180.87494621003583
QRAFF,Camarines Sur,2021-Q4,Philippines,2021,332183318448.6994,127.389433729792,No,No,Lower-middle income,Yes,Yes,Yes,Yes,260.0,Moderate,Yes,High,Very Low,Am,sentinel_2_camarines_sur_2021-Q4.tif,viirs_camarines_sur_2021-Q4.tif,219.63463114963605
TGA46,Eastern Samar,2019-Q4,Philippines,2019,299682074191.28937,117.9406160358257,No,No,Lower-middle income,Yes,Yes,Yes,No,570.0,High,Yes,Very High,Very Low,Af,sentinel_2_eastern_samar_2019-Q4.tif,viirs_eastern_samar_2019-Q4.tif,210.02220913376053
TI221,Rizal,2020-Q1,Philippines,2020,291244296180.30774,118.4352913210933,No,Yes,Lower-middle income,No,No,Yes,No,18.0,High,Yes,High,Very Low,Am,sentinel_2_rizal_2020-Q1.tif,viirs_rizal_2020-Q1.tif,167.94627383603537
1T53Y,Apayao,2020-Q2,Philippines,2020,291244296180.30774,117.7956988014519,No,Yes,Low income,No,No,Yes,No,400.0,Moderate,Yes,Moderate,Very Low,Am,sentinel_2_apayao_2020-Q2.tif,viirs_apayao_2020-Q2.tif,146.0655852156005
RQNSV,Cebu,2019-Q1,Philippines,2019,299682074191.28937,115.9781187205398,No,No,Lower-middle income,Yes,Yes,Yes,No,570.0,Moderate,Yes,Moderate,Very Low,Am,sentinel_2_cebu_2019-Q1.tif,viirs_cebu_2019-Q1.tif,228.76249175384
7MDWK,Davao Oriental,2021-Q4,Philippines,2021,332183318448.6994,127.389433729792,No,No,Lower-middle income,No,Yes,Yes,No,950.0,Moderate,Yes,High,Very Low,Af,sentinel_2_davao_oriental_2021-Q4.tif,viirs_davao_oriental_2021-Q4.tif,197.53785989315813
D0NX5,Northern Samar,2021-Q2,Philippines,2021,332183318448.6994,123.5075473904579,No,No,Lower-middle income,Yes,Yes,Yes,No,470.0,Moderate,Yes,High,Very Low,Af,sentinel_2_northern_samar_2021-Q2.tif,viirs_northern_samar_2021-Q2.tif,225.09037295536348
PL3CH,Benguet,2020-Q1,Philippines,2020,291244296180.30774,118.4352913210933,No,Yes,Lower-middle income,No,No,Yes,No,210.0,High,No,High,Very Low,Cwb,sentinel_2_benguet_2020-Q1.tif,viirs_benguet_2020-Q1.tif,270.234846507548
GMD47,Aurora,2020-Q4,Philippines,2020,291244296180.30774,119.4024762808857,No,No,Lower-middle income,No,Yes,Yes,No,145.0,High,Yes,High,Very Low,Af,sentinel_2_aurora_2020-Q4.tif,viirs_aurora_2020-Q4.tif,301.3876043704028
M6HZ7,Zamboanga Sibugay,2019-Q3,Philippines,2019,299682074191.28937,117.6899153350103,No,No,Lower-middle income,No,Yes,Yes,No,820.0,Moderate,Yes,Moderate,Very Low,Af,sentinel_2_zamboanga_sibugay_2019-Q3.tif,viirs_zamboanga_sibugay_2019-Q3.tif,158.8427270831735
RK6IL,Sorsogon,2020-Q2,Philippines,2020,291244296180.30774,117.7956988014519,No,No,Lower-middle income,No,Yes,Yes,No,390.0,Moderate,Yes,High,Very Low,Af,sentinel_2_sorsogon_2020-Q2.tif,viirs_sorsogon_2020-Q2.tif,256.3073247340034
SKOYT,Catanduanes,2021-Q1,Philippines,2021,332183318448.6994,120.6838014481023,No,No,Lower-middle income,Yes,Yes,Yes,No,370.0,Moderate,Yes,Very High,Very Low,Af,sentinel_2_catanduanes_2021-Q1.tif,viirs_catanduanes_2021-Q1.tif,245.4696037007681
HLK3Y,Guimaras,2021-Q4,Philippines,2021,332183318448.6994,127.389433729792,No,No,Lower-middle income,No,Yes,Yes,No,470.0,Moderate,No,High,Very Low,Am,sentinel_2_guimaras_2021-Q4.tif,viirs_guimaras_2021-Q4.tif,213.8558104229018
QAAJ8,Antique,2021-Q1,Philippines,2021,332183318448.6994,120.6838014481023,No,No,Lower-middle income,Yes,Yes,Yes,No,410.0,Moderate,Yes,Moderate,Very Low,Am,sentinel_2_antique_2021-Q1.tif,viirs_antique_2021-Q1.tif,229.75778923438776
DNZY4,Zamboanga del Norte,2019-Q4,Philippines,2019,299682074191.28937,117.9406160358257,No,No,Lower-middle income,Yes,Yes,Yes,No,690.0,Moderate,Yes,Moderate,Very Low,Am,sentinel_2_zamboanga_del_norte_2019-Q4.tif,viirs_zamboanga_del_norte_2019-Q4.tif,137.22908342671585
RMGJC,Sorsogon,2020-Q4,Philippines,2020,291244296180.30774,119.4024762808857,No,No,Lower-middle income,No,Yes,Yes,No,390.0,Moderate,Yes,High,Very Low,Af,sentinel_2_sorsogon_2020-Q4.tif,viirs_sorsogon_2020-Q4.tif,270.196118309937
W60ZZ,Misamis Oriental,2021-Q4,Philippines,2021,332183318448.6994,127.389433729792,No,No,Lower-middle income,Yes,Yes,Yes,No,790.0,Moderate,Yes,Moderate,Very Low,Am,sentinel_2_misamis_oriental_2021-Q4.tif,viirs_misamis_oriental_2021-Q4.tif,224.77055560087337
B537Q,Bohol,2019-Q3,Philippines,2019,299682074191.28937,117.6899153350103,No,No,Lower-middle income,Yes,Yes,Yes,No,630.0,Moderate,Yes,Moderate,Very Low,Am,sentinel_2_bohol_2019-Q3.tif,viirs_bohol_2019-Q3.tif,186.69157249389627
ARYEA,Sultan Kudarat,2021-Q2,Philippines,2021,332183318448.6994,123.5075473904579,No,No,Lower-middle income,Yes,Yes,Yes,No,950.0,Moderate,Yes,Low,Very Low,Af,sentinel_2_sultan_kudarat_2021-Q2.tif,viirs_sultan_kudarat_2021-Q2.tif,187.27508641471707
A94XF,South Cotabato,2019-Q4,Philippines,2019,299682074191.28937,117.9406160358257,No,Yes,Lower-middle income,Yes,No,Yes,No,1000.0,Moderate,Yes,Low,Very Low,Am,sentinel_2_south_cotabato_2019-Q4.tif,viirs_south_cotabato_2019-Q4.tif,231.0906544949624
N95S2,Siquijor,2020-Q1,Philippines,2020,291244296180.30774,118.4352913210933,No,No,Lower-middle income,Yes,Yes,Yes,No,570.0,Moderate,No,Moderate,Very Low,Am,sentinel_2_siquijor_2020-Q1.tif,viirs_siquijor_2020-Q1.tif,221.05170931588023
ORVOR,Bataan,2021-Q1,Philippines,2021,332183318448.6994,120.6838014481023,No,No,Lower-middle income,No,Yes,Yes,No,55.0,Moderate,Yes,High,Very Low,Am,sentinel_2_bataan_2021-Q1.tif,viirs_bataan_2021-Q1.tif,429.3510030418964
PUBKP,Quirino,2019-Q1,Philippines,2019,299682074191.28937,115.9781187205398,No,Yes,Lower-middle income,No,No,Yes,No,265.0,Moderate,No,Moderate,Very Low,Am,sentinel_2_quirino_2019-Q1.tif,viirs_quirino_2019-Q1.tif,323.244824538515
D4F2K,Cagayan,2021-Q3,Philippines,2021,332183318448.6994,125.4848727349994,No,No,Lower-middle income,Yes,Yes,Yes,No,350.0,Moderate,Yes,High,Very Low,Am,sentinel_2_cagayan_2021-Q3.tif,viirs_cagayan_2021-Q3.tif,173.31387386823496
X3VPF,Misamis Occidental,2020-Q1,Philippines,2020,291244296180.30774,118.4352913210933,No,No,Lower-middle income,Yes,Yes,Yes,No,780.0,Moderate,Yes,Moderate,Very Low,Af,sentinel_2_misamis_occidental_2020-Q1.tif,viirs_misamis_occidental_2020-Q1.tif,178.33900115642456
IKQWJ,Kalinga,2020-Q2,Philippines,2020,291244296180.30774,117.7956988014519,No,Yes,Lower-middle income,No,No,Yes,No,340.0,Moderate,Yes,Moderate,Very Low,Am,sentinel_2_kalinga_2020-Q2.tif,viirs_kalinga_2020-Q2.tif,179.16250532251857
5Y6Q8,South Cotabato,2020-Q3,Philippines,2020,291244296180.30774,119.1285399053605,No,Yes,Lower-middle income,Yes,No,Yes,No,1000.0,Moderate,Yes,Low,Low,Am,sentinel_2_south_cotabato_2020-Q3.tif,viirs_south_cotabato_2020-Q3.tif,195.53889040846536
BM271,Davao del Sur,2019-Q4,Philippines,2019,299682074191.28937,117.9406160358257,No,No,Lower-middle income,Yes,Yes,Yes,No,970.0,High,Yes,Low,Very Low,Af,sentinel_2_davao_del_sur_2019-Q4.tif,viirs_davao_del_sur_2019-Q4.tif,303.2940386950313
C1V47,Surigao del Sur,2020-Q4,Philippines,2020,291244296180.30774,119.4024762808857,No,No,Lower-middle income,Yes,Yes,Yes,No,850.0,High,Yes,High,Very Low,Af,sentinel_2_surigao_del_sur_2020-Q4.tif,viirs_surigao_del_sur_2020-Q4.tif,118.87302119518286
K1DJR,Bataan,2021-Q2,Philippines,2021,332183318448.6994,123.5075473904579,No,No,Lower-middle income,No,Yes,Yes,No,55.0,Moderate,Yes,High,Very Low,Am,sentinel_2_bataan_2021-Q2.tif,viirs_bataan_2021-Q2.tif,227.334844495062
WKON8,Bulacan,2019-Q2,Philippines,2019,299682074191.28937,117.3681318135368,No,Yes,Lower-middle income,No,No,Yes,Yes,30.0,Moderate,Yes,High,Very Low,Am,sentinel_2_bulacan_2019-Q2.tif,viirs_bulacan_2019-Q2.tif,144.36940952893303
ZYTKW,Agusan del Sur,2021-Q3,Philippines,2021,332183318448.6994,125.4848727349994,No,Yes,Lower-middle income,No,No,Yes,No,800.0,Moderate,Yes,Moderate,Very Low,Af,sentinel_2_agusan_del_sur_2021-Q3.tif,viirs_agusan_del_sur_2021-Q3.tif,287.0667342140913
NOG85,Cagayan,2021-Q2,Philippines,2021,332183318448.6994,123.5075473904579,No,No,Lower-middle income,Yes,Yes,Yes,No,350.0,Moderate,Yes,High,Very Low,Am,sentinel_2_cagayan_2021-Q2.tif,viirs_cagayan_2021-Q2.tif,180.61206337048893
H8N92,Davao Occidental,2020-Q4,Philippines,2020,291244296180.30774,119.4024762808857,No,No,Lower-middle income,No,Yes,Yes,No,1050.0,Moderate,Yes,Moderate,Very Low,Af,sentinel_2_davao_occidental_2020-Q4.tif,viirs_davao_occidental_2020-Q4.tif,619.088659172666
YM33M,Davao Oriental,2021-Q1,Philippines,2021,332183318448.6994,120.6838014481023,No,No,Lower-middle income,No,Yes,Yes,No,950.0,Moderate,Yes,High,Very Low,Af,sentinel_2_davao_oriental_2021-Q1.tif,viirs_davao_oriental_2021-Q1.tif,197.49480952522245
Z5SYJ,Pangasinan,2020-Q2,Philippines,2020,291244296180.30774,117.7956988014519,No,No,Lower-middle income,Yes,Yes,Yes,No,170.0,Moderate,Yes,High,Very Low,Am,sentinel_2_pangasinan_2020-Q2.tif,viirs_pangasinan_2020-Q2.tif,261.4513675102635
PQ8R4,Zamboanga del Norte,2021-Q3,Philippines,2021,332183318448.6994,125.4848727349994,No,No,Lower-middle income,Yes,Yes,Yes,No,690.0,Moderate,Yes,Moderate,Very Low,Am,sentinel_2_zamboanga_del_norte_2021-Q3.tif,viirs_zamboanga_del_norte_2021-Q3.tif,122.76470657288328
OAU8P,Sultan Kudarat,2019-Q1,Philippines,2019,299682074191.28937,115.9781187205398,No,No,Lower-middle income,Yes,Yes,Yes,No,950.0,Moderate,Yes,Low,Very Low,Af,sentinel_2_sultan_kudarat_2019-Q1.tif,viirs_sultan_kudarat_2019-Q1.tif,219.4308164275953
7QUUS,Zamboanga del Norte,2020-Q1,Philippines,2020,291244296180.30774,118.4352913210933,No,No,Lower-middle income,Yes,Yes,Yes,No,690.0,Moderate,Yes,Low,Very Low,Am,sentinel_2_zamboanga_del_norte_2020-Q1.tif,viirs_zamboanga_del_norte_2020-Q1.tif,125.6280963950767
WYH36,Surigao del Sur,2021-Q4,Philippines,2021,332183318448.6994,127.389433729792,No,No,Lower-middle income,Yes,Yes,Yes,No,850.0,High,Yes,High,Very Low,Af,sentinel_2_surigao_del_sur_2021-Q4.tif,viirs_surigao_del_sur_2021-Q4.tif,149.7232191797518
HQR6F,Abra,2020-Q3,Philippines,2020,291244296180.30774,119.1285399053605,No,Yes,Lower-middle income,No,No,Yes,No,330.0,High,Yes,Moderate,Very Low,Am,sentinel_2_abra_2020-Q3.tif,viirs_abra_2020-Q3.tif,176.93558528732072
M5HGB,National Capital Region (NCR),2020-Q1,Philippines,2020,291244296180.30774,118.4352913210933,No,No,Upper-middle income,Yes,Yes,Yes,Yes,0.0,High,Yes,High,Very Low,Am,sentinel_2_national_capital_region_2020-Q1.tif,viirs_national_capital_region_2020-Q1.tif,244.6326817323947
DL7FK,Pampanga,2019-Q1,Philippines,2019,299682074191.28937,115.9781187205398,No,Yes,Lower-middle income,Yes,No,Yes,Yes,65.0,Moderate,Yes,Moderate,Very Low,Am,sentinel_2_pampanga_2019-Q1.tif,viirs_pampanga_2019-Q1.tif,204.0414887135611
ZREZR,Batanes,2020-Q2,Philippines,2020,291244296180.30774,117.7956988014519,No,No,Lower-middle income,Yes,Yes,Yes,No,660.0,High,No,High,Very Low,Cfa,sentinel_2_batanes_2020-Q2.tif,viirs_batanes_2020-Q2.tif,356.6732267806579
ET0DY,Lanao del Sur,2020-Q1,Philippines,2020,291244296180.30774,118.4352913210933,No,Yes,Low income,No,No,Yes,No,820.0,Moderate,No,Moderate,Very Low,Af,sentinel_2_lanao_del_sur_2020-Q1.tif,viirs_lanao_del_sur_2020-Q1.tif,178.86056687575655
LNY2S,Lanao del Sur,2021-Q4,Philippines,2021,332183318448.6994,127.389433729792,No,Yes,Low income,No,No,Yes,No,820.0,Moderate,Yes,Low,Very Low,Af,sentinel_2_lanao_del_sur_2021-Q4.tif,viirs_lanao_del_sur_2021-Q4.tif,167.13905330211827
CF72G,Eastern Samar,2020-Q4,Philippines,2020,291244296180.30774,119.4024762808857,No,No,Lower-middle income,Yes,Yes,Yes,No,570.0,High,Yes,Very High,Very Low,Af,sentinel_2_eastern_samar_2020-Q4.tif,viirs_eastern_samar_2020-Q4.tif,250.6208623866516
GK38V,Masbate,2021-Q4,Philippines,2021,332183318448.6994,127.389433729792,No,No,Lower-middle income,Yes,Yes,Yes,No,370.0,High,Yes,High,Very Low,Am,sentinel_2_masbate_2021-Q4.tif,viirs_masbate_2021-Q4.tif,274.1574721501474
5EWFW,Zamboanga del Sur,2019-Q2,Philippines,2019,299682074191.28937,117.3681318135368,No,No,Lower-middle income,Yes,Yes,Yes,No,790.0,Moderate,Yes,Low,Very Low,Af,sentinel_2_zamboanga_del_sur_2019-Q2.tif,viirs_zamboanga_del_sur_2019-Q2.tif,144.0228695384859
3V1M3,Zamboanga del Norte,2019-Q2,Philippines,2019,299682074191.28937,117.3681318135368,No,No,Lower-middle income,Yes,Yes,Yes,No,690.0,Moderate,Yes,Moderate,Very Low,Am,sentinel_2_zamboanga_del_norte_2019-Q2.tif,viirs_zamboanga_del_norte_2019-Q2.tif,163.22617256042264
LOLN3,Davao Occidental,2019-Q2,Philippines,2019,299682074191.28937,117.3681318135368,No,No,Lower-middle income,No,No,Yes,No,1050.0,Moderate,Yes,Low,Very Low,Af,sentinel_2_davao_occidental_2019-Q2.tif,viirs_davao_occidental_2019-Q2.tif,189.93193399549537
CTM09,Negros Oriental,2019-Q4,Philippines,2019,299682074191.28937,117.9406160358257,No,No,Lower-middle income,Yes,Yes,Yes,No,630.0,Moderate,Yes,Moderate,Very Low,Am,sentinel_2_negros_oriental_2019-Q4.tif,viirs_negros_oriental_2019-Q4.tif,191.6024895376735
GBIBF,Northern Samar,2019-Q3,Philippines,2019,299682074191.28937,117.6899153350103,No,No,Lower-middle income,Yes,Yes,Yes,No,470.0,Moderate,Yes,High,Very Low,Af,sentinel_2_northern_samar_2019-Q3.tif,viirs_northern_samar_2019-Q3.tif,211.3093852389173
6L01W,Isabela,2020-Q3,Philippines,2020,291244296180.30774,119.1285399053605,No,Yes,Lower-middle income,Yes,No,Yes,No,285.0,Moderate,Yes,High,Very Low,Am,sentinel_2_isabela_2020-Q3.tif,viirs_isabela_2020-Q3.tif,353.2993825028669
M72QL,Davao del Sur,2021-Q3,Philippines,2021,332183318448.6994,125.4848727349994,No,No,Lower-middle income,Yes,Yes,Yes,No,970.0,High,Yes,Low,Very Low,Af,sentinel_2_davao_del_sur_2021-Q3.tif,viirs_davao_del_sur_2021-Q3.tif,234.42634429646705
EBE54,Bulacan,2020-Q1,Philippines,2020,291244296180.30774,118.4352913210933,No,Yes,Lower-middle income,No,No,Yes,Yes,30.0,Moderate,Yes,Moderate,Very Low,Am,sentinel_2_bulacan_2020-Q1.tif,viirs_bulacan_2020-Q1.tif,129.98189880149786
W24WJ,Quirino,2021-Q4,Philippines,2021,332183318448.6994,127.389433729792,No,Yes,Lower-middle income,No,No,Yes,No,265.0,Moderate,Yes,Moderate,Very Low,Am,sentinel_2_quirino_2021-Q4.tif,viirs_quirino_2021-Q4.tif,296.63669757092964
63GAG,Rizal,2021-Q3,Philippines,2021,332183318448.6994,125.4848727349994,No,Yes,Lower-middle income,No,No,Yes,No,18.0,High,Yes,High,Very Low,Am,sentinel_2_rizal_2021-Q3.tif,viirs_rizal_2021-Q3.tif,428.57841644635175
A6GMD,Mountain Province,2021-Q4,Philippines,2021,332183318448.6994,127.389433729792,No,Yes,Lower-middle income,No,No,Yes,No,280.0,High,No,Moderate,Very Low,Cwb,sentinel_2_mountain_province_2021-Q4.tif,viirs_mountain_province_2021-Q4.tif,214.7343152454314
XNCHK,Iloilo,2021-Q4,Philippines,2021,332183318448.6994,127.389433729792,No,No,Lower-middle income,Yes,Yes,Yes,No,460.0,Moderate,Yes,High,Very Low,Am,sentinel_2_iloilo_2021-Q4.tif,viirs_iloilo_2021-Q4.tif,278.3228867772329
9C81D,Antique,2020-Q1,Philippines,2020,291244296180.30774,118.4352913210933,No,No,Lower-middle income,Yes,Yes,Yes,No,410.0,Moderate,Yes,Moderate,Very Low,Am,sentinel_2_antique_2020-Q1.tif,viirs_antique_2020-Q1.tif,207.50925164642825
1U24Z,Leyte,2021-Q4,Philippines,2021,332183318448.6994,127.389433729792,No,No,Lower-middle income,Yes,Yes,Yes,No,570.0,Moderate,Yes,High,Very Low,Af,sentinel_2_leyte_2021-Q4.tif,viirs_leyte_2021-Q4.tif,191.30566955373516
3VOB5,Cotabato,2021-Q1,Philippines,2021,332183318448.6994,120.6838014481023,No,No,Lower-middle income,Yes,Yes,Yes,No,870.0,High,Yes,Moderate,Low,Af,sentinel_2_cotabato_2021-Q1.tif,viirs_cotabato_2021-Q1.tif,238.1229135503758
AN8ND,Misamis Occidental,2021-Q1,Philippines,2021,332183318448.6994,120.6838014481023,No,No,Lower-middle income,Yes,Yes,Yes,No,780.0,Moderate,Yes,Low,Very Low,Af,sentinel_2_misamis_occidental_2021-Q1.tif,viirs_misamis_occidental_2021-Q1.tif,109.93243648682343
571VX,Lanao del Sur,2020-Q2,Philippines,2020,291244296180.30774,117.7956988014519,No,Yes,Low income,No,No,Yes,No,820.0,Moderate,No,Moderate,Very Low,Af,sentinel_2_lanao_del_sur_2020-Q2.tif,viirs_lanao_del_sur_2020-Q2.tif,201.996370595356
6PRR7,Camiguin,2020-Q3,Philippines,2020,291244296180.30774,119.1285399053605,No,No,Lower-middle income,Yes,Yes,Yes,No,780.0,Moderate,No,Moderate,Very Low,Af,sentinel_2_camiguin_2020-Q3.tif,viirs_camiguin_2020-Q3.tif,120.48759115188912
RH2XK,Batangas,2021-Q2,Philippines,2021,332183318448.6994,123.5075473904579,No,No,Lower-middle income,No,Yes,Yes,No,85.0,High,Yes,High,Very Low,Am,sentinel_2_batangas_2021-Q2.tif,viirs_batangas_2021-Q2.tif,216.9690818102144
FEJ2X,Benguet,2021-Q1,Philippines,2021,332183318448.6994,120.6838014481023,No,Yes,Lower-middle income,No,No,Yes,No,210.0,High,No,High,Very Low,Cwb,sentinel_2_benguet_2021-Q1.tif,viirs_benguet_2021-Q1.tif,308.72636729241896
ZUJ2X,Bataan,2020-Q4,Philippines,2020,291244296180.30774,119.4024762808857,No,No,Lower-middle income,No,Yes,Yes,No,55.0,Moderate,Yes,Moderate,Very Low,Am,sentinel_2_bataan_2020-Q4.tif,viirs_bataan_2020-Q4.tif,235.17724056382036
AUUJ0,Marinduque,2021-Q3,Philippines,2021,332183318448.6994,125.4848727349994,No,No,Lower-middle income,Yes,Yes,Yes,No,170.0,Moderate,No,High,Very Low,Am,sentinel_2_marinduque_2021-Q3.tif,viirs_marinduque_2021-Q3.tif,204.1584943979733
9EDE1,Basilan,2021-Q1,Philippines,2021,332183318448.6994,120.6838014481023,No,No,Lower-middle income,Yes,Yes,Yes,No,880.0,Moderate,No,Moderate,Very Low,Af,sentinel_2_basilan_2021-Q1.tif,viirs_basilan_2021-Q1.tif,576.770287083825
Z0JDC,Bukidnon,2021-Q3,Philippines,2021,332183318448.6994,125.4848727349994,No,Yes,Lower-middle income,No,No,Yes,No,820.0,Moderate,No,Low,Very Low,Am,sentinel_2_bukidnon_2021-Q3.tif,viirs_bukidnon_2021-Q3.tif,185.4883669199721
S2GY9,Davao del Norte,2020-Q2,Philippines,2020,291244296180.30774,117.7956988014519,No,No,Lower-middle income,Yes,Yes,Yes,No,970.0,Moderate,Yes,Moderate,Very Low,Af,sentinel_2_davao_del_norte_2020-Q2.tif,viirs_davao_del_norte_2020-Q2.tif,219.3367200478029
ZIRNK,Davao del Norte,2019-Q1,Philippines,2019,299682074191.28937,115.9781187205398,No,No,Lower-middle income,Yes,Yes,Yes,No,970.0,Moderate,Yes,High,Very Low,Af,sentinel_2_davao_del_norte_2019-Q1.tif,viirs_davao_del_norte_2019-Q1.tif,169.41815564938474
KEAEA,Camarines Sur,2021-Q1,Philippines,2021,332183318448.6994,120.6838014481023,No,No,Lower-middle income,Yes,Yes,Yes,Yes,260.0,Moderate,Yes,High,Very Low,Am,sentinel_2_camarines_sur_2021-Q1.tif,viirs_camarines_sur_2021-Q1.tif,188.36210279452348
ULWOZ,Sarangani,2019-Q1,Philippines,2019,299682074191.28937,115.9781187205398,No,No,Lower-middle income,No,Yes,Yes,No,1030.0,Moderate,Yes,Moderate,Very Low,Af,sentinel_2_sarangani_2019-Q1.tif,viirs_sarangani_2019-Q1.tif,172.1369836065574
M5V2W,Abra,2021-Q3,Philippines,2021,332183318448.6994,125.4848727349994,No,Yes,Lower-middle income,No,No,Yes,No,330.0,High,No,Moderate,Very Low,Am,sentinel_2_abra_2021-Q3.tif,viirs_abra_2021-Q3.tif,179.19415087513582
SSBJD,Siquijor,2021-Q2,Philippines,2021,332183318448.6994,123.5075473904579,No,No,Lower-middle income,Yes,Yes,Yes,No,570.0,Moderate,No,Moderate,Very Low,Am,sentinel_2_siquijor_2021-Q2.tif,viirs_siquijor_2021-Q2.tif,218.7633374408632
VWY3R,Camiguin,2020-Q1,Philippines,2020,291244296180.30774,118.4352913210933,No,No,Lower-middle income,Yes,Yes,Yes,No,780.0,Moderate,No,Moderate,Very Low,Af,sentinel_2_camiguin_2020-Q1.tif,viirs_camiguin_2020-Q1.tif,171.9564823616219
UBUGR,Cotabato,2020-Q2,Philippines,2020,291244296180.30774,117.7956988014519,No,Yes,Lower-middle income,Yes,No,Yes,No,870.0,High,Yes,Moderate,Very Low,Af,sentinel_2_cotabato_2020-Q2.tif,viirs_cotabato_2020-Q2.tif,162.15501648420073
93ACZ,Laguna,2019-Q3,Philippines,2019,299682074191.28937,117.6899153350103,No,No,Lower-middle income,No,No,Yes,Yes,57.5,Moderate,Yes,Moderate,Very Low,Am,sentinel_2_laguna_2019-Q3.tif,viirs_laguna_2019-Q3.tif,207.0828609963125
ZF761,Lanao del Sur,2019-Q3,Philippines,2019,299682074191.28937,117.6899153350103,No,No,Low income,Yes,No,Yes,No,820.0,Moderate,Yes,High,Very Low,Af,sentinel_2_lanao_del_sur_2019-Q3.tif,viirs_lanao_del_sur_2019-Q3.tif,128.95427467800053
H3GDH,Siquijor,2019-Q2,Philippines,2019,299682074191.28937,117.3681318135368,No,No,Lower-middle income,Yes,Yes,Yes,No,570.0,Moderate,No,Moderate,Very Low,Am,sentinel_2_siquijor_2019-Q2.tif,viirs_siquijor_2019-Q2.tif,170.75303210194335
PVOWC,Lanao del Norte,2020-Q4,Philippines,2020,291244296180.30774,119.4024762808857,No,No,Lower-middle income,No,Yes,Yes,No,790.0,Moderate,Yes,Moderate,Low,Af,sentinel_2_lanao_del_norte_2020-Q4.tif,viirs_lanao_del_norte_2020-Q4.tif,251.56679572057
1JL6L,Bulacan,2020-Q3,Philippines,2020,291244296180.30774,119.1285399053605,No,Yes,Lower-middle income,No,No,Yes,Yes,30.0,Moderate,Yes,Moderate,Very Low,Am,sentinel_2_bulacan_2020-Q3.tif,viirs_bulacan_2020-Q3.tif,143.4154586436986
ZH4OE,Leyte,2021-Q3,Philippines,2021,332183318448.6994,125.4848727349994,No,No,Lower-middle income,Yes,Yes,Yes,No,570.0,Moderate,Yes,High,Very Low,Af,sentinel_2_leyte_2021-Q3.tif,viirs_leyte_2021-Q3.tif,203.56879998909568
R4SOR,Batanes,2020-Q4,Philippines,2020,291244296180.30774,119.4024762808857,No,No,Lower-middle income,Yes,Yes,Yes,No,660.0,High,No,High,Very Low,Cfa,sentinel_2_batanes_2020-Q4.tif,viirs_batanes_2020-Q4.tif,353.28124552282486
6NYQA,Bukidnon,2021-Q1,Philippines,2021,332183318448.6994,120.6838014481023,No,Yes,Lower-middle income,No,No,Yes,No,820.0,Moderate,No,Low,Very Low,Am,sentinel_2_bukidnon_2021-Q1.tif,viirs_bukidnon_2021-Q1.tif,157.55915038635305
3ZCA7,Nueva Vizcaya,2020-Q4,Philippines,2020,291244296180.30774,119.4024762808857,No,Yes,Lower-middle income,No,No,Yes,No,195.0,Moderate,Yes,Moderate,Very Low,Am,sentinel_2_nueva_vizcaya_2020-Q4.tif,viirs_nueva_vizcaya_2020-Q4.tif,224.12614455346463
MJDIM,Davao del Sur,2019-Q3,Philippines,2019,299682074191.28937,117.6899153350103,No,No,Lower-middle income,Yes,Yes,Yes,No,970.0,High,Yes,Low,Very Low,Af,sentinel_2_davao_del_sur_2019-Q3.tif,viirs_davao_del_sur_2019-Q3.tif,210.8901030104568
IMJYJ,Agusan del Sur,2021-Q1,Philippines,2021,332183318448.6994,120.6838014481023,No,Yes,Lower-middle income,No,No,Yes,No,800.0,Moderate,Yes,Moderate,Very Low,Af,sentinel_2_agusan_del_sur_2021-Q1.tif,viirs_agusan_del_sur_2021-Q1.tif,228.31456108354547
JJY4M,Zamboanga del Sur,2020-Q1,Philippines,2020,291244296180.30774,118.4352913210933,No,No,Lower-middle income,Yes,Yes,Yes,No,790.0,Moderate,Yes,Moderate,Very Low,Af,sentinel_2_zamboanga_del_sur_2020-Q1.tif,viirs_zamboanga_del_sur_2020-Q1.tif,263.1559936692464
HZBGT,Negros Oriental,2020-Q1,Philippines,2020,291244296180.30774,118.4352913210933,No,No,Lower-middle income,Yes,Yes,Yes,No,630.0,Moderate,Yes,Moderate,Very Low,Am,sentinel_2_negros_oriental_2020-Q1.tif,viirs_negros_oriental_2020-Q1.tif,183.96489178776383
BOLWI,Negros Occidental,2020-Q2,Philippines,2020,291244296180.30774,117.7956988014519,No,No,Lower-middle income,Yes,Yes,Yes,No,480.0,Moderate,Yes,Moderate,Very Low,Am,sentinel_2_negros_occidental_2020-Q2.tif,viirs_negros_occidental_2020-Q2.tif,132.476158821565
CE8ZN,Occidental Mindoro,2020-Q4,Philippines,2020,291244296180.30774,119.4024762808857,No,No,Lower-middle income,Yes,Yes,Yes,No,150.0,Moderate,Yes,Moderate,Very Low,Am,sentinel_2_occidental_mindoro_2020-Q4.tif,viirs_occidental_mindoro_2020-Q4.tif,218.8080077667029
G1ZHQ,Ifugao,2020-Q3,Philippines,2020,291244296180.30774,119.1285399053605,No,Yes,Lower-middle income,No,No,Yes,No,240.0,Moderate,No,Moderate,Very Low,Cwb,sentinel_2_ifugao_2020-Q3.tif,viirs_ifugao_2020-Q3.tif,53.367955630314334
J7DPF,Siquijor,2021-Q1,Philippines,2021,332183318448.6994,120.6838014481023,No,No,Lower-middle income,Yes,Yes,Yes,No,570.0,Moderate,No,Moderate,Very Low,Am,sentinel_2_siquijor_2021-Q1.tif,viirs_siquijor_2021-Q1.tif,251.88213051943023
ULJGQ,Zamboanga del Norte,2021-Q2,Philippines,2021,332183318448.6994,123.5075473904579,No,No,Lower-middle income,Yes,Yes,Yes,No,690.0,Moderate,Yes,Moderate,Very Low,Am,sentinel_2_zamboanga_del_norte_2021-Q2.tif,viirs_zamboanga_del_norte_2021-Q2.tif,146.1918454664672
5YWX0,Pampanga,2020-Q3,Philippines,2020,291244296180.30774,119.1285399053605,No,Yes,Lower-middle income,Yes,No,Yes,Yes,65.0,Moderate,Yes,High,Very Low,Am,sentinel_2_pampanga_2020-Q3.tif,viirs_pampanga_2020-Q3.tif,222.98372119652063
VNCZT,Northern Samar,2020-Q2,Philippines,2020,291244296180.30774,117.7956988014519,No,No,Lower-middle income,Yes,Yes,Yes,No,470.0,Moderate,Yes,High,Very Low,Af,sentinel_2_northern_samar_2020-Q2.tif,viirs_northern_samar_2020-Q2.tif,203.3811076638989
0QI2C,Dinagat Islands,2019-Q2,Philippines,2019,299682074191.28937,117.3681318135368,No,No,Lower-middle income,No,Yes,Yes,No,770.0,Moderate,Yes,High,Very Low,Af,sentinel_2_dinagat_islands_2019-Q2.tif,viirs_dinagat_islands_2019-Q2.tif,136.8125992740024
S95ZO,Misamis Oriental,2021-Q3,Philippines,2021,332183318448.6994,125.4848727349994,No,No,Lower-middle income,Yes,Yes,Yes,No,790.0,Moderate,Yes,Moderate,Very Low,Am,sentinel_2_misamis_oriental_2021-Q3.tif,viirs_misamis_oriental_2021-Q3.tif,224.2057968971453
70IB3,La Union,2020-Q2,Philippines,2020,291244296180.30774,117.7956988014519,No,No,Lower-middle income,Yes,Yes,Yes,No,260.0,Moderate,Yes,Moderate,Very Low,Am,sentinel_2_la_union_2020-Q2.tif,viirs_la_union_2020-Q2.tif,191.3873669302868
VH7KA,Albay,2021-Q1,Philippines,2021,332183318448.6994,120.6838014481023,No,No,Lower-middle income,Yes,Yes,Yes,No,330.0,High,Yes,Very High,Very Low,Af,sentinel_2_albay_2021-Q1.tif,viirs_albay_2021-Q1.tif,434.3531055227064
84HXX,Camarines Sur,2021-Q2,Philippines,2021,332183318448.6994,123.5075473904579,No,No,Lower-middle income,Yes,Yes,Yes,Yes,260.0,Moderate,Yes,High,Very Low,Am,sentinel_2_camarines_sur_2021-Q2.tif,viirs_camarines_sur_2021-Q2.tif,263.29731721832536
1QI9M,Davao Oriental,2019-Q4,Philippines,2019,299682074191.28937,117.9406160358257,No,No,Lower-middle income,No,Yes,Yes,No,950.0,Moderate,Yes,High,Very Low,Af,sentinel_2_davao_oriental_2019-Q4.tif,viirs_davao_oriental_2019-Q4.tif,217.11595455158565
P8DJK,Southern Leyte,2020-Q3,Philippines,2020,291244296180.30774,119.1285399053605,No,No,Lower-middle income,No,Yes,Yes,No,640.0,Moderate,Yes,High,Very Low,Af,sentinel_2_southern_leyte_2020-Q3.tif,viirs_southern_leyte_2020-Q3.tif,208.18168099149483
RSOGG,Romblon,2020-Q2,Philippines,2020,291244296180.30774,117.7956988014519,No,No,Lower-middle income,Yes,Yes,Yes,No,270.0,Moderate,No,High,Very Low,Am,sentinel_2_romblon_2020-Q2.tif,viirs_romblon_2020-Q2.tif,164.1501276655632
5JWK6,Ilocos Sur,2019-Q4,Philippines,2019,299682074191.28937,117.9406160358257,No,No,Lower-middle income,No,Yes,Yes,No,340.0,Moderate,Yes,Moderate,Very Low,Aw,sentinel_2_ilocos_sur_2019-Q4.tif,viirs_ilocos_sur_2019-Q4.tif,189.17173389322443
NZ3A8,Biliran,2020-Q4,Philippines,2020,291244296180.30774,119.4024762808857,No,No,Lower-middle income,No,Yes,Yes,No,570.0,Moderate,Yes,High,Very Low,Af,sentinel_2_biliran_2020-Q4.tif,viirs_biliran_2020-Q4.tif,213.30475585252577
P3JK8,La Union,2021-Q3,Philippines,2021,332183318448.6994,125.4848727349994,No,No,Lower-middle income,No,Yes,Yes,No,260.0,Moderate,Yes,High,Very Low,Am,sentinel_2_la_union_2021-Q3.tif,viirs_la_union_2021-Q3.tif,192.0297698816592
S74ND,National Capital Region (NCR),2021-Q1,Philippines,2021,332183318448.6994,120.6838014481023,No,No,Upper-middle income,Yes,Yes,Yes,Yes,0.0,High,Yes,Moderate,Very Low,Am,sentinel_2_national_capital_region_2021-Q1.tif,viirs_national_capital_region_2021-Q1.tif,318.77885351703924
MD6X7,Nueva Vizcaya,2020-Q3,Philippines,2020,291244296180.30774,119.1285399053605,No,Yes,Lower-middle income,No,No,Yes,No,195.0,Moderate,Yes,Moderate,Very Low,Am,sentinel_2_nueva_vizcaya_2020-Q3.tif,viirs_nueva_vizcaya_2020-Q3.tif,442.3374776573142
H1XDP,Lanao del Sur,2019-Q2,Philippines,2019,299682074191.28937,117.3681318135368,No,No,Low income,Yes,No,Yes,No,820.0,Moderate,Yes,High,Very Low,Af,sentinel_2_lanao_del_sur_2019-Q2.tif,viirs_lanao_del_sur_2019-Q2.tif,232.4520363316647
GADKT,Ilocos Sur,2021-Q4,Philippines,2021,332183318448.6994,127.389433729792,No,No,Lower-middle income,No,Yes,Yes,No,340.0,Moderate,Yes,High,Very Low,Aw,sentinel_2_ilocos_sur_2021-Q4.tif,viirs_ilocos_sur_2021-Q4.tif,232.5539341807917
7BXCD,Samar,2021-Q3,Philippines,2021,332183318448.6994,125.4848727349994,No,No,Lower-middle income,Yes,Yes,Yes,No,500.0,Moderate,Yes,High,Very Low,Af,sentinel_2_samar_2021-Q3.tif,viirs_samar_2021-Q3.tif,155.88108857903924
ZTPLC,Camiguin,2020-Q2,Philippines,2020,291244296180.30774,117.7956988014519,No,No,Lower-middle income,Yes,Yes,Yes,No,780.0,Moderate,No,Moderate,Very Low,Af,sentinel_2_camiguin_2020-Q2.tif,viirs_camiguin_2020-Q2.tif,113.50209789215066
VLI77,Tarlac,2020-Q2,Philippines,2020,291244296180.30774,117.7956988014519,No,Yes,Lower-middle income,No,No,Yes,No,110.0,Moderate,Yes,High,Very Low,Am,sentinel_2_tarlac_2020-Q2.tif,viirs_tarlac_2020-Q2.tif,157.34310758225854
S387J,Biliran,2019-Q2,Philippines,2019,299682074191.28937,117.3681318135368,No,No,Lower-middle income,No,Yes,Yes,No,570.0,Moderate,Yes,High,Very Low,Af,sentinel_2_biliran_2019-Q2.tif,viirs_biliran_2019-Q2.tif,222.2762722178068
M00E9,Cavite,2019-Q2,Philippines,2019,299682074191.28937,117.3681318135368,No,No,Lower-middle income,No,Yes,Yes,No,33.0,Moderate,Yes,High,Very Low,Am,sentinel_2_cavite_2019-Q2.tif,viirs_cavite_2019-Q2.tif,176.3219877090955
P6NLN,Batanes,2019-Q4,Philippines,2019,299682074191.28937,117.9406160358257,No,No,Lower-middle income,Yes,Yes,Yes,No,660.0,High,No,Very High,Very Low,Cfa,sentinel_2_batanes_2019-Q4.tif,viirs_batanes_2019-Q4.tif,191.52519482692617
3LYEX,Camarines Norte,2019-Q1,Philippines,2019,299682074191.28937,115.9781187205398,No,No,Lower-middle income,No,Yes,Yes,No,220.0,Moderate,Yes,High,Very Low,Am,sentinel_2_camarines_norte_2019-Q1.tif,viirs_camarines_norte_2019-Q1.tif,158.675600105378
KVL9P,Bataan,2019-Q1,Philippines,2019,299682074191.28937,115.9781187205398,No,No,Lower-middle income,No,Yes,Yes,No,55.0,Moderate,Yes,High,Very Low,Am,sentinel_2_bataan_2019-Q1.tif,viirs_bataan_2019-Q1.tif,193.2080274740017
G3AUT,Masbate,2019-Q2,Philippines,2019,299682074191.28937,117.3681318135368,No,No,Lower-middle income,Yes,Yes,Yes,No,370.0,High,Yes,High,Very Low,Am,sentinel_2_masbate_2019-Q2.tif,viirs_masbate_2019-Q2.tif,180.14463794841024
RDPXD,Bataan,2019-Q4,Philippines,2019,299682074191.28937,117.9406160358257,No,No,Lower-middle income,No,Yes,Yes,No,55.0,Moderate,Yes,High,Very Low,Am,sentinel_2_bataan_2019-Q4.tif,viirs_bataan_2019-Q4.tif,211.05341401171464
Q3K8A,Davao Occidental,2021-Q2,Philippines,2021,332183318448.6994,123.5075473904579,No,No,Lower-middle income,No,No,Yes,No,1050.0,Moderate,Yes,Low,Very Low,Af,sentinel_2_davao_occidental_2021-Q2.tif,viirs_davao_occidental_2021-Q2.tif,213.59422681645097
9C9MV,Bataan,2020-Q2,Philippines,2020,291244296180.30774,117.7956988014519,No,No,Lower-middle income,No,Yes,Yes,No,55.0,Moderate,Yes,Moderate,Very Low,Am,sentinel_2_bataan_2020-Q2.tif,viirs_bataan_2020-Q2.tif,165.29493092734268
JN6OC,Misamis Occidental,2019-Q2,Philippines,2019,299682074191.28937,117.3681318135368,No,No,Lower-middle income,Yes,Yes,Yes,No,780.0,Moderate,Yes,Low,Very Low,Af,sentinel_2_misamis_occidental_2019-Q2.tif,viirs_misamis_occidental_2019-Q2.tif,168.19115743572965
98VWC,Zambales,2019-Q2,Philippines,2019,299682074191.28937,117.3681318135368,No,No,Lower-middle income,Yes,Yes,Yes,No,115.0,Moderate,Yes,High,Very Low,Am,sentinel_2_zambales_2019-Q2.tif,viirs_zambales_2019-Q2.tif,182.16131313335453
U43IE,Lanao del Sur,2020-Q4,Philippines,2020,291244296180.30774,119.4024762808857,No,Yes,Low income,No,No,Yes,No,820.0,Moderate,No,Moderate,Very Low,Af,sentinel_2_lanao_del_sur_2020-Q4.tif,viirs_lanao_del_sur_2020-Q4.tif,206.7702876868959
KOH10,Palawan,2019-Q2,Philippines,2019,299682074191.28937,117.3681318135368,No,No,Lower-middle income,Yes,Yes,Yes,No,580.0,Low,No,Low,Very Low,Am,sentinel_2_palawan_2019-Q2.tif,viirs_palawan_2019-Q2.tif,230.1608421959405
6FTLO,Albay,2020-Q3,Philippines,2020,291244296180.30774,119.1285399053605,No,No,Lower-middle income,Yes,Yes,Yes,Yes,330.0,High,Yes,Very High,Very Low,Af,sentinel_2_albay_2020-Q3.tif,viirs_albay_2020-Q3.tif,287.68793338881505
NMJ5I,Misamis Occidental,2020-Q4,Philippines,2020,291244296180.30774,119.4024762808857,No,No,Lower-middle income,Yes,Yes,Yes,No,780.0,Moderate,Yes,Moderate,Very Low,Af,sentinel_2_misamis_occidental_2020-Q4.tif,viirs_misamis_occidental_2020-Q4.tif,126.96107332099344
3GCG1,Laguna,2020-Q2,Philippines,2020,291244296180.30774,117.7956988014519,No,No,Lower-middle income,No,No,Yes,Yes,57.5,Moderate,Yes,Moderate,Very Low,Am,sentinel_2_laguna_2020-Q2.tif,viirs_laguna_2020-Q2.tif,165.70875281890338
3RSVZ,Masbate,2019-Q3,Philippines,2019,299682074191.28937,117.6899153350103,No,No,Lower-middle income,Yes,Yes,Yes,No,370.0,High,Yes,High,Very Low,Am,sentinel_2_masbate_2019-Q3.tif,viirs_masbate_2019-Q3.tif,257.7408701857797
6E7GA,Cotabato,2020-Q3,Philippines,2020,291244296180.30774,119.1285399053605,No,Yes,Lower-middle income,Yes,No,Yes,No,870.0,High,Yes,Moderate,Very Low,Af,sentinel_2_cotabato_2020-Q3.tif,viirs_cotabato_2020-Q3.tif,253.5518709395504
GPCIV,Zambales,2021-Q1,Philippines,2021,332183318448.6994,120.6838014481023,No,No,Lower-middle income,No,Yes,Yes,No,115.0,Moderate,Yes,High,Very Low,Am,sentinel_2_zambales_2021-Q1.tif,viirs_zambales_2021-Q1.tif,244.0409505715535
ERBKN,Zamboanga Sibugay,2021-Q1,Philippines,2021,332183318448.6994,120.6838014481023,No,No,Lower-middle income,No,Yes,Yes,No,820.0,Moderate,Yes,Low,Very Low,Af,sentinel_2_zamboanga_sibugay_2021-Q1.tif,viirs_zamboanga_sibugay_2021-Q1.tif,124.2886135843613
LHYL2,Abra,2020-Q1,Philippines,2020,291244296180.30774,118.4352913210933,No,Yes,Lower-middle income,No,No,Yes,No,330.0,High,Yes,Moderate,Very Low,Am,sentinel_2_abra_2020-Q1.tif,viirs_abra_2020-Q1.tif,178.03766954025562
J6OWW,Laguna,2020-Q3,Philippines,2020,291244296180.30774,119.1285399053605,No,No,Lower-middle income,No,No,Yes,Yes,57.5,Moderate,Yes,Moderate,Very Low,Am,sentinel_2_laguna_2020-Q3.tif,viirs_laguna_2020-Q3.tif,204.7661583153943
XQ8VA,Cagayan,2020-Q2,Philippines,2020,291244296180.30774,117.7956988014519,No,No,Lower-middle income,Yes,Yes,Yes,No,350.0,Moderate,Yes,High,Very Low,Am,sentinel_2_cagayan_2020-Q2.tif,viirs_cagayan_2020-Q2.tif,194.8373055328764
JZ991,Ifugao,2019-Q1,Philippines,2019,299682074191.28937,115.9781187205398,No,Yes,Lower-middle income,No,No,Yes,No,240.0,Moderate,Yes,Moderate,Very Low,Cwb,sentinel_2_ifugao_2019-Q1.tif,viirs_ifugao_2019-Q1.tif,239.99707105436391
HRM3W,Southern Leyte,2020-Q2,Philippines,2020,291244296180.30774,117.7956988014519,No,No,Lower-middle income,No,Yes,Yes,No,640.0,Moderate,Yes,High,Very Low,Af,sentinel_2_southern_leyte_2020-Q2.tif,viirs_southern_leyte_2020-Q2.tif,180.4789043205682
G48RA,Benguet,2021-Q2,Philippines,2021,332183318448.6994,123.5075473904579,No,Yes,Lower-middle income,No,No,Yes,No,210.0,High,No,High,Very Low,Cwb,sentinel_2_benguet_2021-Q2.tif,viirs_benguet_2021-Q2.tif,234.0003026154777
G00ZK,Occidental Mindoro,2021-Q4,Philippines,2021,332183318448.6994,127.389433729792,No,No,Lower-middle income,Yes,Yes,Yes,No,150.0,Moderate,Yes,Moderate,Very Low,Am,sentinel_2_occidental_mindoro_2021-Q4.tif,viirs_occidental_mindoro_2021-Q4.tif,226.8712129710108
JP753,Misamis Oriental,2020-Q2,Philippines,2020,291244296180.30774,117.7956988014519,No,No,Lower-middle income,Yes,Yes,Yes,No,790.0,Moderate,Yes,High,Very Low,Am,sentinel_2_misamis_oriental_2020-Q2.tif,viirs_misamis_oriental_2020-Q2.tif,225.2679044041099
9DHSZ,Aurora,2021-Q4,Philippines,2021,332183318448.6994,127.389433729792,No,No,Lower-middle income,No,No,Yes,No,145.0,High,Yes,High,Very Low,Af,sentinel_2_aurora_2021-Q4.tif,viirs_aurora_2021-Q4.tif,259.107433400411
Z0HR9,Ilocos Sur,2020-Q1,Philippines,2020,291244296180.30774,118.4352913210933,No,No,Lower-middle income,No,Yes,Yes,No,340.0,Moderate,Yes,High,Low,Aw,sentinel_2_ilocos_sur_2020-Q1.tif,viirs_ilocos_sur_2020-Q1.tif,178.46001020554516
ECJUI,Davao del Norte,2020-Q1,Philippines,2020,291244296180.30774,118.4352913210933,No,No,Lower-middle income,Yes,Yes,Yes,No,970.0,Moderate,Yes,Moderate,Very Low,Af,sentinel_2_davao_del_norte_2020-Q1.tif,viirs_davao_del_norte_2020-Q1.tif,131.09758936830428
C6P1L,Samar,2020-Q2,Philippines,2020,291244296180.30774,117.7956988014519,No,No,Lower-middle income,Yes,Yes,Yes,No,500.0,Moderate,Yes,High,Very Low,Af,sentinel_2_samar_2020-Q2.tif,viirs_samar_2020-Q2.tif,299.621925756494
CN0EQ,Rizal,2019-Q3,Philippines,2019,299682074191.28937,117.6899153350103,No,No,Lower-middle income,No,No,Yes,No,18.0,High,Yes,Moderate,Very Low,Am,sentinel_2_rizal_2019-Q3.tif,viirs_rizal_2019-Q3.tif,271.3001233359929
GV1BB,Eastern Samar,2019-Q2,Philippines,2019,299682074191.28937,117.3681318135368,No,No,Lower-middle income,Yes,Yes,Yes,No,570.0,High,Yes,Very High,Very Low,Af,sentinel_2_eastern_samar_2019-Q2.tif,viirs_eastern_samar_2019-Q2.tif,240.64580433021703
PP00C,Zamboanga del Norte,2019-Q3,Philippines,2019,299682074191.28937,117.6899153350103,No,No,Lower-middle income,Yes,Yes,Yes,No,690.0,Moderate,Yes,Moderate,Very Low,Am,sentinel_2_zamboanga_del_norte_2019-Q3.tif,viirs_zamboanga_del_norte_2019-Q3.tif,150.7741815141773
3ASNR,Apayao,2020-Q4,Philippines,2020,291244296180.30774,119.4024762808857,No,Yes,Low income,No,No,Yes,No,400.0,Moderate,Yes,Moderate,Very Low,Am,sentinel_2_apayao_2020-Q4.tif,viirs_apayao_2020-Q4.tif,167.01739529788364
OX5FL,Zamboanga del Sur,2020-Q4,Philippines,2020,291244296180.30774,119.4024762808857,No,No,Lower-middle income,Yes,Yes,Yes,No,790.0,Moderate,Yes,Moderate,Very Low,Af,sentinel_2_zamboanga_del_sur_2020-Q4.tif,viirs_zamboanga_del_sur_2020-Q4.tif,217.13469939961792
WEDBC,Bataan,2021-Q3,Philippines,2021,332183318448.6994,125.4848727349994,No,No,Lower-middle income,No,Yes,Yes,No,55.0,Moderate,Yes,High,Very Low,Am,sentinel_2_bataan_2021-Q3.tif,viirs_bataan_2021-Q3.tif,255.50296007156865
EEHFU,Masbate,2020-Q2,Philippines,2020,291244296180.30774,117.7956988014519,No,No,Lower-middle income,Yes,Yes,Yes,No,370.0,High,Yes,High,Very Low,Am,sentinel_2_masbate_2020-Q2.tif,viirs_masbate_2020-Q2.tif,290.38965924194883
2GRXP,Marinduque,2021-Q4,Philippines,2021,332183318448.6994,127.389433729792,No,No,Lower-middle income,Yes,Yes,Yes,No,170.0,Moderate,No,High,Very Low,Am,sentinel_2_marinduque_2021-Q4.tif,viirs_marinduque_2021-Q4.tif,196.0196631112444
A6MDM,Batanes,2021-Q3,Philippines,2021,332183318448.6994,125.4848727349994,No,No,Lower-middle income,Yes,Yes,Yes,No,660.0,High,No,High,Very Low,Cfa,sentinel_2_batanes_2021-Q3.tif,viirs_batanes_2021-Q3.tif,472.3531325402299
0LZIG,Kalinga,2020-Q1,Philippines,2020,291244296180.30774,118.4352913210933,No,Yes,Lower-middle income,No,No,Yes,No,340.0,Moderate,Yes,Moderate,Very Low,Am,sentinel_2_kalinga_2020-Q1.tif,viirs_kalinga_2020-Q1.tif,204.27036730661172
79955,Eastern Samar,2020-Q3,Philippines,2020,291244296180.30774,119.1285399053605,No,No,Lower-middle income,Yes,Yes,Yes,No,570.0,High,Yes,Very High,Very Low,Af,sentinel_2_eastern_samar_2020-Q3.tif,viirs_eastern_samar_2020-Q3.tif,258.90354259044693
CLW3J,Sarangani,2020-Q3,Philippines,2020,291244296180.30774,119.1285399053605,No,No,Lower-middle income,No,Yes,Yes,No,1030.0,Moderate,Yes,Moderate,Very Low,Af,sentinel_2_sarangani_2020-Q3.tif,viirs_sarangani_2020-Q3.tif,165.02867054813453
3NWXR,Lanao del Norte,2020-Q1,Philippines,2020,291244296180.30774,118.4352913210933,No,No,Lower-middle income,No,Yes,Yes,No,790.0,Moderate,Yes,Moderate,Low,Af,sentinel_2_lanao_del_norte_2020-Q1.tif,viirs_lanao_del_norte_2020-Q1.tif,234.362076038243
PQAHC,Davao del Norte,2021-Q3,Philippines,2021,332183318448.6994,125.4848727349994,No,No,Lower-middle income,Yes,Yes,Yes,No,970.0,Moderate,Yes,Moderate,Very Low,Af,sentinel_2_davao_del_norte_2021-Q3.tif,viirs_davao_del_norte_2021-Q3.tif,138.1180558699172
N3E54,Biliran,2021-Q3,Philippines,2021,332183318448.6994,125.4848727349994,No,No,Lower-middle income,No,Yes,Yes,No,570.0,Moderate,Yes,High,Very Low,Af,sentinel_2_biliran_2021-Q3.tif,viirs_biliran_2021-Q3.tif,288.87219381632684
BKTCV,Oriental Mindoro,2021-Q2,Philippines,2021,332183318448.6994,123.5075473904579,No,No,Lower-middle income,Yes,Yes,Yes,No,130.0,Moderate,Yes,High,Very Low,Am,sentinel_2_oriental_mindoro_2021-Q2.tif,viirs_oriental_mindoro_2021-Q2.tif,204.1714403937076
RTZ5T,Misamis Occidental,2021-Q3,Philippines,2021,332183318448.6994,125.4848727349994,No,No,Lower-middle income,Yes,Yes,Yes,No,780.0,Moderate,Yes,Low,Very Low,Af,sentinel_2_misamis_occidental_2021-Q3.tif,viirs_misamis_occidental_2021-Q3.tif,101.96361953187125
8F1N2,Negros Oriental,2021-Q3,Philippines,2021,332183318448.6994,125.4848727349994,No,No,Lower-middle income,Yes,Yes,Yes,No,630.0,Moderate,Yes,Moderate,Very Low,Am,sentinel_2_negros_oriental_2021-Q3.tif,viirs_negros_oriental_2021-Q3.tif,197.79433675267177
J8T22,Agusan del Norte,2021-Q4,Philippines,2021,332183318448.6994,127.389433729792,No,No,Lower-middle income,Yes,Yes,Yes,No,800.0,Moderate,Yes,Moderate,Very Low,Af,sentinel_2_agusan_del_norte_2021-Q4.tif,viirs_agusan_del_norte_2021-Q4.tif,151.76592617362974
BA5MF,Capiz,2019-Q3,Philippines,2019,299682074191.28937,117.6899153350103,No,No,Lower-middle income,Yes,Yes,Yes,No,400.0,Moderate,Yes,High,Very Low,Am,sentinel_2_capiz_2019-Q3.tif,viirs_capiz_2019-Q3.tif,227.6168722547449
Y5KOV,Romblon,2020-Q3,Philippines,2020,291244296180.30774,119.1285399053605,No,No,Lower-middle income,Yes,Yes,Yes,No,270.0,Moderate,No,High,Very Low,Am,sentinel_2_romblon_2020-Q3.tif,viirs_romblon_2020-Q3.tif,235.70552169169835
N9L3H,Leyte,2020-Q2,Philippines,2020,291244296180.30774,117.7956988014519,No,No,Lower-middle income,Yes,Yes,Yes,No,570.0,Moderate,Yes,Very High,Very Low,Af,sentinel_2_leyte_2020-Q2.tif,viirs_leyte_2020-Q2.tif,206.13172303698383
NZ0NX,Lanao del Sur,2020-Q3,Philippines,2020,291244296180.30774,119.1285399053605,No,Yes,Low income,No,No,Yes,No,820.0,Moderate,No,Moderate,Very Low,Af,sentinel_2_lanao_del_sur_2020-Q3.tif,viirs_lanao_del_sur_2020-Q3.tif,173.5646827638717
XF50I,Siquijor,2020-Q3,Philippines,2020,291244296180.30774,119.1285399053605,No,No,Lower-middle income,Yes,Yes,Yes,No,570.0,Moderate,No,Moderate,Very Low,Am,sentinel_2_siquijor_2020-Q3.tif,viirs_siquijor_2020-Q3.tif,226.76340342208383
LIT6X,Isabela,2021-Q4,Philippines,2021,332183318448.6994,127.389433729792,No,Yes,Lower-middle income,Yes,No,Yes,No,285.0,Moderate,Yes,High,Very Low,Am,sentinel_2_isabela_2021-Q4.tif,viirs_isabela_2021-Q4.tif,173.5412150610312
30QAB,Bohol,2020-Q2,Philippines,2020,291244296180.30774,117.7956988014519,No,No,Lower-middle income,Yes,Yes,Yes,No,630.0,Moderate,Yes,Moderate,Very Low,Am,sentinel_2_bohol_2020-Q2.tif,viirs_bohol_2020-Q2.tif,200.0788273290371
UA09P,Davao del Norte,2021-Q4,Philippines,2021,332183318448.6994,127.389433729792,No,No,Lower-middle income,Yes,Yes,Yes,No,970.0,Moderate,Yes,Moderate,Very Low,Af,sentinel_2_davao_del_norte_2021-Q4.tif,viirs_davao_del_norte_2021-Q4.tif,152.80343348882977
LOQC3,Iloilo,2021-Q3,Philippines,2021,332183318448.6994,125.4848727349994,No,No,Lower-middle income,Yes,Yes,Yes,No,460.0,Moderate,Yes,High,Very Low,Am,sentinel_2_iloilo_2021-Q3.tif,viirs_iloilo_2021-Q3.tif,214.1066473310844
FEN0B,Misamis Oriental,2019-Q3,Philippines,2019,299682074191.28937,117.6899153350103,No,No,Lower-middle income,Yes,Yes,Yes,No,790.0,Moderate,Yes,Low,Very Low,Am,sentinel_2_misamis_oriental_2019-Q3.tif,viirs_misamis_oriental_2019-Q3.tif,246.0124234920835
Z0ANI,Quirino,2019-Q4,Philippines,2019,299682074191.28937,117.9406160358257,No,Yes,Lower-middle income,No,No,Yes,No,265.0,Moderate,No,Moderate,Very Low,Am,sentinel_2_quirino_2019-Q4.tif,viirs_quirino_2019-Q4.tif,236.7766508408681
ESUX9,Sarangani,2021-Q2,Philippines,2021,332183318448.6994,123.5075473904579,No,No,Lower-middle income,No,Yes,Yes,No,1030.0,Moderate,Yes,Moderate,Very Low,Af,sentinel_2_sarangani_2021-Q2.tif,viirs_sarangani_2021-Q2.tif,180.26606413728635
V0DSZ,Sorsogon,2020-Q1,Philippines,2020,291244296180.30774,118.4352913210933,No,No,Lower-middle income,No,Yes,Yes,No,390.0,Moderate,Yes,High,Very Low,Af,sentinel_2_sorsogon_2020-Q1.tif,viirs_sorsogon_2020-Q1.tif,222.90618517961897
ZOD05,Sorsogon,2019-Q3,Philippines,2019,299682074191.28937,117.6899153350103,No,No,Lower-middle income,No,Yes,Yes,No,390.0,Moderate,Yes,High,Very Low,Af,sentinel_2_sorsogon_2019-Q3.tif,viirs_sorsogon_2019-Q3.tif,235.63993981590417
XLBC8,Cagayan,2021-Q1,Philippines,2021,332183318448.6994,120.6838014481023,No,No,Lower-middle income,Yes,Yes,Yes,No,350.0,Moderate,Yes,High,Very Low,Am,sentinel_2_cagayan_2021-Q1.tif,viirs_cagayan_2021-Q1.tif,218.5829499957884
EP69N,Zambales,2020-Q4,Philippines,2020,291244296180.30774,119.4024762808857,No,No,Lower-middle income,Yes,Yes,Yes,No,115.0,Moderate,Yes,High,Very Low,Am,sentinel_2_zambales_2020-Q4.tif,viirs_zambales_2020-Q4.tif,197.4358891177997
WT3HJ,Northern Samar,2021-Q3,Philippines,2021,332183318448.6994,125.4848727349994,No,No,Lower-middle income,Yes,Yes,Yes,No,470.0,Moderate,Yes,High,Very Low,Af,sentinel_2_northern_samar_2021-Q3.tif,viirs_northern_samar_2021-Q3.tif,254.0439365995869
91F4X,Bulacan,2020-Q4,Philippines,2020,291244296180.30774,119.4024762808857,No,Yes,Lower-middle income,No,No,Yes,Yes,30.0,Moderate,Yes,Moderate,Very Low,Am,sentinel_2_bulacan_2020-Q4.tif,viirs_bulacan_2020-Q4.tif,148.53865259764552
09ZIV,Misamis Oriental,2019-Q4,Philippines,2019,299682074191.28937,117.9406160358257,No,No,Lower-middle income,Yes,Yes,Yes,No,790.0,Moderate,Yes,Low,Very Low,Am,sentinel_2_misamis_oriental_2019-Q4.tif,viirs_misamis_oriental_2019-Q4.tif,189.9288301812204
DUQ6D,Ilocos Norte,2019-Q2,Philippines,2019,299682074191.28937,117.3681318135368,No,No,Lower-middle income,Yes,Yes,Yes,No,400.0,Moderate,No,High,Very Low,Aw,sentinel_2_ilocos_norte_2019-Q2.tif,viirs_ilocos_norte_2019-Q2.tif,192.9100468728865
7GBAS,Romblon,2019-Q2,Philippines,2019,299682074191.28937,117.3681318135368,No,No,Lower-middle income,Yes,Yes,Yes,No,270.0,Moderate,Yes,High,Very Low,Am,sentinel_2_romblon_2019-Q2.tif,viirs_romblon_2019-Q2.tif,170.3953662729241
C0Y0B,Sultan Kudarat,2020-Q3,Philippines,2020,291244296180.30774,119.1285399053605,No,No,Lower-middle income,Yes,Yes,Yes,No,950.0,Moderate,Yes,Moderate,Very Low,Af,sentinel_2_sultan_kudarat_2020-Q3.tif,viirs_sultan_kudarat_2020-Q3.tif,157.6458291313644
YH523,Iloilo,2020-Q3,Philippines,2020,291244296180.30774,119.1285399053605,No,No,Lower-middle income,Yes,Yes,Yes,No,460.0,Moderate,Yes,High,Very Low,Am,sentinel_2_iloilo_2020-Q3.tif,viirs_iloilo_2020-Q3.tif,234.5681028322858
0MZHR,Nueva Ecija,2021-Q1,Philippines,2021,332183318448.6994,120.6838014481023,No,Yes,Lower-middle income,No,No,Yes,No,115.0,Moderate,Yes,Moderate,Very Low,Aw,sentinel_2_nueva_ecija_2021-Q1.tif,viirs_nueva_ecija_2021-Q1.tif,238.86366409780783
KD9GN,Nueva Vizcaya,2021-Q3,Philippines,2021,332183318448.6994,125.4848727349994,No,Yes,Lower-middle income,No,No,Yes,No,195.0,Moderate,No,Moderate,Very Low,Am,sentinel_2_nueva_vizcaya_2021-Q3.tif,viirs_nueva_vizcaya_2021-Q3.tif,255.6352695785643
ZRKBF,Pangasinan,2019-Q1,Philippines,2019,299682074191.28937,115.9781187205398,No,No,Lower-middle income,No,Yes,Yes,No,170.0,Moderate,Yes,High,Low,Am,sentinel_2_pangasinan_2019-Q1.tif,viirs_pangasinan_2019-Q1.tif,230.73575862997248
VPUNW,Romblon,2021-Q2,Philippines,2021,332183318448.6994,123.5075473904579,No,No,Lower-middle income,Yes,Yes,Yes,No,270.0,Moderate,Yes,High,Very Low,Am,sentinel_2_romblon_2021-Q2.tif,viirs_romblon_2021-Q2.tif,199.0153012382186
DUWTN,Southern Leyte,2021-Q2,Philippines,2021,332183318448.6994,123.5075473904579,No,No,Lower-middle income,No,Yes,Yes,No,640.0,Moderate,Yes,High,Very Low,Af,sentinel_2_southern_leyte_2021-Q2.tif,viirs_southern_leyte_2021-Q2.tif,221.4870696414793
E86O3,Quirino,2019-Q3,Philippines,2019,299682074191.28937,117.6899153350103,No,Yes,Lower-middle income,No,No,Yes,No,265.0,Moderate,No,Moderate,Very Low,Am,sentinel_2_quirino_2019-Q3.tif,viirs_quirino_2019-Q3.tif,191.0585597965642
I6G61,Surigao del Sur,2020-Q2,Philippines,2020,291244296180.30774,117.7956988014519,No,No,Lower-middle income,Yes,Yes,Yes,No,850.0,High,Yes,High,Very Low,Af,sentinel_2_surigao_del_sur_2020-Q2.tif,viirs_surigao_del_sur_2020-Q2.tif,152.59407644552746
9C0UU,Antique,2021-Q4,Philippines,2021,332183318448.6994,127.389433729792,No,No,Lower-middle income,Yes,Yes,Yes,No,410.0,Moderate,Yes,Moderate,Very Low,Am,sentinel_2_antique_2021-Q4.tif,viirs_antique_2021-Q4.tif,235.86300051948447
158OQ,Sarangani,2021-Q1,Philippines,2021,332183318448.6994,120.6838014481023,No,No,Lower-middle income,No,Yes,Yes,No,1030.0,Moderate,Yes,Moderate,Very Low,Af,sentinel_2_sarangani_2021-Q1.tif,viirs_sarangani_2021-Q1.tif,221.50460111461345
V283B,Capiz,2021-Q1,Philippines,2021,332183318448.6994,120.6838014481023,No,No,Lower-middle income,Yes,Yes,Yes,No,400.0,Moderate,Yes,High,Very Low,Am,sentinel_2_capiz_2021-Q1.tif,viirs_capiz_2021-Q1.tif,181.45139516707707
J5469,Negros Oriental,2020-Q2,Philippines,2020,291244296180.30774,117.7956988014519,No,No,Lower-middle income,Yes,Yes,Yes,No,630.0,Moderate,Yes,Moderate,Very Low,Am,sentinel_2_negros_oriental_2020-Q2.tif,viirs_negros_oriental_2020-Q2.tif,310.5900617927735
F7ZK9,Aklan,2021-Q2,Philippines,2021,332183318448.6994,123.5075473904579,No,No,Lower-middle income,Yes,Yes,Yes,No,350.0,Moderate,Yes,High,Very Low,Am,sentinel_2_aklan_2021-Q2.tif,viirs_aklan_2021-Q2.tif,296.0226435573197
LPA5C,Kalinga,2019-Q2,Philippines,2019,299682074191.28937,117.3681318135368,No,Yes,Lower-middle income,No,No,Yes,No,340.0,Moderate,Yes,Moderate,Very Low,Am,sentinel_2_kalinga_2019-Q2.tif,viirs_kalinga_2019-Q2.tif,220.19849168795488
4X1FD,Southern Leyte,2019-Q4,Philippines,2019,299682074191.28937,117.9406160358257,No,No,Lower-middle income,No,Yes,Yes,No,640.0,Moderate,Yes,High,Very Low,Af,sentinel_2_southern_leyte_2019-Q4.tif,viirs_southern_leyte_2019-Q4.tif,203.5446172722731
NY2X1,Marinduque,2020-Q4,Philippines,2020,291244296180.30774,119.4024762808857,No,No,Lower-middle income,Yes,Yes,Yes,No,170.0,Moderate,Yes,High,Very Low,Am,sentinel_2_marinduque_2020-Q4.tif,viirs_marinduque_2020-Q4.tif,197.28962333646916
2KYT5,Lanao del Norte,2021-Q4,Philippines,2021,332183318448.6994,127.389433729792,No,No,Lower-middle income,No,Yes,Yes,No,790.0,Moderate,Yes,Moderate,Very Low,Af,sentinel_2_lanao_del_norte_2021-Q4.tif,viirs_lanao_del_norte_2021-Q4.tif,94.61250382390796
C2KEI,Tarlac,2020-Q1,Philippines,2020,291244296180.30774,118.4352913210933,No,Yes,Lower-middle income,No,No,Yes,No,110.0,Moderate,Yes,High,Very Low,Am,sentinel_2_tarlac_2020-Q1.tif,viirs_tarlac_2020-Q1.tif,195.6196542096507
6N697,Sarangani,2020-Q1,Philippines,2020,291244296180.30774,118.4352913210933,No,No,Lower-middle income,No,Yes,Yes,No,1030.0,Moderate,Yes,Moderate,Very Low,Af,sentinel_2_sarangani_2020-Q1.tif,viirs_sarangani_2020-Q1.tif,162.1064274819405
0G8W8,South Cotabato,2020-Q2,Philippines,2020,291244296180.30774,117.7956988014519,No,Yes,Lower-middle income,Yes,No,Yes,No,1000.0,Moderate,Yes,Low,Low,Am,sentinel_2_south_cotabato_2020-Q2.tif,viirs_south_cotabato_2020-Q2.tif,168.34334545713938
7NTED,Guimaras,2020-Q2,Philippines,2020,291244296180.30774,117.7956988014519,No,No,Lower-middle income,No,Yes,Yes,No,470.0,Moderate,No,Moderate,Very Low,Am,sentinel_2_guimaras_2020-Q2.tif,viirs_guimaras_2020-Q2.tif,225.00744972781692
EN48U,Lanao del Sur,2021-Q2,Philippines,2021,332183318448.6994,123.5075473904579,No,Yes,Low income,No,No,Yes,No,820.0,Moderate,Yes,Low,Very Low,Af,sentinel_2_lanao_del_sur_2021-Q2.tif,viirs_lanao_del_sur_2021-Q2.tif,153.24104036066504
AEGRY,Camarines Sur,2020-Q1,Philippines,2020,291244296180.30774,118.4352913210933,No,No,Lower-middle income,Yes,Yes,Yes,Yes,260.0,Moderate,Yes,High,Very Low,Am,sentinel_2_camarines_sur_2020-Q1.tif,viirs_camarines_sur_2020-Q1.tif,194.4601463662908
6K4O6,Samar,2021-Q2,Philippines,2021,332183318448.6994,123.5075473904579,No,No,Lower-middle income,Yes,Yes,Yes,No,500.0,Moderate,Yes,High,Very Low,Af,sentinel_2_samar_2021-Q2.tif,viirs_samar_2021-Q2.tif,341.0556941223512
AMB3L,Lanao del Norte,2020-Q3,Philippines,2020,291244296180.30774,119.1285399053605,No,No,Lower-middle income,No,Yes,Yes,No,790.0,Moderate,Yes,Moderate,Low,Af,sentinel_2_lanao_del_norte_2020-Q3.tif,viirs_lanao_del_norte_2020-Q3.tif,188.88559567427487
PPBMQ,Camarines Norte,2019-Q4,Philippines,2019,299682074191.28937,117.9406160358257,No,No,Lower-middle income,No,Yes,Yes,No,220.0,Moderate,Yes,High,Very Low,Am,sentinel_2_camarines_norte_2019-Q4.tif,viirs_camarines_norte_2019-Q4.tif,219.623624466612
38P6F,Antique,2019-Q3,Philippines,2019,299682074191.28937,117.6899153350103,No,No,Lower-middle income,Yes,Yes,Yes,No,410.0,Moderate,Yes,High,Very Low,Am,sentinel_2_antique_2019-Q3.tif,viirs_antique_2019-Q3.tif,316.4575642889596
AKX6W,Surigao del Norte,2020-Q3,Philippines,2020,291244296180.30774,119.1285399053605,No,No,Lower-middle income,Yes,Yes,Yes,No,750.0,High,Yes,High,Very Low,Af,sentinel_2_surigao_del_norte_2020-Q3.tif,viirs_surigao_del_norte_2020-Q3.tif,147.2792759803589
X1F8S,Palawan,2020-Q3,Philippines,2020,291244296180.30774,119.1285399053605,No,No,Lower-middle income,Yes,Yes,Yes,No,580.0,Low,No,Moderate,Very Low,Am,sentinel_2_palawan_2020-Q3.tif,viirs_palawan_2020-Q3.tif,241.6341184164313
7KI3X,Eastern Samar,2020-Q2,Philippines,2020,291244296180.30774,117.7956988014519,No,No,Lower-middle income,Yes,Yes,Yes,No,570.0,High,Yes,Very High,Very Low,Af,sentinel_2_eastern_samar_2020-Q2.tif,viirs_eastern_samar_2020-Q2.tif,202.36576447694293
6W51O,Bohol,2019-Q2,Philippines,2019,299682074191.28937,117.3681318135368,No,No,Lower-middle income,Yes,Yes,Yes,No,630.0,Moderate,Yes,Moderate,Very Low,Am,sentinel_2_bohol_2019-Q2.tif,viirs_bohol_2019-Q2.tif,182.9419143244764
L0IJK,Sarangani,2021-Q3,Philippines,2021,332183318448.6994,125.4848727349994,No,No,Lower-middle income,No,Yes,Yes,No,1030.0,Moderate,Yes,Moderate,Very Low,Af,sentinel_2_sarangani_2021-Q3.tif,viirs_sarangani_2021-Q3.tif,151.22833128126152
DAFS1,National Capital Region (NCR),2021-Q2,Philippines,2021,332183318448.6994,123.5075473904579,No,No,Upper-middle income,Yes,Yes,Yes,Yes,0.0,High,Yes,Moderate,Very Low,Am,sentinel_2_national_capital_region_2021-Q2.tif,viirs_national_capital_region_2021-Q2.tif,305.4436581185281
PDXUJ,Camarines Norte,2021-Q3,Philippines,2021,332183318448.6994,125.4848727349994,No,No,Lower-middle income,No,Yes,Yes,No,220.0,Moderate,Yes,High,Very Low,Am,sentinel_2_camarines_norte_2021-Q3.tif,viirs_camarines_norte_2021-Q3.tif,304.3010939192173
71SEL,Surigao del Sur,2019-Q2,Philippines,2019,299682074191.28937,117.3681318135368,No,No,Lower-middle income,Yes,Yes,Yes,No,850.0,High,Yes,High,Very Low,Af,sentinel_2_surigao_del_sur_2019-Q2.tif,viirs_surigao_del_sur_2019-Q2.tif,176.20183569351343
YFYK3,Nueva Vizcaya,2020-Q2,Philippines,2020,291244296180.30774,117.7956988014519,No,Yes,Lower-middle income,No,No,Yes,No,195.0,Moderate,Yes,Moderate,Very Low,Am,sentinel_2_nueva_vizcaya_2020-Q2.tif,viirs_nueva_vizcaya_2020-Q2.tif,246.8032997258616
P7794,Lanao del Norte,2021-Q1,Philippines,2021,332183318448.6994,120.6838014481023,No,No,Lower-middle income,No,Yes,Yes,No,790.0,Moderate,Yes,Moderate,Very Low,Af,sentinel_2_lanao_del_norte_2021-Q1.tif,viirs_lanao_del_norte_2021-Q1.tif,164.18595168801363
CNKFH,Isabela,2020-Q4,Philippines,2020,291244296180.30774,119.4024762808857,No,Yes,Lower-middle income,Yes,No,Yes,No,285.0,Moderate,Yes,High,Very Low,Am,sentinel_2_isabela_2020-Q4.tif,viirs_isabela_2020-Q4.tif,185.7517419854063
T2XZ5,Catanduanes,2021-Q4,Philippines,2021,332183318448.6994,127.389433729792,No,No,Lower-middle income,Yes,Yes,Yes,No,370.0,Moderate,Yes,Very High,Very Low,Af,sentinel_2_catanduanes_2021-Q4.tif,viirs_catanduanes_2021-Q4.tif,369.6930728967057
UPUY0,Occidental Mindoro,2019-Q3,Philippines,2019,299682074191.28937,117.6899153350103,No,No,Lower-middle income,Yes,Yes,Yes,No,150.0,Moderate,Yes,High,Very Low,Am,sentinel_2_occidental_mindoro_2019-Q3.tif,viirs_occidental_mindoro_2019-Q3.tif,296.07882836299063
MZMZ2,Surigao del Norte,2021-Q3,Philippines,2021,332183318448.6994,125.4848727349994,No,No,Lower-middle income,Yes,Yes,Yes,No,750.0,High,Yes,High,Very Low,Af,sentinel_2_surigao_del_norte_2021-Q3.tif,viirs_surigao_del_norte_2021-Q3.tif,143.98340838748857
F5EHL,Romblon,2019-Q3,Philippines,2019,299682074191.28937,117.6899153350103,No,No,Lower-middle income,Yes,Yes,Yes,No,270.0,Moderate,Yes,High,Very Low,Am,sentinel_2_romblon_2019-Q3.tif,viirs_romblon_2019-Q3.tif,174.6323596725873
QVAYX,Davao Oriental,2020-Q1,Philippines,2020,291244296180.30774,118.4352913210933,No,No,Lower-middle income,No,Yes,Yes,No,950.0,Moderate,Yes,High,Very Low,Af,sentinel_2_davao_oriental_2020-Q1.tif,viirs_davao_oriental_2020-Q1.tif,185.13693265704896
CZ0N0,Ilocos Sur,2020-Q4,Philippines,2020,291244296180.30774,119.4024762808857,No,No,Lower-middle income,No,Yes,Yes,No,340.0,Moderate,Yes,High,Low,Aw,sentinel_2_ilocos_sur_2020-Q4.tif,viirs_ilocos_sur_2020-Q4.tif,205.04877209256347
MNHIE,Basilan,2020-Q2,Philippines,2020,291244296180.30774,117.7956988014519,No,No,Low income,No,Yes,Yes,No,880.0,Moderate,No,Moderate,Very Low,Af,sentinel_2_basilan_2020-Q2.tif,viirs_basilan_2020-Q2.tif,45.45076930004778
LALQ2,Samar,2019-Q3,Philippines,2019,299682074191.28937,117.6899153350103,No,No,Lower-middle income,Yes,Yes,Yes,No,500.0,Moderate,Yes,High,Very Low,Af,sentinel_2_samar_2019-Q3.tif,viirs_samar_2019-Q3.tif,235.6185418834906
MVVNX,Isabela,2020-Q1,Philippines,2020,291244296180.30774,118.4352913210933,No,Yes,Lower-middle income,Yes,No,Yes,No,285.0,Moderate,Yes,High,Very Low,Am,sentinel_2_isabela_2020-Q1.tif,viirs_isabela_2020-Q1.tif,165.67942413778923
SPD2S,Quirino,2021-Q3,Philippines,2021,332183318448.6994,125.4848727349994,No,Yes,Lower-middle income,No,No,Yes,No,265.0,Moderate,Yes,Moderate,Very Low,Am,sentinel_2_quirino_2021-Q3.tif,viirs_quirino_2021-Q3.tif,254.97258022434897
45ED5,Bulacan,2021-Q4,Philippines,2021,332183318448.6994,127.389433729792,No,No,Lower-middle income,No,No,Yes,Yes,30.0,Moderate,Yes,High,Very Low,Am,sentinel_2_bulacan_2021-Q4.tif,viirs_bulacan_2021-Q4.tif,190.82931331636124
U87CM,Occidental Mindoro,2020-Q1,Philippines,2020,291244296180.30774,118.4352913210933,No,No,Lower-middle income,Yes,Yes,Yes,No,150.0,Moderate,Yes,Moderate,Very Low,Am,sentinel_2_occidental_mindoro_2020-Q1.tif,viirs_occidental_mindoro_2020-Q1.tif,280.97814312983866
