data_id,geolocation_name,quarter_label,country,year,deflated_gdp_usd,us_cpi,developed_country,landlocked,region_economic_classification,access_to_airport,access_to_port,access_to_highway,access_to_railway,straight_distance_to_capital_km,seismic_hazard_zone,flood_risk_class,tropical_cyclone_wind_risk,tornadoes_wind_risk,koppen_climate_zone,sentinel2_tiff_file_name,viirs_tiff_file_name,construction_cost_per_m2_usd
E7EOB,29000 Nara,2024-Q2,Japan,2024,3928801383782.808,143.9682405014625,Yes,Yes,High income,No,No,Yes,Yes,370.0,Moderate,Yes,Low,Very Low,Cfa,sentinel_2_29000_nara_2024-Q2.tif,viirs_29000_nara_2024-Q2.tif,1567.8787743705016
WAOUA,05000 Akita,2020-Q1,Japan,2020,4069008481605.98,118.4352913210933,Yes,No,High income,Yes,Yes,Yes,Yes,450.0,Moderate,Yes,Low,Very Low,Dfa,sentinel_2_05000_akita_2020-Q1.tif,viirs_05000_akita_2020-Q1.tif,2009.8277005928624
TT3IM,17000 Ishikawa,2021-Q2,Japan,2021,4247588558872.2593,123.5075473904579,Yes,No,High income,Yes,Yes,Yes,Yes,270.0,Moderate,Yes,Moderate,Low,Cfa,sentinel_2_17000_ishikawa_2021-Q2.tif,viirs_17000_ishikawa_2021-Q2.tif,1760.3717290721825
39PEC,22000 Shizuoka,2021-Q3,Japan,2021,4247588558872.2593,125.4848727349994,Yes,No,High income,Yes,Yes,Yes,Yes,150.0,High,Yes,Moderate,Low,Cfa,sentinel_2_22000_shizuoka_2021-Q3.tif,viirs_22000_shizuoka_2021-Q3.tif,1998.1514282463447
MAE38,21000 Gifu,2020-Q2,Japan,2020,4069008481605.98,117.7956988014519,Yes,Yes,High income,No,No,Yes,Yes,270.0,Moderate,Yes,Low,Low,Cfa,sentinel_2_21000_gifu_2020-Q2.tif,viirs_21000_gifu_2020-Q2.tif,2038.472106772219
V4ZWL,43000 Kumamoto,2024-Q2,Japan,2024,3928801383782.808,143.9682405014625,Yes,No,High income,Yes,Yes,Yes,Yes,900.0,High,Yes,Moderate,Low,Cfa,sentinel_2_43000_kumamoto_2024-Q2.tif,viirs_43000_kumamoto_2024-Q2.tif,1985.2283517854448
TQMGV,45000 Miyazaki,2019-Q3,Japan,2019,4070264756531.522,117.6899153350103,Yes,No,High income,Yes,Yes,Yes,Yes,870.0,Moderate,Yes,High,Low,Cfa,sentinel_2_45000_miyazaki_2019-Q3.tif,viirs_45000_miyazaki_2019-Q3.tif,1507.5773424575727
86ZJQ,46000 Kagoshima,2021-Q2,Japan,2021,4247588558872.2593,123.5075473904579,Yes,No,High income,Yes,Yes,Yes,Yes,970.0,High,Yes,High,Low,Cfa,sentinel_2_46000_kagoshima_2021-Q2.tif,viirs_46000_kagoshima_2021-Q2.tif,1691.0583400832106
9T7E8,03000 Iwate,2024-Q3,Japan,2024,3928801383782.808,144.403145070865,Yes,No,High income,Yes,Yes,Yes,Yes,450.0,High,Yes,Low,Low,Dfa,sentinel_2_03000_iwate_2024-Q3.tif,viirs_03000_iwate_2024-Q3.tif,1706.6163973371624
AHK2L,42000 Nagasaki,2024-Q1,Japan,2024,3928801383782.808,142.3299725681459,Yes,No,High income,Yes,Yes,Yes,Yes,1200.0,Moderate,Yes,Moderate,Low,Cfa,sentinel_2_42000_nagasaki_2024-Q1.tif,viirs_42000_nagasaki_2024-Q1.tif,1530.8526948457186
D1AT7,16000 Toyama,2019-Q2,Japan,2019,4070264756531.522,117.3681318135368,Yes,No,High income,Yes,Yes,Yes,Yes,260.0,Moderate,Yes,Moderate,Low,Cfa,sentinel_2_16000_toyama_2019-Q2.tif,viirs_16000_toyama_2019-Q2.tif,1618.5349375743162
MENUI,39000 Kochi,2021-Q3,Japan,2021,4247588558872.2593,125.4848727349994,Yes,No,High income,Yes,Yes,Yes,Yes,625.0,High,Yes,High,Low,Cfa,sentinel_2_39000_kochi_2021-Q3.tif,viirs_39000_kochi_2021-Q3.tif,1825.0917143442623
TU7FB,39000 Kochi,2021-Q2,Japan,2021,4247588558872.2593,123.5075473904579,Yes,No,High income,Yes,Yes,Yes,Yes,625.0,High,Yes,High,Low,Cfa,sentinel_2_39000_kochi_2021-Q2.tif,viirs_39000_kochi_2021-Q2.tif,1958.5022084914683
AO1CJ,36000 Tokushima,2024-Q3,Japan,2024,3928801383782.808,144.403145070865,Yes,No,High income,Yes,Yes,Yes,Yes,500.0,High,Yes,Moderate,Low,Cfa,sentinel_2_36000_tokushima_2024-Q3.tif,viirs_36000_tokushima_2024-Q3.tif,1523.5489879188451
N89LT,31000 Tottori,2021-Q3,Japan,2021,4247588558872.2593,125.4848727349994,Yes,No,High income,Yes,Yes,Yes,Yes,500.0,Moderate,Yes,Moderate,Low,Cfa,sentinel_2_31000_tottori_2021-Q3.tif,viirs_31000_tottori_2021-Q3.tif,1894.530285958593
ZHWJR,03000 Iwate,2021-Q1,Japan,2021,4247588558872.2593,120.6838014481023,Yes,No,High income,Yes,Yes,Yes,Yes,450.0,High,Yes,Low,Low,Dfa,sentinel_2_03000_iwate_2021-Q1.tif,viirs_03000_iwate_2021-Q1.tif,1921.0423046521275
HB0OQ,39000 Kochi,2023-Q3,Japan,2023,3993446887350.673,140.714328844415,Yes,No,High income,Yes,Yes,Yes,Yes,625.0,High,Yes,High,Low,Cfa,sentinel_2_39000_kochi_2023-Q3.tif,viirs_39000_kochi_2023-Q3.tif,1709.715510686194
BOVAK,10000 Gunma,2023-Q2,Japan,2023,3993446887350.673,139.5056151606663,Yes,Yes,High income,No,No,Yes,Yes,100.0,High,No,Low,Low,Cfa,sentinel_2_10000_gunma_2023-Q2.tif,viirs_10000_gunma_2023-Q2.tif,1459.5649435230368
TXCB4,18000 Fukui,2022-Q1,Japan,2022,3880440088794.578,130.2983261906564,Yes,No,High income,No,Yes,Yes,Yes,320.0,Moderate,Yes,Low,Very Low,Cfa,sentinel_2_18000_fukui_2022-Q1.tif,viirs_18000_fukui_2022-Q1.tif,1714.0184827186436
SRYO4,21000 Gifu,2020-Q3,Japan,2020,4069008481605.98,119.1285399053605,Yes,Yes,High income,No,No,Yes,Yes,270.0,Moderate,Yes,Low,Low,Cfa,sentinel_2_21000_gifu_2020-Q3.tif,viirs_21000_gifu_2020-Q3.tif,1967.020623488982
PSFNK,11000 Saitama,2022-Q3,Japan,2022,3880440088794.578,135.9371046973515,Yes,Yes,High income,Yes,No,Yes,Yes,22.5,Moderate,Yes,Moderate,Low,Cfa,sentinel_2_11000_saitama_2022-Q3.tif,viirs_11000_saitama_2022-Q3.tif,1391.3593998260085
4X41D,18000 Fukui,2024-Q2,Japan,2024,3928801383782.808,143.9682405014625,Yes,No,High income,No,Yes,Yes,Yes,320.0,Moderate,Yes,Low,Low,Cfa,sentinel_2_18000_fukui_2024-Q2.tif,viirs_18000_fukui_2024-Q2.tif,1503.0610503651835
79QTK,32000 Shimane,2024-Q1,Japan,2024,3928801383782.808,142.3299725681459,Yes,No,High income,Yes,Yes,Yes,Yes,650.0,Moderate,Yes,Moderate,Low,Cfa,sentinel_2_32000_shimane_2024-Q1.tif,viirs_32000_shimane_2024-Q1.tif,2635.3867973524257
HT0HL,02000 Aomori,2020-Q2,Japan,2020,4069008481605.98,117.7956988014519,Yes,No,High income,Yes,Yes,Yes,Yes,575.0,Moderate,Yes,Low,Very Low,Dfa,sentinel_2_02000_aomori_2020-Q2.tif,viirs_02000_aomori_2020-Q2.tif,1839.9102721070085
61LFC,46000 Kagoshima,2021-Q4,Japan,2021,4247588558872.2593,127.389433729792,Yes,No,High income,Yes,Yes,Yes,Yes,970.0,High,Yes,High,Low,Cfa,sentinel_2_46000_kagoshima_2021-Q4.tif,viirs_46000_kagoshima_2021-Q4.tif,1740.9545318857506
M5RRV,33000 Okayama,2023-Q3,Japan,2023,3993446887350.673,140.714328844415,Yes,No,High income,Yes,Yes,Yes,Yes,540.0,Moderate,Yes,Low,Low,Cfa,sentinel_2_33000_okayama_2023-Q3.tif,viirs_33000_okayama_2023-Q3.tif,1796.7345619939686
8DT8C,46000 Kagoshima,2024-Q3,Japan,2024,3928801383782.808,144.403145070865,Yes,No,High income,Yes,Yes,Yes,Yes,970.0,High,Yes,High,Low,Cfa,sentinel_2_46000_kagoshima_2024-Q3.tif,viirs_46000_kagoshima_2024-Q3.tif,1741.3021307805875
8CWN2,13000 Tokyo,2021-Q4,Japan,2021,4247588558872.2593,127.389433729792,Yes,No,High income,Yes,Yes,Yes,Yes,0.0,High,Yes,Moderate,Low,Cfa,sentinel_2_13000_tokyo_2021-Q4.tif,viirs_13000_tokyo_2021-Q4.tif,2726.1217521559074
NBZUG,28000 Hyogo,2019-Q4,Japan,2019,4070264756531.522,117.9406160358257,Yes,No,High income,Yes,Yes,Yes,Yes,430.0,High,Yes,Moderate,Low,Cfa,sentinel_2_28000_hyogo_2019-Q4.tif,viirs_28000_hyogo_2019-Q4.tif,1856.066182284886
5RBC7,19000 Yamanashi,2019-Q2,Japan,2019,4070264756531.522,117.3681318135368,Yes,Yes,High income,No,No,Yes,Yes,110.0,Moderate,No,Moderate,Low,Cfa,sentinel_2_19000_yamanashi_2019-Q2.tif,viirs_19000_yamanashi_2019-Q2.tif,1816.875956200879
6WW8Y,31000 Tottori,2024-Q4,Japan,2024,3928801383782.808,144.7279859179582,Yes,No,High income,Yes,Yes,Yes,Yes,500.0,Moderate,No,Low,Low,Cfa,sentinel_2_31000_tottori_2024-Q4.tif,viirs_31000_tottori_2024-Q4.tif,1705.0237038929438
0L725,03000 Iwate,2023-Q2,Japan,2023,3993446887350.673,139.5056151606663,Yes,No,High income,Yes,Yes,Yes,Yes,450.0,High,Yes,Low,Very Low,Dfa,sentinel_2_03000_iwate_2023-Q2.tif,viirs_03000_iwate_2023-Q2.tif,1528.038494165825
RPJ1E,10000 Gunma,2022-Q4,Japan,2022,3880440088794.578,136.4362131047677,Yes,Yes,High income,No,No,Yes,Yes,100.0,High,No,Low,Low,Cfa,sentinel_2_10000_gunma_2022-Q4.tif,viirs_10000_gunma_2022-Q4.tif,1516.243223607638
TZK3N,15000 Niigata,2020-Q3,Japan,2020,4069008481605.98,119.1285399053605,Yes,No,High income,Yes,Yes,Yes,Yes,250.0,Moderate,Yes,Low,Low,Cfa,sentinel_2_15000_niigata_2020-Q3.tif,viirs_15000_niigata_2020-Q3.tif,2161.465206387008
JEGET,06000 Yamagata,2020-Q1,Japan,2020,4069008481605.98,118.4352913210933,Yes,Yes,High income,Yes,No,Yes,Yes,300.0,Moderate,Yes,Moderate,Low,Dfa,sentinel_2_06000_yamagata_2020-Q1.tif,viirs_06000_yamagata_2020-Q1.tif,1563.5068390058025
UWRXZ,30000 Wakayama,2021-Q3,Japan,2021,4247588558872.2593,125.4848727349994,Yes,No,High income,No,Yes,Yes,Yes,450.0,High,Yes,High,Low,Cfa,sentinel_2_30000_wakayama_2021-Q3.tif,viirs_30000_wakayama_2021-Q3.tif,1672.058748832966
SI9NB,12000 Chiba,2021-Q4,Japan,2021,4247588558872.2593,127.389433729792,Yes,No,High income,Yes,Yes,Yes,Yes,37.5,High,Yes,High,Low,Cfa,sentinel_2_12000_chiba_2021-Q4.tif,viirs_12000_chiba_2021-Q4.tif,1717.3267665699152
YWE1G,26000 Kyoto,2023-Q2,Japan,2023,3993446887350.673,139.5056151606663,Yes,Yes,High income,No,No,Yes,Yes,370.0,Moderate,No,Moderate,Low,Cfa,sentinel_2_26000_kyoto_2023-Q2.tif,viirs_26000_kyoto_2023-Q2.tif,1642.8214643453375
UPFLN,18000 Fukui,2021-Q1,Japan,2021,4247588558872.2593,120.6838014481023,Yes,No,High income,No,Yes,Yes,Yes,320.0,Moderate,Yes,Moderate,Low,Cfa,sentinel_2_18000_fukui_2021-Q1.tif,viirs_18000_fukui_2021-Q1.tif,1790.093932963981
3DO70,39000 Kochi,2021-Q4,Japan,2021,4247588558872.2593,127.389433729792,Yes,No,High income,Yes,Yes,Yes,Yes,625.0,High,Yes,High,Low,Cfa,sentinel_2_39000_kochi_2021-Q4.tif,viirs_39000_kochi_2021-Q4.tif,1932.8107413918208
ZN9DD,24000 Mie,2019-Q3,Japan,2019,4070264756531.522,117.6899153350103,Yes,No,High income,No,Yes,Yes,Yes,320.0,High,Yes,High,Low,Cfa,sentinel_2_24000_mie_2019-Q3.tif,viirs_24000_mie_2019-Q3.tif,1793.813494187579
XC7UR,44000 Oita,2021-Q2,Japan,2021,4247588558872.2593,123.5075473904579,Yes,No,High income,Yes,Yes,Yes,Yes,770.0,Moderate,Yes,Moderate,Low,Cfa,sentinel_2_44000_oita_2021-Q2.tif,viirs_44000_oita_2021-Q2.tif,1768.709367079818
V3Z6B,25000 Shiga,2020-Q2,Japan,2020,4069008481605.98,117.7956988014519,Yes,Yes,High income,No,No,Yes,Yes,340.0,Moderate,Yes,Low,Low,Cfa,sentinel_2_25000_shiga_2020-Q2.tif,viirs_25000_shiga_2020-Q2.tif,1972.2314753131195
Y1O2R,34000 Hiroshima,2023-Q2,Japan,2023,3993446887350.673,139.5056151606663,Yes,No,High income,Yes,Yes,Yes,Yes,680.0,Moderate,Yes,Moderate,Low,Cfa,sentinel_2_34000_hiroshima_2023-Q2.tif,viirs_34000_hiroshima_2023-Q2.tif,1849.713710608573
CAZRP,44000 Oita,2024-Q4,Japan,2024,3928801383782.808,144.7279859179582,Yes,No,High income,Yes,Yes,Yes,Yes,770.0,Moderate,No,Moderate,Very Low,Cfa,sentinel_2_44000_oita_2024-Q4.tif,viirs_44000_oita_2024-Q4.tif,1698.0829381490391
J66CN,26000 Kyoto,2024-Q1,Japan,2024,3928801383782.808,142.3299725681459,Yes,Yes,High income,No,No,Yes,Yes,370.0,Moderate,No,Moderate,Low,Cfa,sentinel_2_26000_kyoto_2024-Q1.tif,viirs_26000_kyoto_2024-Q1.tif,2092.092230168884
FILKJ,36000 Tokushima,2023-Q2,Japan,2023,3993446887350.673,139.5056151606663,Yes,No,High income,Yes,Yes,Yes,Yes,500.0,High,Yes,High,Low,Cfa,sentinel_2_36000_tokushima_2023-Q2.tif,viirs_36000_tokushima_2023-Q2.tif,1652.0022150707084
JLZY1,29000 Nara,2024-Q3,Japan,2024,3928801383782.808,144.403145070865,Yes,Yes,High income,No,No,Yes,Yes,370.0,Moderate,Yes,Low,Very Low,Cfa,sentinel_2_29000_nara_2024-Q3.tif,viirs_29000_nara_2024-Q3.tif,1638.3824307765854
J4PNJ,34000 Hiroshima,2023-Q1,Japan,2023,3993446887350.673,137.8618440412342,Yes,No,High income,Yes,Yes,Yes,Yes,680.0,Moderate,Yes,Moderate,Low,Cfa,sentinel_2_34000_hiroshima_2023-Q1.tif,viirs_34000_hiroshima_2023-Q1.tif,1688.2958645160948
YB7W8,46000 Kagoshima,2019-Q1,Japan,2019,4070264756531.522,115.9781187205398,Yes,No,High income,Yes,Yes,Yes,Yes,970.0,High,Yes,High,Low,Cfa,sentinel_2_46000_kagoshima_2019-Q1.tif,viirs_46000_kagoshima_2019-Q1.tif,1610.2856795542457
V83XP,35000 Yamaguchi,2019-Q2,Japan,2019,4070264756531.522,117.3681318135368,Yes,No,High income,Yes,Yes,Yes,Yes,800.0,Moderate,Yes,Moderate,Low,Cfa,sentinel_2_35000_yamaguchi_2019-Q2.tif,viirs_35000_yamaguchi_2019-Q2.tif,1921.946839254708
YAR82,15000 Niigata,2021-Q1,Japan,2021,4247588558872.2593,120.6838014481023,Yes,No,High income,Yes,Yes,Yes,Yes,250.0,Moderate,Yes,Moderate,Low,Cfa,sentinel_2_15000_niigata_2021-Q1.tif,viirs_15000_niigata_2021-Q1.tif,1744.4765098953744
2W37D,10000 Gunma,2024-Q4,Japan,2024,3928801383782.808,144.7279859179582,Yes,Yes,High income,No,No,Yes,Yes,100.0,High,Yes,Low,Low,Cfa,sentinel_2_10000_gunma_2024-Q4.tif,viirs_10000_gunma_2024-Q4.tif,1610.3354322622845
6MM1Z,15000 Niigata,2022-Q4,Japan,2022,3880440088794.578,136.4362131047677,Yes,No,High income,Yes,Yes,Yes,Yes,250.0,Moderate,Yes,Low,Low,Cfa,sentinel_2_15000_niigata_2022-Q4.tif,viirs_15000_niigata_2022-Q4.tif,1529.319958549199
58KXO,03000 Iwate,2024-Q2,Japan,2024,3928801383782.808,143.9682405014625,Yes,No,High income,Yes,Yes,Yes,Yes,450.0,High,Yes,Low,Low,Dfa,sentinel_2_03000_iwate_2024-Q2.tif,viirs_03000_iwate_2024-Q2.tif,1438.2791821231256
BFXB4,42000 Nagasaki,2020-Q3,Japan,2020,4069008481605.98,119.1285399053605,Yes,No,High income,Yes,Yes,Yes,Yes,1200.0,Moderate,Yes,High,Low,Cfa,sentinel_2_42000_nagasaki_2020-Q3.tif,viirs_42000_nagasaki_2020-Q3.tif,2759.149129538569
GLH62,25000 Shiga,2019-Q1,Japan,2019,4070264756531.522,115.9781187205398,Yes,Yes,High income,No,No,Yes,Yes,340.0,Moderate,Yes,Moderate,Low,Cfa,sentinel_2_25000_shiga_2019-Q1.tif,viirs_25000_shiga_2019-Q1.tif,1536.5560819964348
2QGV3,47000 Okinawa,2021-Q2,Japan,2021,4247588558872.2593,123.5075473904579,Yes,No,High income,Yes,Yes,Yes,Yes,1550.0,Moderate,Yes,High,Low,Cfa,sentinel_2_47000_okinawa_2021-Q2.tif,viirs_47000_okinawa_2021-Q2.tif,2693.688816100626
98BV7,25000 Shiga,2023-Q2,Japan,2023,3993446887350.673,139.5056151606663,Yes,Yes,High income,No,No,Yes,Yes,340.0,Moderate,Yes,Low,Low,Cfa,sentinel_2_25000_shiga_2023-Q2.tif,viirs_25000_shiga_2023-Q2.tif,1556.198522937697
VE92M,05000 Akita,2022-Q4,Japan,2022,3880440088794.578,136.4362131047677,Yes,No,High income,Yes,Yes,Yes,Yes,450.0,Moderate,Yes,Low,Very Low,Dfa,sentinel_2_05000_akita_2022-Q4.tif,viirs_05000_akita_2022-Q4.tif,1360.5407756331736
HZLM7,15000 Niigata,2023-Q3,Japan,2023,3993446887350.673,140.714328844415,Yes,No,High income,Yes,Yes,Yes,Yes,250.0,Moderate,Yes,Low,Low,Cfa,sentinel_2_15000_niigata_2023-Q3.tif,viirs_15000_niigata_2023-Q3.tif,1652.351729770047
DIHSA,25000 Shiga,2021-Q1,Japan,2021,4247588558872.2593,120.6838014481023,Yes,Yes,High income,No,No,Yes,Yes,340.0,Moderate,Yes,Moderate,Low,Cfa,sentinel_2_25000_shiga_2021-Q1.tif,viirs_25000_shiga_2021-Q1.tif,1947.4680983015628
RNTDR,25000 Shiga,2024-Q4,Japan,2024,3928801383782.808,144.7279859179582,Yes,Yes,High income,No,No,Yes,Yes,340.0,Moderate,Yes,Moderate,Low,Cfa,sentinel_2_25000_shiga_2024-Q4.tif,viirs_25000_shiga_2024-Q4.tif,1451.6760268999146
YOFQE,05000 Akita,2019-Q4,Japan,2019,4070264756531.522,117.9406160358257,Yes,No,High income,Yes,Yes,Yes,Yes,450.0,Moderate,Yes,Low,Very Low,Dfa,sentinel_2_05000_akita_2019-Q4.tif,viirs_05000_akita_2019-Q4.tif,1654.4130016501765
M349E,19000 Yamanashi,2024-Q2,Japan,2024,3928801383782.808,143.9682405014625,Yes,Yes,High income,No,No,Yes,Yes,110.0,Moderate,No,Low,Very Low,Cfa,sentinel_2_19000_yamanashi_2024-Q2.tif,viirs_19000_yamanashi_2024-Q2.tif,2075.1754326184027
5NQJQ,26000 Kyoto,2021-Q4,Japan,2021,4247588558872.2593,127.389433729792,Yes,Yes,High income,Yes,No,Yes,Yes,370.0,Moderate,No,Moderate,Very Low,Cfa,sentinel_2_26000_kyoto_2021-Q4.tif,viirs_26000_kyoto_2021-Q4.tif,1894.8936548010813
K63N2,32000 Shimane,2019-Q2,Japan,2019,4070264756531.522,117.3681318135368,Yes,No,High income,Yes,Yes,Yes,Yes,650.0,Moderate,Yes,Moderate,Low,Cfa,sentinel_2_32000_shimane_2019-Q2.tif,viirs_32000_shimane_2019-Q2.tif,1693.2548833215735
PWBSF,41000 Saga,2023-Q1,Japan,2023,3993446887350.673,137.8618440412342,Yes,No,High income,Yes,Yes,Yes,Yes,900.0,Moderate,Yes,Moderate,Low,Cfa,sentinel_2_41000_saga_2023-Q1.tif,viirs_41000_saga_2023-Q1.tif,1341.7460147048464
AHTHS,40000 Fukuoka,2020-Q3,Japan,2020,4069008481605.98,119.1285399053605,Yes,No,High income,Yes,Yes,Yes,Yes,880.0,Moderate,Yes,Moderate,Low,Cfa,sentinel_2_40000_fukuoka_2020-Q3.tif,viirs_40000_fukuoka_2020-Q3.tif,1921.7029306321228
JR0FZ,40000 Fukuoka,2020-Q4,Japan,2020,4069008481605.98,119.4024762808857,Yes,No,High income,Yes,Yes,Yes,Yes,880.0,Moderate,Yes,Moderate,Low,Cfa,sentinel_2_40000_fukuoka_2020-Q4.tif,viirs_40000_fukuoka_2020-Q4.tif,1931.381807050956
ZEEDH,29000 Nara,2020-Q3,Japan,2020,4069008481605.98,119.1285399053605,Yes,Yes,High income,No,No,Yes,Yes,370.0,Moderate,Yes,Low,Low,Cfa,sentinel_2_29000_nara_2020-Q3.tif,viirs_29000_nara_2020-Q3.tif,2376.281377872221
1B3D5,31000 Tottori,2020-Q4,Japan,2020,4069008481605.98,119.4024762808857,Yes,No,High income,Yes,Yes,Yes,Yes,500.0,Moderate,Yes,Moderate,Low,Cfa,sentinel_2_31000_tottori_2020-Q4.tif,viirs_31000_tottori_2020-Q4.tif,1769.612951596597
B7SJW,37000 Kagawa,2024-Q4,Japan,2024,3928801383782.808,144.7279859179582,Yes,No,High income,Yes,Yes,Yes,Yes,540.0,Moderate,No,Moderate,Very Low,Cfa,sentinel_2_37000_kagawa_2024-Q4.tif,viirs_37000_kagawa_2024-Q4.tif,1866.2107457228308
D5EQY,09000 Tochigi,2020-Q1,Japan,2020,4069008481605.98,118.4352913210933,Yes,Yes,High income,No,No,Yes,Yes,100.0,Moderate,Yes,Moderate,Low,Cfa,sentinel_2_09000_tochigi_2020-Q1.tif,viirs_09000_tochigi_2020-Q1.tif,1814.613950397328
K6RE4,13000 Tokyo,2023-Q3,Japan,2023,3993446887350.673,140.714328844415,Yes,No,High income,Yes,Yes,Yes,Yes,0.0,High,Yes,Moderate,Low,Cfa,sentinel_2_13000_tokyo_2023-Q3.tif,viirs_13000_tokyo_2023-Q3.tif,2432.790545293574
6DR08,45000 Miyazaki,2020-Q4,Japan,2020,4069008481605.98,119.4024762808857,Yes,No,High income,Yes,Yes,Yes,Yes,870.0,Moderate,Yes,High,Low,Cfa,sentinel_2_45000_miyazaki_2020-Q4.tif,viirs_45000_miyazaki_2020-Q4.tif,2193.755303244855
9TZE5,06000 Yamagata,2021-Q1,Japan,2021,4247588558872.2593,120.6838014481023,Yes,No,High income,Yes,No,Yes,Yes,300.0,Moderate,Yes,Low,Low,Dfa,sentinel_2_06000_yamagata_2021-Q1.tif,viirs_06000_yamagata_2021-Q1.tif,2082.7015825700746
NTBZ3,44000 Oita,2023-Q3,Japan,2023,3993446887350.673,140.714328844415,Yes,No,High income,Yes,Yes,Yes,Yes,770.0,Moderate,Yes,Moderate,Low,Cfa,sentinel_2_44000_oita_2023-Q3.tif,viirs_44000_oita_2023-Q3.tif,1675.673534349694
J70E3,17000 Ishikawa,2021-Q3,Japan,2021,4247588558872.2593,125.4848727349994,Yes,No,High income,Yes,Yes,Yes,Yes,270.0,Moderate,Yes,Moderate,Low,Cfa,sentinel_2_17000_ishikawa_2021-Q3.tif,viirs_17000_ishikawa_2021-Q3.tif,1716.6803875044377
J5SXV,20000 Nagano,2024-Q3,Japan,2024,3928801383782.808,144.403145070865,Yes,Yes,High income,Yes,No,Yes,Yes,180.0,Moderate,Yes,Low,Very Low,Dfa,sentinel_2_20000_nagano_2024-Q3.tif,viirs_20000_nagano_2024-Q3.tif,2044.0444293039195
AUXBG,40000 Fukuoka,2021-Q1,Japan,2021,4247588558872.2593,120.6838014481023,Yes,No,High income,Yes,Yes,Yes,Yes,880.0,Moderate,Yes,Moderate,Low,Cfa,sentinel_2_40000_fukuoka_2021-Q1.tif,viirs_40000_fukuoka_2021-Q1.tif,1769.5968198930811
5HHIW,35000 Yamaguchi,2023-Q3,Japan,2023,3993446887350.673,140.714328844415,Yes,No,High income,Yes,Yes,Yes,Yes,800.0,Moderate,No,Moderate,Very Low,Cfa,sentinel_2_35000_yamaguchi_2023-Q3.tif,viirs_35000_yamaguchi_2023-Q3.tif,1756.481975425586
6CCVC,09000 Tochigi,2024-Q1,Japan,2024,3928801383782.808,142.3299725681459,Yes,Yes,High income,No,No,Yes,Yes,100.0,Moderate,Yes,Low,Very Low,Cfa,sentinel_2_09000_tochigi_2024-Q1.tif,viirs_09000_tochigi_2024-Q1.tif,1938.358836776824
OZX25,44000 Oita,2019-Q3,Japan,2019,4070264756531.522,117.6899153350103,Yes,No,High income,Yes,Yes,Yes,Yes,770.0,Moderate,Yes,High,Low,Cfa,sentinel_2_44000_oita_2019-Q3.tif,viirs_44000_oita_2019-Q3.tif,1610.3869393850373
Q6QDY,13000 Tokyo,2023-Q4,Japan,2023,3993446887350.673,140.8613862067226,Yes,No,High income,Yes,Yes,Yes,Yes,0.0,High,Yes,Moderate,Low,Cfa,sentinel_2_13000_tokyo_2023-Q4.tif,viirs_13000_tokyo_2023-Q4.tif,2829.2083958462053
ARAGD,47000 Okinawa,2023-Q1,Japan,2023,3993446887350.673,137.8618440412342,Yes,No,High income,Yes,Yes,Yes,Yes,1550.0,Moderate,Yes,High,Low,Cfa,sentinel_2_47000_okinawa_2023-Q1.tif,viirs_47000_okinawa_2023-Q1.tif,2039.013357560185
K9TR7,16000 Toyama,2021-Q1,Japan,2021,4247588558872.2593,120.6838014481023,Yes,No,High income,Yes,Yes,Yes,Yes,260.0,Moderate,Yes,Moderate,Low,Cfa,sentinel_2_16000_toyama_2021-Q1.tif,viirs_16000_toyama_2021-Q1.tif,1710.102075926499
YCZ04,23000 Aichi,2020-Q1,Japan,2020,4069008481605.98,118.4352913210933,Yes,No,High income,Yes,Yes,Yes,Yes,260.0,High,Yes,High,Low,Cfa,sentinel_2_23000_aichi_2020-Q1.tif,viirs_23000_aichi_2020-Q1.tif,1916.171582606475
CZUCQ,23000 Aichi,2021-Q3,Japan,2021,4247588558872.2593,125.4848727349994,Yes,No,High income,Yes,Yes,Yes,Yes,260.0,High,Yes,Moderate,Low,Cfa,sentinel_2_23000_aichi_2021-Q3.tif,viirs_23000_aichi_2021-Q3.tif,1836.5374614067705
CROYR,09000 Tochigi,2023-Q4,Japan,2023,3993446887350.673,140.8613862067226,Yes,Yes,High income,No,No,Yes,Yes,100.0,Moderate,Yes,Moderate,Low,Cfa,sentinel_2_09000_tochigi_2023-Q4.tif,viirs_09000_tochigi_2023-Q4.tif,1452.874924912213
EHWJQ,42000 Nagasaki,2019-Q3,Japan,2019,4070264756531.522,117.6899153350103,Yes,No,High income,Yes,Yes,Yes,Yes,1200.0,Moderate,Yes,High,Low,Cfa,sentinel_2_42000_nagasaki_2019-Q3.tif,viirs_42000_nagasaki_2019-Q3.tif,2025.230189935398
UCC1M,39000 Kochi,2022-Q3,Japan,2022,3880440088794.578,135.9371046973515,Yes,No,High income,Yes,Yes,Yes,Yes,625.0,High,Yes,High,Low,Cfa,sentinel_2_39000_kochi_2022-Q3.tif,viirs_39000_kochi_2022-Q3.tif,1430.4411020528048
4V1QX,30000 Wakayama,2023-Q1,Japan,2023,3993446887350.673,137.8618440412342,Yes,No,High income,Yes,Yes,Yes,Yes,450.0,High,Yes,High,Low,Cfa,sentinel_2_30000_wakayama_2023-Q1.tif,viirs_30000_wakayama_2023-Q1.tif,1631.0344822036525
18K0A,16000 Toyama,2022-Q3,Japan,2022,3880440088794.578,135.9371046973515,Yes,No,High income,Yes,Yes,Yes,Yes,260.0,Moderate,No,Low,Very Low,Cfa,sentinel_2_16000_toyama_2022-Q3.tif,viirs_16000_toyama_2022-Q3.tif,1521.1060910385245
3TRP0,05000 Akita,2023-Q4,Japan,2023,3993446887350.673,140.8613862067226,Yes,No,High income,Yes,Yes,Yes,Yes,450.0,Moderate,No,Low,Very Low,Dfa,sentinel_2_05000_akita_2023-Q4.tif,viirs_05000_akita_2023-Q4.tif,1896.6516221621664
4U3BB,14000 Kanagawa,2021-Q2,Japan,2021,4247588558872.2593,123.5075473904579,Yes,No,High income,Yes,Yes,Yes,Yes,30.0,High,Yes,Moderate,Low,Cfa,sentinel_2_14000_kanagawa_2021-Q2.tif,viirs_14000_kanagawa_2021-Q2.tif,2000.970977449525
RIVH6,18000 Fukui,2019-Q4,Japan,2019,4070264756531.522,117.9406160358257,Yes,No,High income,No,Yes,Yes,Yes,320.0,Moderate,Yes,Low,Low,Cfa,sentinel_2_18000_fukui_2019-Q4.tif,viirs_18000_fukui_2019-Q4.tif,1977.884515222724
KBRH7,29000 Nara,2021-Q1,Japan,2021,4247588558872.2593,120.6838014481023,Yes,Yes,High income,No,No,Yes,Yes,370.0,Moderate,Yes,Moderate,Low,Cfa,sentinel_2_29000_nara_2021-Q1.tif,viirs_29000_nara_2021-Q1.tif,1910.2075557189337
LEMX1,10000 Gunma,2020-Q1,Japan,2020,4069008481605.98,118.4352913210933,Yes,Yes,High income,No,No,Yes,Yes,100.0,High,No,Moderate,Low,Cfa,sentinel_2_10000_gunma_2020-Q1.tif,viirs_10000_gunma_2020-Q1.tif,1440.9007554744433
IZASN,18000 Fukui,2022-Q3,Japan,2022,3880440088794.578,135.9371046973515,Yes,No,High income,No,Yes,Yes,Yes,320.0,Moderate,Yes,Low,Very Low,Cfa,sentinel_2_18000_fukui_2022-Q3.tif,viirs_18000_fukui_2022-Q3.tif,1460.1079331778092
DZR1Y,06000 Yamagata,2019-Q1,Japan,2019,4070264756531.522,115.9781187205398,Yes,Yes,High income,Yes,No,Yes,Yes,300.0,Moderate,Yes,Moderate,Low,Dfa,sentinel_2_06000_yamagata_2019-Q1.tif,viirs_06000_yamagata_2019-Q1.tif,2007.7603733742217
VMZWF,21000 Gifu,2022-Q3,Japan,2022,3880440088794.578,135.9371046973515,Yes,Yes,High income,No,No,Yes,Yes,270.0,Moderate,Yes,Moderate,Low,Cfa,sentinel_2_21000_gifu_2022-Q3.tif,viirs_21000_gifu_2022-Q3.tif,1498.2498643980755
HGNZE,33000 Okayama,2024-Q1,Japan,2024,3928801383782.808,142.3299725681459,Yes,No,High income,Yes,Yes,Yes,Yes,540.0,Moderate,Yes,Low,Low,Cfa,sentinel_2_33000_okayama_2024-Q1.tif,viirs_33000_okayama_2024-Q1.tif,1585.2076424388715
V08HH,06000 Yamagata,2022-Q4,Japan,2022,3880440088794.578,136.4362131047677,Yes,Yes,High income,Yes,No,Yes,Yes,300.0,Moderate,No,Low,Very Low,Dfa,sentinel_2_06000_yamagata_2022-Q4.tif,viirs_06000_yamagata_2022-Q4.tif,1395.479197412881
7C9H4,25000 Shiga,2019-Q4,Japan,2019,4070264756531.522,117.9406160358257,Yes,Yes,High income,No,No,Yes,Yes,340.0,Moderate,Yes,Moderate,Low,Cfa,sentinel_2_25000_shiga_2019-Q4.tif,viirs_25000_shiga_2019-Q4.tif,1728.07901067026
D6VAS,12000 Chiba,2023-Q2,Japan,2023,3993446887350.673,139.5056151606663,Yes,No,High income,Yes,Yes,Yes,Yes,37.5,High,Yes,High,Low,Cfa,sentinel_2_12000_chiba_2023-Q2.tif,viirs_12000_chiba_2023-Q2.tif,1786.992804281524
4DD1V,22000 Shizuoka,2022-Q4,Japan,2022,3880440088794.578,136.4362131047677,Yes,No,High income,Yes,Yes,Yes,Yes,150.0,High,Yes,Moderate,Low,Cfa,sentinel_2_22000_shizuoka_2022-Q4.tif,viirs_22000_shizuoka_2022-Q4.tif,1765.647416318962
XMXB9,20000 Nagano,2021-Q1,Japan,2021,4247588558872.2593,120.6838014481023,Yes,Yes,High income,Yes,No,Yes,Yes,180.0,Moderate,No,Low,Very Low,Dfa,sentinel_2_20000_nagano_2021-Q1.tif,viirs_20000_nagano_2021-Q1.tif,1738.067485733361
25SQ8,09000 Tochigi,2023-Q3,Japan,2023,3993446887350.673,140.714328844415,Yes,Yes,High income,No,No,Yes,Yes,100.0,Moderate,Yes,Moderate,Low,Cfa,sentinel_2_09000_tochigi_2023-Q3.tif,viirs_09000_tochigi_2023-Q3.tif,1558.5728529462592
Y8OZC,05000 Akita,2022-Q2,Japan,2022,3880440088794.578,134.1731806810651,Yes,No,High income,Yes,Yes,Yes,Yes,450.0,Moderate,Yes,Low,Very Low,Dfa,sentinel_2_05000_akita_2022-Q2.tif,viirs_05000_akita_2022-Q2.tif,1281.0805098609164
R2YKC,14000 Kanagawa,2022-Q1,Japan,2022,3880440088794.578,130.2983261906564,Yes,No,High income,Yes,Yes,Yes,Yes,30.0,High,Yes,High,Low,Cfa,sentinel_2_14000_kanagawa_2022-Q1.tif,viirs_14000_kanagawa_2022-Q1.tif,1918.0501338439483
2UEAX,34000 Hiroshima,2022-Q3,Japan,2022,3880440088794.578,135.9371046973515,Yes,No,High income,Yes,Yes,Yes,Yes,680.0,Moderate,No,Moderate,Low,Cfa,sentinel_2_34000_hiroshima_2022-Q3.tif,viirs_34000_hiroshima_2022-Q3.tif,1598.525563719086
FCPKJ,11000 Saitama,2020-Q4,Japan,2020,4069008481605.98,119.4024762808857,Yes,Yes,High income,No,No,Yes,Yes,22.5,Moderate,Yes,Moderate,Low,Cfa,sentinel_2_11000_saitama_2020-Q4.tif,viirs_11000_saitama_2020-Q4.tif,1917.914856391547
XYVGI,15000 Niigata,2023-Q1,Japan,2023,3993446887350.673,137.8618440412342,Yes,No,High income,Yes,Yes,Yes,Yes,250.0,Moderate,Yes,Low,Low,Cfa,sentinel_2_15000_niigata_2023-Q1.tif,viirs_15000_niigata_2023-Q1.tif,1723.0002782799268
OV51Z,43000 Kumamoto,2020-Q2,Japan,2020,4069008481605.98,117.7956988014519,Yes,No,High income,Yes,Yes,Yes,Yes,900.0,High,Yes,Moderate,Low,Cfa,sentinel_2_43000_kumamoto_2020-Q2.tif,viirs_43000_kumamoto_2020-Q2.tif,3471.8989871316144
ZLK3E,20000 Nagano,2022-Q4,Japan,2022,3880440088794.578,136.4362131047677,Yes,Yes,High income,Yes,No,Yes,Yes,180.0,Moderate,No,Low,Very Low,Dfa,sentinel_2_20000_nagano_2022-Q4.tif,viirs_20000_nagano_2022-Q4.tif,1684.4993052130064
E1HM3,30000 Wakayama,2021-Q4,Japan,2021,4247588558872.2593,127.389433729792,Yes,No,High income,No,Yes,Yes,Yes,450.0,High,Yes,High,Low,Cfa,sentinel_2_30000_wakayama_2021-Q4.tif,viirs_30000_wakayama_2021-Q4.tif,1817.143245226796
GZVRC,47000 Okinawa,2019-Q3,Japan,2019,4070264756531.522,117.6899153350103,Yes,No,High income,Yes,Yes,Yes,No,1550.0,Moderate,Yes,High,Very Low,Cfa,sentinel_2_47000_okinawa_2019-Q3.tif,viirs_47000_okinawa_2019-Q3.tif,2454.5800142470803
JCNS6,23000 Aichi,2023-Q1,Japan,2023,3993446887350.673,137.8618440412342,Yes,No,High income,Yes,Yes,Yes,Yes,260.0,High,Yes,Moderate,Low,Cfa,sentinel_2_23000_aichi_2023-Q1.tif,viirs_23000_aichi_2023-Q1.tif,1589.4074562368085
ZCUCT,16000 Toyama,2024-Q2,Japan,2024,3928801383782.808,143.9682405014625,Yes,No,High income,Yes,Yes,Yes,Yes,260.0,Moderate,Yes,Low,Low,Cfa,sentinel_2_16000_toyama_2024-Q2.tif,viirs_16000_toyama_2024-Q2.tif,1565.4901260613883
VPYMB,13000 Tokyo,2021-Q2,Japan,2021,4247588558872.2593,123.5075473904579,Yes,No,High income,Yes,Yes,Yes,Yes,0.0,High,Yes,Moderate,Low,Cfa,sentinel_2_13000_tokyo_2021-Q2.tif,viirs_13000_tokyo_2021-Q2.tif,2930.1305209631028
5HRDU,38000 Ehime,2023-Q1,Japan,2023,3993446887350.673,137.8618440412342,Yes,No,High income,Yes,Yes,Yes,Yes,670.0,Moderate,Yes,Moderate,Low,Cfa,sentinel_2_38000_ehime_2023-Q1.tif,viirs_38000_ehime_2023-Q1.tif,1535.6909141317385
KTGV4,33000 Okayama,2019-Q4,Japan,2019,4070264756531.522,117.9406160358257,Yes,No,High income,Yes,Yes,Yes,Yes,540.0,Moderate,Yes,Moderate,Low,Cfa,sentinel_2_33000_okayama_2019-Q4.tif,viirs_33000_okayama_2019-Q4.tif,1771.7628985217898
P6BEF,14000 Kanagawa,2020-Q1,Japan,2020,4069008481605.98,118.4352913210933,Yes,No,High income,Yes,Yes,Yes,Yes,30.0,High,Yes,Low,Low,Cfa,sentinel_2_14000_kanagawa_2020-Q1.tif,viirs_14000_kanagawa_2020-Q1.tif,2081.1098733049757
S1F53,43000 Kumamoto,2021-Q3,Japan,2021,4247588558872.2593,125.4848727349994,Yes,No,High income,Yes,Yes,Yes,Yes,900.0,High,Yes,High,Low,Cfa,sentinel_2_43000_kumamoto_2021-Q3.tif,viirs_43000_kumamoto_2021-Q3.tif,1814.2449980068875
OR787,16000 Toyama,2020-Q3,Japan,2020,4069008481605.98,119.1285399053605,Yes,No,High income,Yes,Yes,Yes,Yes,260.0,Moderate,Yes,Moderate,Very Low,Cfa,sentinel_2_16000_toyama_2020-Q3.tif,viirs_16000_toyama_2020-Q3.tif,1997.0280810200816
TIRC9,24000 Mie,2019-Q1,Japan,2019,4070264756531.522,115.9781187205398,Yes,No,High income,No,Yes,Yes,Yes,320.0,High,Yes,High,Low,Cfa,sentinel_2_24000_mie_2019-Q1.tif,viirs_24000_mie_2019-Q1.tif,1649.115552629319
Z8UUG,25000 Shiga,2020-Q3,Japan,2020,4069008481605.98,119.1285399053605,Yes,Yes,High income,No,No,Yes,Yes,340.0,Moderate,Yes,Low,Low,Cfa,sentinel_2_25000_shiga_2020-Q3.tif,viirs_25000_shiga_2020-Q3.tif,1999.5183521436832
A75UU,10000 Gunma,2024-Q2,Japan,2024,3928801383782.808,143.9682405014625,Yes,Yes,High income,No,No,Yes,Yes,100.0,High,Yes,Low,Low,Cfa,sentinel_2_10000_gunma_2024-Q2.tif,viirs_10000_gunma_2024-Q2.tif,1446.6609173377549
L00EZ,23000 Aichi,2020-Q3,Japan,2020,4069008481605.98,119.1285399053605,Yes,No,High income,Yes,Yes,Yes,Yes,260.0,High,Yes,High,Low,Cfa,sentinel_2_23000_aichi_2020-Q3.tif,viirs_23000_aichi_2020-Q3.tif,2057.922870448432
ZIOYK,03000 Iwate,2019-Q2,Japan,2019,4070264756531.522,117.3681318135368,Yes,No,High income,Yes,Yes,Yes,Yes,450.0,High,Yes,Low,Low,Dfa,sentinel_2_03000_iwate_2019-Q2.tif,viirs_03000_iwate_2019-Q2.tif,1683.5974691429883
Q3XLR,11000 Saitama,2021-Q4,Japan,2021,4247588558872.2593,127.389433729792,Yes,Yes,High income,No,No,Yes,Yes,22.5,Moderate,Yes,Low,Low,Cfa,sentinel_2_11000_saitama_2021-Q4.tif,viirs_11000_saitama_2021-Q4.tif,1693.8152610334791
G1VED,44000 Oita,2020-Q1,Japan,2020,4069008481605.98,118.4352913210933,Yes,No,High income,Yes,Yes,Yes,Yes,770.0,Moderate,Yes,Moderate,Low,Cfa,sentinel_2_44000_oita_2020-Q1.tif,viirs_44000_oita_2020-Q1.tif,2085.927851342218
Y9X8S,31000 Tottori,2019-Q2,Japan,2019,4070264756531.522,117.3681318135368,Yes,No,High income,Yes,Yes,Yes,Yes,500.0,Moderate,Yes,Moderate,Low,Cfa,sentinel_2_31000_tottori_2019-Q2.tif,viirs_31000_tottori_2019-Q2.tif,1689.002218969555
GN0T6,26000 Kyoto,2019-Q3,Japan,2019,4070264756531.522,117.6899153350103,Yes,Yes,High income,No,No,Yes,Yes,370.0,Moderate,No,Low,Very Low,Cfa,sentinel_2_26000_kyoto_2019-Q3.tif,viirs_26000_kyoto_2019-Q3.tif,2063.02078661569
IVGLY,25000 Shiga,2022-Q4,Japan,2022,3880440088794.578,136.4362131047677,Yes,Yes,High income,No,No,Yes,Yes,340.0,Moderate,No,,Low,Cfa,sentinel_2_25000_shiga_2022-Q4.tif,viirs_25000_shiga_2022-Q4.tif,1601.5506380460292
2KNFT,08000 Ibaraki,2020-Q2,Japan,2020,4069008481605.98,117.7956988014519,Yes,No,High income,Yes,Yes,Yes,Yes,100.0,High,Yes,Moderate,Low,Cfa,sentinel_2_08000_ibaraki_2020-Q2.tif,viirs_08000_ibaraki_2020-Q2.tif,1772.440373284735
UJJQ9,13000 Tokyo,2023-Q2,Japan,2023,3993446887350.673,139.5056151606663,Yes,No,High income,Yes,Yes,Yes,Yes,0.0,High,Yes,Moderate,Low,Cfa,sentinel_2_13000_tokyo_2023-Q2.tif,viirs_13000_tokyo_2023-Q2.tif,2470.023206220536
VG7OQ,30000 Wakayama,2022-Q3,Japan,2022,3880440088794.578,135.9371046973515,Yes,No,High income,Yes,Yes,Yes,Yes,450.0,High,Yes,High,Low,Cfa,sentinel_2_30000_wakayama_2022-Q3.tif,viirs_30000_wakayama_2022-Q3.tif,1522.3602695121456
S3JON,18000 Fukui,2023-Q4,Japan,2023,3993446887350.673,140.8613862067226,Yes,No,High income,No,Yes,Yes,Yes,320.0,Moderate,Yes,Moderate,Low,Cfa,sentinel_2_18000_fukui_2023-Q4.tif,viirs_18000_fukui_2023-Q4.tif,1988.1263561939631
L68NT,32000 Shimane,2019-Q1,Japan,2019,4070264756531.522,115.9781187205398,Yes,No,High income,Yes,Yes,Yes,Yes,650.0,Moderate,Yes,Moderate,Low,Cfa,sentinel_2_32000_shimane_2019-Q1.tif,viirs_32000_shimane_2019-Q1.tif,1714.530334583498
5KXVF,01000 Hokkaido,2024-Q4,Japan,2024,3928801383782.808,144.7279859179582,Yes,No,High income,Yes,Yes,Yes,Yes,830.0,High,Yes,Low,Very Low,Dfb,sentinel_2_01000_hokkaido_2024-Q4.tif,viirs_01000_hokkaido_2024-Q4.tif,1824.2054955540443
SUFLS,16000 Toyama,2024-Q3,Japan,2024,3928801383782.808,144.403145070865,Yes,No,High income,Yes,Yes,Yes,Yes,260.0,Moderate,Yes,Low,Low,Cfa,sentinel_2_16000_toyama_2024-Q3.tif,viirs_16000_toyama_2024-Q3.tif,1738.7607848871546
Q46NO,18000 Fukui,2020-Q3,Japan,2020,4069008481605.98,119.1285399053605,Yes,No,High income,No,Yes,Yes,Yes,320.0,Moderate,Yes,Low,Low,Cfa,sentinel_2_18000_fukui_2020-Q3.tif,viirs_18000_fukui_2020-Q3.tif,1916.944887049584
5OWF7,03000 Iwate,2022-Q4,Japan,2022,3880440088794.578,136.4362131047677,Yes,No,High income,Yes,Yes,Yes,Yes,450.0,High,Yes,Low,Low,Dfa,sentinel_2_03000_iwate_2022-Q4.tif,viirs_03000_iwate_2022-Q4.tif,1508.4314259961816
0S9BP,19000 Yamanashi,2020-Q3,Japan,2020,4069008481605.98,119.1285399053605,Yes,Yes,High income,No,No,Yes,Yes,110.0,Moderate,No,Low,Very Low,Cfa,sentinel_2_19000_yamanashi_2020-Q3.tif,viirs_19000_yamanashi_2020-Q3.tif,1958.6951650769645
3R30M,08000 Ibaraki,2024-Q1,Japan,2024,3928801383782.808,142.3299725681459,Yes,No,High income,Yes,Yes,Yes,Yes,100.0,High,Yes,Moderate,Low,Cfa,sentinel_2_08000_ibaraki_2024-Q1.tif,viirs_08000_ibaraki_2024-Q1.tif,1495.628032073507
DJZ0I,37000 Kagawa,2022-Q4,Japan,2022,3880440088794.578,136.4362131047677,Yes,No,High income,Yes,Yes,Yes,Yes,540.0,Moderate,No,Moderate,Low,Cfa,sentinel_2_37000_kagawa_2022-Q4.tif,viirs_37000_kagawa_2022-Q4.tif,1460.3392689256682
CDYK0,11000 Saitama,2023-Q1,Japan,2023,3993446887350.673,137.8618440412342,Yes,Yes,High income,No,No,Yes,Yes,22.5,Moderate,Yes,Low,Low,Cfa,sentinel_2_11000_saitama_2023-Q1.tif,viirs_11000_saitama_2023-Q1.tif,1665.8299022507072
LXSLG,15000 Niigata,2022-Q3,Japan,2022,3880440088794.578,135.9371046973515,Yes,No,High income,Yes,Yes,Yes,Yes,250.0,Moderate,Yes,Low,Low,Cfa,sentinel_2_15000_niigata_2022-Q3.tif,viirs_15000_niigata_2022-Q3.tif,1646.3553628768714
FHHCM,21000 Gifu,2022-Q4,Japan,2022,3880440088794.578,136.4362131047677,Yes,Yes,High income,No,No,Yes,Yes,270.0,Moderate,Yes,Moderate,Low,Cfa,sentinel_2_21000_gifu_2022-Q4.tif,viirs_21000_gifu_2022-Q4.tif,1643.5608159107423
MYRSV,41000 Saga,2020-Q2,Japan,2020,4069008481605.98,117.7956988014519,Yes,No,High income,Yes,Yes,Yes,Yes,900.0,Moderate,Yes,Moderate,Low,Cfa,sentinel_2_41000_saga_2020-Q2.tif,viirs_41000_saga_2020-Q2.tif,2502.111013275806
4FTJ5,33000 Okayama,2020-Q1,Japan,2020,4069008481605.98,118.4352913210933,Yes,No,High income,Yes,Yes,Yes,Yes,540.0,Moderate,Yes,Low,Low,Cfa,sentinel_2_33000_okayama_2020-Q1.tif,viirs_33000_okayama_2020-Q1.tif,1827.1652747463256
3C1QK,13000 Tokyo,2019-Q2,Japan,2019,4070264756531.522,117.3681318135368,Yes,No,High income,Yes,Yes,Yes,Yes,0.0,High,Yes,Moderate,Low,Cfa,sentinel_2_13000_tokyo_2019-Q2.tif,viirs_13000_tokyo_2019-Q2.tif,2571.943172245162
GVZ9A,42000 Nagasaki,2023-Q2,Japan,2023,3993446887350.673,139.5056151606663,Yes,No,High income,Yes,Yes,Yes,Yes,1200.0,Moderate,Yes,High,Low,Cfa,sentinel_2_42000_nagasaki_2023-Q2.tif,viirs_42000_nagasaki_2023-Q2.tif,1611.1427120371634
NS832,12000 Chiba,2020-Q3,Japan,2020,4069008481605.98,119.1285399053605,Yes,No,High income,Yes,Yes,Yes,Yes,37.5,High,Yes,High,Low,Cfa,sentinel_2_12000_chiba_2020-Q3.tif,viirs_12000_chiba_2020-Q3.tif,1966.3306398809093
GDEJ3,28000 Hyogo,2020-Q3,Japan,2020,4069008481605.98,119.1285399053605,Yes,No,High income,Yes,Yes,Yes,Yes,430.0,High,Yes,High,Low,Cfa,sentinel_2_28000_hyogo_2020-Q3.tif,viirs_28000_hyogo_2020-Q3.tif,2144.665480726416
0PLOZ,23000 Aichi,2022-Q4,Japan,2022,3880440088794.578,136.4362131047677,Yes,No,High income,Yes,Yes,Yes,Yes,260.0,High,Yes,High,Low,Cfa,sentinel_2_23000_aichi_2022-Q4.tif,viirs_23000_aichi_2022-Q4.tif,1585.5241380643276
LA753,02000 Aomori,2019-Q2,Japan,2019,4070264756531.522,117.3681318135368,Yes,No,High income,Yes,Yes,Yes,Yes,575.0,Moderate,No,Low,Very Low,Dfa,sentinel_2_02000_aomori_2019-Q2.tif,viirs_02000_aomori_2019-Q2.tif,1815.483737774364
6WKTA,04000 Miyagi,2020-Q3,Japan,2020,4069008481605.98,119.1285399053605,Yes,No,High income,Yes,Yes,Yes,Yes,300.0,High,Yes,Moderate,Low,Cfa,sentinel_2_04000_miyagi_2020-Q3.tif,viirs_04000_miyagi_2020-Q3.tif,2083.390320849991
KWFG3,36000 Tokushima,2022-Q4,Japan,2022,3880440088794.578,136.4362131047677,Yes,No,High income,Yes,Yes,Yes,Yes,500.0,High,Yes,High,Low,Cfa,sentinel_2_36000_tokushima_2022-Q4.tif,viirs_36000_tokushima_2022-Q4.tif,1479.7275257459728
CWI64,02000 Aomori,2021-Q1,Japan,2021,4247588558872.2593,120.6838014481023,Yes,No,High income,Yes,Yes,Yes,Yes,575.0,Moderate,Yes,Low,Low,Dfa,sentinel_2_02000_aomori_2021-Q1.tif,viirs_02000_aomori_2021-Q1.tif,2321.6454081452757
HX2KB,35000 Yamaguchi,2019-Q3,Japan,2019,4070264756531.522,117.6899153350103,Yes,No,High income,Yes,Yes,Yes,Yes,800.0,Moderate,Yes,Moderate,Low,Cfa,sentinel_2_35000_yamaguchi_2019-Q3.tif,viirs_35000_yamaguchi_2019-Q3.tif,1854.7327095529008
I1B0Z,07000 Fukushima,2023-Q4,Japan,2023,3993446887350.673,140.8613862067226,Yes,Yes,High income,Yes,No,Yes,Yes,250.0,High,Yes,Moderate,Low,Cfa,sentinel_2_07000_fukushima_2023-Q4.tif,viirs_07000_fukushima_2023-Q4.tif,1854.9377642780148
IEUC1,09000 Tochigi,2021-Q4,Japan,2021,4247588558872.2593,127.389433729792,Yes,Yes,High income,No,No,Yes,Yes,100.0,Moderate,Yes,Low,Low,Cfa,sentinel_2_09000_tochigi_2021-Q4.tif,viirs_09000_tochigi_2021-Q4.tif,1486.5915915003957
MH1T9,31000 Tottori,2024-Q2,Japan,2024,3928801383782.808,143.9682405014625,Yes,No,High income,Yes,Yes,Yes,Yes,500.0,Moderate,No,Low,Low,Cfa,sentinel_2_31000_tottori_2024-Q2.tif,viirs_31000_tottori_2024-Q2.tif,1191.6982315667478
5M9J9,13000 Tokyo,2021-Q3,Japan,2021,4247588558872.2593,125.4848727349994,Yes,No,High income,Yes,Yes,Yes,Yes,0.0,High,Yes,Moderate,Low,Cfa,sentinel_2_13000_tokyo_2021-Q3.tif,viirs_13000_tokyo_2021-Q3.tif,2845.262217463398
7DKNN,42000 Nagasaki,2021-Q3,Japan,2021,4247588558872.2593,125.4848727349994,Yes,No,High income,Yes,Yes,Yes,Yes,1200.0,Moderate,Yes,High,Low,Cfa,sentinel_2_42000_nagasaki_2021-Q3.tif,viirs_42000_nagasaki_2021-Q3.tif,1654.7133046582112
7C3DD,10000 Gunma,2019-Q3,Japan,2019,4070264756531.522,117.6899153350103,Yes,Yes,High income,No,No,Yes,Yes,100.0,High,Yes,Moderate,Low,Cfa,sentinel_2_10000_gunma_2019-Q3.tif,viirs_10000_gunma_2019-Q3.tif,1630.811795131895
JLZFF,31000 Tottori,2023-Q1,Japan,2023,3993446887350.673,137.8618440412342,Yes,No,High income,Yes,Yes,Yes,Yes,500.0,Moderate,Yes,Low,Low,Cfa,sentinel_2_31000_tottori_2023-Q1.tif,viirs_31000_tottori_2023-Q1.tif,1581.2601808133188
TPAC5,03000 Iwate,2021-Q4,Japan,2021,4247588558872.2593,127.389433729792,Yes,No,High income,Yes,Yes,Yes,Yes,450.0,High,Yes,Low,Low,Dfa,sentinel_2_03000_iwate_2021-Q4.tif,viirs_03000_iwate_2021-Q4.tif,1659.3515144750197
9P3JP,27000 Osaka,2020-Q3,Japan,2020,4069008481605.98,119.1285399053605,Yes,No,High income,Yes,Yes,Yes,Yes,400.0,High,Yes,High,Low,Cfa,sentinel_2_27000_osaka_2020-Q3.tif,viirs_27000_osaka_2020-Q3.tif,2145.2770989598857
UJZA7,04000 Miyagi,2019-Q2,Japan,2019,4070264756531.522,117.3681318135368,Yes,No,High income,Yes,Yes,Yes,Yes,300.0,High,Yes,Moderate,Low,Cfa,sentinel_2_04000_miyagi_2019-Q2.tif,viirs_04000_miyagi_2019-Q2.tif,1990.6842594880525
QLGZU,07000 Fukushima,2023-Q3,Japan,2023,3993446887350.673,140.714328844415,Yes,Yes,High income,Yes,No,Yes,Yes,250.0,High,Yes,Moderate,Low,Cfa,sentinel_2_07000_fukushima_2023-Q3.tif,viirs_07000_fukushima_2023-Q3.tif,1528.7281646102092
X5O31,47000 Okinawa,2023-Q2,Japan,2023,3993446887350.673,139.5056151606663,Yes,No,High income,Yes,Yes,Yes,Yes,1550.0,Moderate,Yes,High,Low,Cfa,sentinel_2_47000_okinawa_2023-Q2.tif,viirs_47000_okinawa_2023-Q2.tif,1909.310824852422
2PNJK,37000 Kagawa,2020-Q2,Japan,2020,4069008481605.98,117.7956988014519,Yes,No,High income,Yes,Yes,Yes,Yes,540.0,Moderate,No,Moderate,Low,Cfa,sentinel_2_37000_kagawa_2020-Q2.tif,viirs_37000_kagawa_2020-Q2.tif,2386.262551845121
VS4F8,02000 Aomori,2024-Q2,Japan,2024,3928801383782.808,143.9682405014625,Yes,No,High income,Yes,Yes,Yes,Yes,575.0,Moderate,Yes,Low,Very Low,Dfa,sentinel_2_02000_aomori_2024-Q2.tif,viirs_02000_aomori_2024-Q2.tif,1665.029608460704
RY79K,42000 Nagasaki,2022-Q3,Japan,2022,3880440088794.578,135.9371046973515,Yes,No,High income,Yes,Yes,Yes,Yes,1200.0,Moderate,Yes,Moderate,Low,Cfa,sentinel_2_42000_nagasaki_2022-Q3.tif,viirs_42000_nagasaki_2022-Q3.tif,2101.6021691998217
RYLLW,37000 Kagawa,2024-Q3,Japan,2024,3928801383782.808,144.403145070865,Yes,No,High income,Yes,Yes,Yes,Yes,540.0,Moderate,No,Moderate,Very Low,Cfa,sentinel_2_37000_kagawa_2024-Q3.tif,viirs_37000_kagawa_2024-Q3.tif,2292.6982082614554
2DG1W,41000 Saga,2019-Q4,Japan,2019,4070264756531.522,117.9406160358257,Yes,No,High income,Yes,Yes,Yes,Yes,900.0,Moderate,Yes,Moderate,Low,Cfa,sentinel_2_41000_saga_2019-Q4.tif,viirs_41000_saga_2019-Q4.tif,1614.2783451824598
ZKLOO,04000 Miyagi,2020-Q1,Japan,2020,4069008481605.98,118.4352913210933,Yes,No,High income,Yes,Yes,Yes,Yes,300.0,High,Yes,Moderate,Low,Cfa,sentinel_2_04000_miyagi_2020-Q1.tif,viirs_04000_miyagi_2020-Q1.tif,1866.9029308947315
WVM4W,20000 Nagano,2024-Q4,Japan,2024,3928801383782.808,144.7279859179582,Yes,Yes,High income,Yes,No,Yes,Yes,180.0,Moderate,Yes,Low,Very Low,Dfa,sentinel_2_20000_nagano_2024-Q4.tif,viirs_20000_nagano_2024-Q4.tif,1970.054698198615
RXDTG,26000 Kyoto,2021-Q3,Japan,2021,4247588558872.2593,125.4848727349994,Yes,Yes,High income,Yes,No,Yes,Yes,370.0,Moderate,No,Moderate,Very Low,Cfa,sentinel_2_26000_kyoto_2021-Q3.tif,viirs_26000_kyoto_2021-Q3.tif,2196.859537229536
9XPSE,02000 Aomori,2020-Q3,Japan,2020,4069008481605.98,119.1285399053605,Yes,No,High income,Yes,Yes,Yes,Yes,575.0,Moderate,Yes,Low,Very Low,Dfa,sentinel_2_02000_aomori_2020-Q3.tif,viirs_02000_aomori_2020-Q3.tif,1799.443479474542
1VMEF,47000 Okinawa,2022-Q2,Japan,2022,3880440088794.578,134.1731806810651,Yes,No,High income,Yes,Yes,Yes,No,1550.0,Moderate,Yes,High,Very Low,Cfa,sentinel_2_47000_okinawa_2022-Q2.tif,viirs_47000_okinawa_2022-Q2.tif,2032.5665933107173
VSHKO,39000 Kochi,2023-Q4,Japan,2023,3993446887350.673,140.8613862067226,Yes,No,High income,Yes,Yes,Yes,Yes,625.0,High,Yes,High,Low,Cfa,sentinel_2_39000_kochi_2023-Q4.tif,viirs_39000_kochi_2023-Q4.tif,1808.361501689863
W1TBR,35000 Yamaguchi,2024-Q1,Japan,2024,3928801383782.808,142.3299725681459,Yes,No,High income,Yes,Yes,Yes,Yes,800.0,Moderate,No,Moderate,Low,Cfa,sentinel_2_35000_yamaguchi_2024-Q1.tif,viirs_35000_yamaguchi_2024-Q1.tif,2042.1540027928431
8UT0C,02000 Aomori,2024-Q1,Japan,2024,3928801383782.808,142.3299725681459,Yes,No,High income,Yes,Yes,Yes,Yes,575.0,Moderate,Yes,Low,Very Low,Dfa,sentinel_2_02000_aomori_2024-Q1.tif,viirs_02000_aomori_2024-Q1.tif,1602.3818345965226
MYX44,08000 Ibaraki,2019-Q1,Japan,2019,4070264756531.522,115.9781187205398,Yes,No,High income,Yes,Yes,Yes,Yes,100.0,High,Yes,High,Low,Cfa,sentinel_2_08000_ibaraki_2019-Q1.tif,viirs_08000_ibaraki_2019-Q1.tif,1740.043581626737
1UTOX,13000 Tokyo,2022-Q4,Japan,2022,3880440088794.578,136.4362131047677,Yes,No,High income,Yes,Yes,Yes,Yes,0.0,High,Yes,Moderate,Low,Cfa,sentinel_2_13000_tokyo_2022-Q4.tif,viirs_13000_tokyo_2022-Q4.tif,2247.0841197024274
1P0VU,39000 Kochi,2020-Q1,Japan,2020,4069008481605.98,118.4352913210933,Yes,No,High income,Yes,Yes,Yes,Yes,625.0,High,Yes,High,Low,Cfa,sentinel_2_39000_kochi_2020-Q1.tif,viirs_39000_kochi_2020-Q1.tif,2077.086277191155
MBY49,29000 Nara,2024-Q1,Japan,2024,3928801383782.808,142.3299725681459,Yes,Yes,High income,No,No,Yes,Yes,370.0,Moderate,Yes,Low,Very Low,Cfa,sentinel_2_29000_nara_2024-Q1.tif,viirs_29000_nara_2024-Q1.tif,1960.603096000758
W79WC,38000 Ehime,2020-Q1,Japan,2020,4069008481605.98,118.4352913210933,Yes,No,High income,Yes,Yes,Yes,Yes,670.0,Moderate,Yes,High,Low,Cfa,sentinel_2_38000_ehime_2020-Q1.tif,viirs_38000_ehime_2020-Q1.tif,1750.7137503686083
4FMPK,26000 Kyoto,2020-Q4,Japan,2020,4069008481605.98,119.4024762808857,Yes,Yes,High income,No,No,Yes,Yes,370.0,Moderate,Yes,Moderate,Low,Cfa,sentinel_2_26000_kyoto_2020-Q4.tif,viirs_26000_kyoto_2020-Q4.tif,2464.6267549716185
SOSX4,33000 Okayama,2021-Q2,Japan,2021,4247588558872.2593,123.5075473904579,Yes,No,High income,Yes,Yes,Yes,Yes,540.0,Moderate,Yes,Moderate,Low,Cfa,sentinel_2_33000_okayama_2021-Q2.tif,viirs_33000_okayama_2021-Q2.tif,1742.7710461529143
CJG8V,34000 Hiroshima,2019-Q1,Japan,2019,4070264756531.522,115.9781187205398,Yes,No,High income,Yes,Yes,Yes,Yes,680.0,Moderate,Yes,High,Low,Cfa,sentinel_2_34000_hiroshima_2019-Q1.tif,viirs_34000_hiroshima_2019-Q1.tif,1897.2235680813285
UI9KK,15000 Niigata,2023-Q2,Japan,2023,3993446887350.673,139.5056151606663,Yes,No,High income,Yes,Yes,Yes,Yes,250.0,Moderate,Yes,Low,Low,Cfa,sentinel_2_15000_niigata_2023-Q2.tif,viirs_15000_niigata_2023-Q2.tif,1614.742848293136
5AUD9,16000 Toyama,2020-Q4,Japan,2020,4069008481605.98,119.4024762808857,Yes,No,High income,Yes,Yes,Yes,Yes,260.0,Moderate,Yes,Moderate,Very Low,Cfa,sentinel_2_16000_toyama_2020-Q4.tif,viirs_16000_toyama_2020-Q4.tif,2285.3223291860795
A83RU,46000 Kagoshima,2024-Q1,Japan,2024,3928801383782.808,142.3299725681459,Yes,No,High income,Yes,Yes,Yes,Yes,970.0,High,Yes,High,Low,Cfa,sentinel_2_46000_kagoshima_2024-Q1.tif,viirs_46000_kagoshima_2024-Q1.tif,1843.1056860419264
LPU0D,08000 Ibaraki,2023-Q2,Japan,2023,3993446887350.673,139.5056151606663,Yes,No,High income,Yes,Yes,Yes,Yes,100.0,High,Yes,High,Low,Cfa,sentinel_2_08000_ibaraki_2023-Q2.tif,viirs_08000_ibaraki_2023-Q2.tif,1763.7108053345823
GA41I,38000 Ehime,2022-Q1,Japan,2022,3880440088794.578,130.2983261906564,Yes,No,High income,Yes,Yes,Yes,Yes,670.0,Moderate,Yes,High,Low,Cfa,sentinel_2_38000_ehime_2022-Q1.tif,viirs_38000_ehime_2022-Q1.tif,1613.5413061513357
Y8FV2,13000 Tokyo,2022-Q1,Japan,2022,3880440088794.578,130.2983261906564,Yes,No,High income,Yes,Yes,Yes,Yes,0.0,High,Yes,Moderate,Low,Cfa,sentinel_2_13000_tokyo_2022-Q1.tif,viirs_13000_tokyo_2022-Q1.tif,2624.085677180834
EHUDS,16000 Toyama,2024-Q4,Japan,2024,3928801383782.808,144.7279859179582,Yes,No,High income,Yes,Yes,Yes,Yes,260.0,Moderate,Yes,Low,Low,Cfa,sentinel_2_16000_toyama_2024-Q4.tif,viirs_16000_toyama_2024-Q4.tif,1645.459006645542
3AC6P,24000 Mie,2022-Q4,Japan,2022,3880440088794.578,136.4362131047677,Yes,No,High income,No,Yes,Yes,Yes,320.0,High,Yes,High,Low,Cfa,sentinel_2_24000_mie_2022-Q4.tif,viirs_24000_mie_2022-Q4.tif,1589.2617831957182
LVAK9,40000 Fukuoka,2019-Q2,Japan,2019,4070264756531.522,117.3681318135368,Yes,No,High income,Yes,Yes,Yes,Yes,880.0,Moderate,Yes,Moderate,Low,Cfa,sentinel_2_40000_fukuoka_2019-Q2.tif,viirs_40000_fukuoka_2019-Q2.tif,1697.63616933023
WI6FQ,08000 Ibaraki,2020-Q4,Japan,2020,4069008481605.98,119.4024762808857,Yes,No,High income,Yes,Yes,Yes,Yes,100.0,High,Yes,Moderate,Low,Cfa,sentinel_2_08000_ibaraki_2020-Q4.tif,viirs_08000_ibaraki_2020-Q4.tif,1759.8190721600183
81ACJ,22000 Shizuoka,2024-Q4,Japan,2024,3928801383782.808,144.7279859179582,Yes,No,High income,Yes,Yes,Yes,Yes,150.0,High,Yes,High,Low,Cfa,sentinel_2_22000_shizuoka_2024-Q4.tif,viirs_22000_shizuoka_2024-Q4.tif,1711.8012027036464
Q1XGB,46000 Kagoshima,2024-Q4,Japan,2024,3928801383782.808,144.7279859179582,Yes,No,High income,Yes,Yes,Yes,Yes,970.0,High,Yes,High,Low,Cfa,sentinel_2_46000_kagoshima_2024-Q4.tif,viirs_46000_kagoshima_2024-Q4.tif,1625.198629312012
P0LZJ,06000 Yamagata,2019-Q4,Japan,2019,4070264756531.522,117.9406160358257,Yes,Yes,High income,Yes,No,Yes,Yes,300.0,Moderate,Yes,Moderate,Low,Dfa,sentinel_2_06000_yamagata_2019-Q4.tif,viirs_06000_yamagata_2019-Q4.tif,1853.6133787937083
QB6GS,32000 Shimane,2019-Q3,Japan,2019,4070264756531.522,117.6899153350103,Yes,No,High income,Yes,Yes,Yes,Yes,650.0,Moderate,Yes,Moderate,Low,Cfa,sentinel_2_32000_shimane_2019-Q3.tif,viirs_32000_shimane_2019-Q3.tif,1893.121617830388
7ODKE,25000 Shiga,2022-Q1,Japan,2022,3880440088794.578,130.2983261906564,Yes,Yes,High income,No,No,Yes,Yes,340.0,Moderate,No,,Low,Cfa,sentinel_2_25000_shiga_2022-Q1.tif,viirs_25000_shiga_2022-Q1.tif,1796.1085037558537
5TB94,02000 Aomori,2022-Q4,Japan,2022,3880440088794.578,136.4362131047677,Yes,No,High income,Yes,Yes,Yes,Yes,575.0,Moderate,Yes,Low,Low,Dfa,sentinel_2_02000_aomori_2022-Q4.tif,viirs_02000_aomori_2022-Q4.tif,1450.6814456382642
F5GZP,42000 Nagasaki,2019-Q1,Japan,2019,4070264756531.522,115.9781187205398,Yes,No,High income,Yes,Yes,Yes,Yes,1200.0,Moderate,Yes,High,Low,Cfa,sentinel_2_42000_nagasaki_2019-Q1.tif,viirs_42000_nagasaki_2019-Q1.tif,1915.3299772406149
RLA8S,14000 Kanagawa,2023-Q4,Japan,2023,3993446887350.673,140.8613862067226,Yes,No,High income,Yes,Yes,Yes,Yes,30.0,High,Yes,High,Low,Cfa,sentinel_2_14000_kanagawa_2023-Q4.tif,viirs_14000_kanagawa_2023-Q4.tif,1730.0596129209669
DTBH5,19000 Yamanashi,2019-Q1,Japan,2019,4070264756531.522,115.9781187205398,Yes,Yes,High income,No,No,Yes,Yes,110.0,Moderate,No,Moderate,Low,Cfa,sentinel_2_19000_yamanashi_2019-Q1.tif,viirs_19000_yamanashi_2019-Q1.tif,1777.848720517475
HC36K,09000 Tochigi,2019-Q3,Japan,2019,4070264756531.522,117.6899153350103,Yes,Yes,High income,No,No,Yes,Yes,100.0,Moderate,Yes,Low,Low,Cfa,sentinel_2_09000_tochigi_2019-Q3.tif,viirs_09000_tochigi_2019-Q3.tif,1840.0767483417185
QVR1H,23000 Aichi,2024-Q1,Japan,2024,3928801383782.808,142.3299725681459,Yes,No,High income,Yes,Yes,Yes,Yes,260.0,High,Yes,Moderate,Low,Cfa,sentinel_2_23000_aichi_2024-Q1.tif,viirs_23000_aichi_2024-Q1.tif,1699.5843497295753
9XXAY,29000 Nara,2019-Q3,Japan,2019,4070264756531.522,117.6899153350103,Yes,Yes,High income,No,No,Yes,Yes,370.0,Moderate,Yes,Moderate,Low,Cfa,sentinel_2_29000_nara_2019-Q3.tif,viirs_29000_nara_2019-Q3.tif,1951.1933107860505
XUX1O,14000 Kanagawa,2021-Q3,Japan,2021,4247588558872.2593,125.4848727349994,Yes,No,High income,Yes,Yes,Yes,Yes,30.0,High,Yes,Moderate,Low,Cfa,sentinel_2_14000_kanagawa_2021-Q3.tif,viirs_14000_kanagawa_2021-Q3.tif,1826.659569388994
3FPOY,12000 Chiba,2019-Q3,Japan,2019,4070264756531.522,117.6899153350103,Yes,No,High income,Yes,Yes,Yes,Yes,37.5,High,Yes,High,Low,Cfa,sentinel_2_12000_chiba_2019-Q3.tif,viirs_12000_chiba_2019-Q3.tif,1824.1074254760176
ZF8S2,23000 Aichi,2020-Q4,Japan,2020,4069008481605.98,119.4024762808857,Yes,No,High income,Yes,Yes,Yes,Yes,260.0,High,Yes,High,Low,Cfa,sentinel_2_23000_aichi_2020-Q4.tif,viirs_23000_aichi_2020-Q4.tif,2116.7492603262585
4I3QK,03000 Iwate,2023-Q4,Japan,2023,3993446887350.673,140.8613862067226,Yes,No,High income,Yes,Yes,Yes,Yes,450.0,High,Yes,Low,Very Low,Dfa,sentinel_2_03000_iwate_2023-Q4.tif,viirs_03000_iwate_2023-Q4.tif,1663.0400265490182
3ZB4L,24000 Mie,2021-Q2,Japan,2021,4247588558872.2593,123.5075473904579,Yes,No,High income,Yes,Yes,Yes,Yes,320.0,High,Yes,High,Low,Cfa,sentinel_2_24000_mie_2021-Q2.tif,viirs_24000_mie_2021-Q2.tif,1897.2963736134
ECUBO,39000 Kochi,2024-Q1,Japan,2024,3928801383782.808,142.3299725681459,Yes,No,High income,Yes,Yes,Yes,Yes,625.0,High,Yes,High,Low,Cfa,sentinel_2_39000_kochi_2024-Q1.tif,viirs_39000_kochi_2024-Q1.tif,1695.9626521328294
WKSHY,30000 Wakayama,2021-Q1,Japan,2021,4247588558872.2593,120.6838014481023,Yes,No,High income,No,Yes,Yes,Yes,450.0,High,Yes,High,Low,Cfa,sentinel_2_30000_wakayama_2021-Q1.tif,viirs_30000_wakayama_2021-Q1.tif,1706.994656956885
WYX9T,21000 Gifu,2019-Q4,Japan,2019,4070264756531.522,117.9406160358257,Yes,Yes,High income,No,No,Yes,Yes,270.0,Moderate,Yes,Low,Low,Cfa,sentinel_2_21000_gifu_2019-Q4.tif,viirs_21000_gifu_2019-Q4.tif,1956.2359169606832
PRCJI,19000 Yamanashi,2023-Q3,Japan,2023,3993446887350.673,140.714328844415,Yes,Yes,High income,No,No,Yes,Yes,110.0,Moderate,No,Low,Low,Cfa,sentinel_2_19000_yamanashi_2023-Q3.tif,viirs_19000_yamanashi_2023-Q3.tif,1924.601501794888
9S3W5,40000 Fukuoka,2023-Q1,Japan,2023,3993446887350.673,137.8618440412342,Yes,No,High income,Yes,Yes,Yes,Yes,880.0,Moderate,Yes,High,Low,Cfa,sentinel_2_40000_fukuoka_2023-Q1.tif,viirs_40000_fukuoka_2023-Q1.tif,1612.498769742195
SPENG,21000 Gifu,2019-Q3,Japan,2019,4070264756531.522,117.6899153350103,Yes,Yes,High income,No,No,Yes,Yes,270.0,Moderate,Yes,Low,Low,Cfa,sentinel_2_21000_gifu_2019-Q3.tif,viirs_21000_gifu_2019-Q3.tif,2341.81133718417
QZFHO,34000 Hiroshima,2024-Q1,Japan,2024,3928801383782.808,142.3299725681459,Yes,No,High income,Yes,Yes,Yes,Yes,680.0,Moderate,Yes,Moderate,Low,Cfa,sentinel_2_34000_hiroshima_2024-Q1.tif,viirs_34000_hiroshima_2024-Q1.tif,1607.7791498457066
TLT4Q,47000 Okinawa,2019-Q4,Japan,2019,4070264756531.522,117.9406160358257,Yes,No,High income,Yes,Yes,Yes,No,1550.0,Moderate,Yes,High,Very Low,Cfa,sentinel_2_47000_okinawa_2019-Q4.tif,viirs_47000_okinawa_2019-Q4.tif,2144.440305190225
HJSHZ,29000 Nara,2020-Q4,Japan,2020,4069008481605.98,119.4024762808857,Yes,Yes,High income,No,No,Yes,Yes,370.0,Moderate,Yes,Low,Low,Cfa,sentinel_2_29000_nara_2020-Q4.tif,viirs_29000_nara_2020-Q4.tif,2073.215221878895
AITMO,40000 Fukuoka,2022-Q3,Japan,2022,3880440088794.578,135.9371046973515,Yes,No,High income,Yes,Yes,Yes,Yes,880.0,Moderate,Yes,Moderate,Low,Cfa,sentinel_2_40000_fukuoka_2022-Q3.tif,viirs_40000_fukuoka_2022-Q3.tif,1463.7320630253628
SXPNN,11000 Saitama,2024-Q2,Japan,2024,3928801383782.808,143.9682405014625,Yes,Yes,High income,No,No,Yes,Yes,22.5,Moderate,Yes,Moderate,Low,Cfa,sentinel_2_11000_saitama_2024-Q2.tif,viirs_11000_saitama_2024-Q2.tif,1564.067462405411
3ZKWD,21000 Gifu,2019-Q1,Japan,2019,4070264756531.522,115.9781187205398,Yes,Yes,High income,No,No,Yes,Yes,270.0,Moderate,Yes,Low,Low,Cfa,sentinel_2_21000_gifu_2019-Q1.tif,viirs_21000_gifu_2019-Q1.tif,1695.9327695887257
4IVSO,11000 Saitama,2019-Q1,Japan,2019,4070264756531.522,115.9781187205398,Yes,Yes,High income,No,No,Yes,Yes,22.5,Moderate,Yes,Low,Low,Cfa,sentinel_2_11000_saitama_2019-Q1.tif,viirs_11000_saitama_2019-Q1.tif,1653.8919218530432
ERYF0,45000 Miyazaki,2020-Q2,Japan,2020,4069008481605.98,117.7956988014519,Yes,No,High income,Yes,Yes,Yes,Yes,870.0,Moderate,Yes,High,Low,Cfa,sentinel_2_45000_miyazaki_2020-Q2.tif,viirs_45000_miyazaki_2020-Q2.tif,1658.7754122934427
WHWKM,31000 Tottori,2019-Q1,Japan,2019,4070264756531.522,115.9781187205398,Yes,No,High income,Yes,Yes,Yes,Yes,500.0,Moderate,Yes,Moderate,Low,Cfa,sentinel_2_31000_tottori_2019-Q1.tif,viirs_31000_tottori_2019-Q1.tif,2026.815658893143
FXQ7B,47000 Okinawa,2020-Q4,Japan,2020,4069008481605.98,119.4024762808857,Yes,No,High income,Yes,Yes,Yes,No,1550.0,Moderate,Yes,High,Very Low,Cfa,sentinel_2_47000_okinawa_2020-Q4.tif,viirs_47000_okinawa_2020-Q4.tif,2800.657407616001
G5G79,16000 Toyama,2020-Q2,Japan,2020,4069008481605.98,117.7956988014519,Yes,No,High income,Yes,Yes,Yes,Yes,260.0,Moderate,Yes,Moderate,Very Low,Cfa,sentinel_2_16000_toyama_2020-Q2.tif,viirs_16000_toyama_2020-Q2.tif,1957.9205176335709
YLU6K,44000 Oita,2022-Q4,Japan,2022,3880440088794.578,136.4362131047677,Yes,No,High income,Yes,Yes,Yes,Yes,770.0,Moderate,Yes,Moderate,Low,Cfa,sentinel_2_44000_oita_2022-Q4.tif,viirs_44000_oita_2022-Q4.tif,1681.7215827166476
DMT8V,26000 Kyoto,2022-Q2,Japan,2022,3880440088794.578,134.1731806810651,Yes,Yes,High income,No,No,Yes,Yes,370.0,Moderate,Yes,Moderate,Low,Cfa,sentinel_2_26000_kyoto_2022-Q2.tif,viirs_26000_kyoto_2022-Q2.tif,1967.5969170349997
CD0RL,32000 Shimane,2024-Q2,Japan,2024,3928801383782.808,143.9682405014625,Yes,No,High income,Yes,Yes,Yes,Yes,650.0,Moderate,Yes,Moderate,Low,Cfa,sentinel_2_32000_shimane_2024-Q2.tif,viirs_32000_shimane_2024-Q2.tif,3628.201593983225
SOZCT,23000 Aichi,2019-Q2,Japan,2019,4070264756531.522,117.3681318135368,Yes,No,High income,Yes,Yes,Yes,Yes,260.0,High,Yes,Moderate,Low,Cfa,sentinel_2_23000_aichi_2019-Q2.tif,viirs_23000_aichi_2019-Q2.tif,1918.959421680823
G8JDP,03000 Iwate,2024-Q4,Japan,2024,3928801383782.808,144.7279859179582,Yes,No,High income,Yes,Yes,Yes,Yes,450.0,High,Yes,Low,Low,Dfa,sentinel_2_03000_iwate_2024-Q4.tif,viirs_03000_iwate_2024-Q4.tif,1672.6332283714523
R6C2C,38000 Ehime,2023-Q4,Japan,2023,3993446887350.673,140.8613862067226,Yes,No,High income,Yes,Yes,Yes,Yes,670.0,Moderate,Yes,Moderate,Low,Cfa,sentinel_2_38000_ehime_2023-Q4.tif,viirs_38000_ehime_2023-Q4.tif,1362.8165685206627
V7LN2,11000 Saitama,2023-Q4,Japan,2023,3993446887350.673,140.8613862067226,Yes,Yes,High income,No,No,Yes,Yes,22.5,Moderate,Yes,Low,Low,Cfa,sentinel_2_11000_saitama_2023-Q4.tif,viirs_11000_saitama_2023-Q4.tif,1618.8858724260415
9CHJ7,03000 Iwate,2019-Q4,Japan,2019,4070264756531.522,117.9406160358257,Yes,No,High income,Yes,Yes,Yes,Yes,450.0,High,Yes,Low,Low,Dfa,sentinel_2_03000_iwate_2019-Q4.tif,viirs_03000_iwate_2019-Q4.tif,1762.368237249475
ODRO8,09000 Tochigi,2020-Q3,Japan,2020,4069008481605.98,119.1285399053605,Yes,Yes,High income,No,No,Yes,Yes,100.0,Moderate,Yes,Moderate,Low,Cfa,sentinel_2_09000_tochigi_2020-Q3.tif,viirs_09000_tochigi_2020-Q3.tif,2183.945300562928
8HMBR,14000 Kanagawa,2024-Q1,Japan,2024,3928801383782.808,142.3299725681459,Yes,No,High income,Yes,Yes,Yes,Yes,30.0,High,Yes,Moderate,Low,Cfa,sentinel_2_14000_kanagawa_2024-Q1.tif,viirs_14000_kanagawa_2024-Q1.tif,1929.1056715650789
983EP,26000 Kyoto,2023-Q3,Japan,2023,3993446887350.673,140.714328844415,Yes,Yes,High income,No,No,Yes,Yes,370.0,Moderate,No,Moderate,Low,Cfa,sentinel_2_26000_kyoto_2023-Q3.tif,viirs_26000_kyoto_2023-Q3.tif,1904.4366125659667
YBD2Q,22000 Shizuoka,2019-Q4,Japan,2019,4070264756531.522,117.9406160358257,Yes,No,High income,Yes,Yes,Yes,Yes,150.0,High,Yes,Moderate,Low,Cfa,sentinel_2_22000_shizuoka_2019-Q4.tif,viirs_22000_shizuoka_2019-Q4.tif,2010.7028742381056
V2GQU,42000 Nagasaki,2021-Q2,Japan,2021,4247588558872.2593,123.5075473904579,Yes,No,High income,Yes,Yes,Yes,Yes,1200.0,Moderate,Yes,High,Low,Cfa,sentinel_2_42000_nagasaki_2021-Q2.tif,viirs_42000_nagasaki_2021-Q2.tif,1977.580129862948
7DYPM,40000 Fukuoka,2019-Q1,Japan,2019,4070264756531.522,115.9781187205398,Yes,No,High income,Yes,Yes,Yes,Yes,880.0,Moderate,Yes,Moderate,Low,Cfa,sentinel_2_40000_fukuoka_2019-Q1.tif,viirs_40000_fukuoka_2019-Q1.tif,1811.457015933995
JUIIY,41000 Saga,2020-Q1,Japan,2020,4069008481605.98,118.4352913210933,Yes,No,High income,Yes,Yes,Yes,Yes,900.0,Moderate,Yes,Moderate,Low,Cfa,sentinel_2_41000_saga_2020-Q1.tif,viirs_41000_saga_2020-Q1.tif,2223.629255345578
6DDFG,18000 Fukui,2023-Q3,Japan,2023,3993446887350.673,140.714328844415,Yes,No,High income,No,Yes,Yes,Yes,320.0,Moderate,Yes,Moderate,Low,Cfa,sentinel_2_18000_fukui_2023-Q3.tif,viirs_18000_fukui_2023-Q3.tif,1918.872076159183
G8Y72,25000 Shiga,2022-Q3,Japan,2022,3880440088794.578,135.9371046973515,Yes,Yes,High income,No,No,Yes,Yes,340.0,Moderate,No,,Low,Cfa,sentinel_2_25000_shiga_2022-Q3.tif,viirs_25000_shiga_2022-Q3.tif,1523.00289289647
VG5VM,27000 Osaka,2022-Q2,Japan,2022,3880440088794.578,134.1731806810651,Yes,No,High income,Yes,Yes,Yes,Yes,400.0,High,Yes,Moderate,Low,Cfa,sentinel_2_27000_osaka_2022-Q2.tif,viirs_27000_osaka_2022-Q2.tif,1731.474980916165
OLNNT,44000 Oita,2024-Q1,Japan,2024,3928801383782.808,142.3299725681459,Yes,No,High income,Yes,Yes,Yes,Yes,770.0,Moderate,No,Moderate,Very Low,Cfa,sentinel_2_44000_oita_2024-Q1.tif,viirs_44000_oita_2024-Q1.tif,1687.9191556967771
XLUL6,43000 Kumamoto,2022-Q3,Japan,2022,3880440088794.578,135.9371046973515,Yes,No,High income,Yes,Yes,Yes,Yes,900.0,High,Yes,Moderate,Low,Cfa,sentinel_2_43000_kumamoto_2022-Q3.tif,viirs_43000_kumamoto_2022-Q3.tif,1402.0476722110948
CSK30,17000 Ishikawa,2022-Q3,Japan,2022,3880440088794.578,135.9371046973515,Yes,No,High income,Yes,Yes,Yes,Yes,270.0,Moderate,Yes,Low,Low,Cfa,sentinel_2_17000_ishikawa_2022-Q3.tif,viirs_17000_ishikawa_2022-Q3.tif,1441.1101422733416
NZRF5,45000 Miyazaki,2024-Q3,Japan,2024,3928801383782.808,144.403145070865,Yes,No,High income,Yes,Yes,Yes,Yes,870.0,Moderate,Yes,High,Low,Cfa,sentinel_2_45000_miyazaki_2024-Q3.tif,viirs_45000_miyazaki_2024-Q3.tif,1811.997245302655
7YT2M,20000 Nagano,2020-Q3,Japan,2020,4069008481605.98,119.1285399053605,Yes,Yes,High income,Yes,No,Yes,Yes,180.0,Moderate,Yes,Low,Very Low,Dfa,sentinel_2_20000_nagano_2020-Q3.tif,viirs_20000_nagano_2020-Q3.tif,2419.900569479545
CFI4O,19000 Yamanashi,2020-Q1,Japan,2020,4069008481605.98,118.4352913210933,Yes,Yes,High income,No,No,Yes,Yes,110.0,Moderate,No,Low,Very Low,Cfa,sentinel_2_19000_yamanashi_2020-Q1.tif,viirs_19000_yamanashi_2020-Q1.tif,2257.7087441187537
YV37D,09000 Tochigi,2019-Q1,Japan,2019,4070264756531.522,115.9781187205398,Yes,Yes,High income,No,No,Yes,Yes,100.0,Moderate,Yes,Low,Low,Cfa,sentinel_2_09000_tochigi_2019-Q1.tif,viirs_09000_tochigi_2019-Q1.tif,1523.7848109381555
M25LE,13000 Tokyo,2020-Q1,Japan,2020,4069008481605.98,118.4352913210933,Yes,No,High income,Yes,Yes,Yes,Yes,0.0,High,Yes,Moderate,Low,Cfa,sentinel_2_13000_tokyo_2020-Q1.tif,viirs_13000_tokyo_2020-Q1.tif,2847.167816325447
M6MG8,28000 Hyogo,2024-Q3,Japan,2024,3928801383782.808,144.403145070865,Yes,No,High income,Yes,Yes,Yes,Yes,430.0,High,Yes,Moderate,Low,Cfa,sentinel_2_28000_hyogo_2024-Q3.tif,viirs_28000_hyogo_2024-Q3.tif,1754.390633208756
3B9SO,41000 Saga,2022-Q2,Japan,2022,3880440088794.578,134.1731806810651,Yes,No,High income,Yes,Yes,Yes,Yes,900.0,Moderate,Yes,Moderate,Low,Cfa,sentinel_2_41000_saga_2022-Q2.tif,viirs_41000_saga_2022-Q2.tif,2050.463184496027
L0UKE,06000 Yamagata,2024-Q2,Japan,2024,3928801383782.808,143.9682405014625,Yes,Yes,High income,Yes,No,Yes,Yes,300.0,Moderate,Yes,Low,Low,Dfa,sentinel_2_06000_yamagata_2024-Q2.tif,viirs_06000_yamagata_2024-Q2.tif,1549.6839594369046
HSAHX,01000 Hokkaido,2019-Q3,Japan,2019,4070264756531.522,117.6899153350103,Yes,No,High income,Yes,Yes,Yes,Yes,830.0,High,Yes,Low,Very Low,Dfb,sentinel_2_01000_hokkaido_2019-Q3.tif,viirs_01000_hokkaido_2019-Q3.tif,1926.6113232182192
RMHRC,33000 Okayama,2022-Q1,Japan,2022,3880440088794.578,130.2983261906564,Yes,No,High income,Yes,Yes,Yes,Yes,540.0,Moderate,Yes,Low,Very Low,Cfa,sentinel_2_33000_okayama_2022-Q1.tif,viirs_33000_okayama_2022-Q1.tif,1684.0026779636664
BELRQ,15000 Niigata,2019-Q4,Japan,2019,4070264756531.522,117.9406160358257,Yes,No,High income,Yes,Yes,Yes,Yes,250.0,Moderate,Yes,Moderate,Low,Cfa,sentinel_2_15000_niigata_2019-Q4.tif,viirs_15000_niigata_2019-Q4.tif,1699.3587289822233
V5G10,18000 Fukui,2019-Q1,Japan,2019,4070264756531.522,115.9781187205398,Yes,No,High income,No,Yes,Yes,Yes,320.0,Moderate,Yes,Low,Low,Cfa,sentinel_2_18000_fukui_2019-Q1.tif,viirs_18000_fukui_2019-Q1.tif,1887.518395833231
ENF31,12000 Chiba,2019-Q2,Japan,2019,4070264756531.522,117.3681318135368,Yes,No,High income,Yes,Yes,Yes,Yes,37.5,High,Yes,High,Low,Cfa,sentinel_2_12000_chiba_2019-Q2.tif,viirs_12000_chiba_2019-Q2.tif,1820.2516902254688
OS6ZL,16000 Toyama,2023-Q1,Japan,2023,3993446887350.673,137.8618440412342,Yes,No,High income,Yes,Yes,Yes,Yes,260.0,Moderate,Yes,Low,Low,Cfa,sentinel_2_16000_toyama_2023-Q1.tif,viirs_16000_toyama_2023-Q1.tif,1339.508870726111
P767J,41000 Saga,2019-Q3,Japan,2019,4070264756531.522,117.6899153350103,Yes,No,High income,Yes,Yes,Yes,Yes,900.0,Moderate,Yes,Moderate,Low,Cfa,sentinel_2_41000_saga_2019-Q3.tif,viirs_41000_saga_2019-Q3.tif,1524.5381964961457
4M18O,19000 Yamanashi,2020-Q4,Japan,2020,4069008481605.98,119.4024762808857,Yes,Yes,High income,No,No,Yes,Yes,110.0,Moderate,No,Low,Very Low,Cfa,sentinel_2_19000_yamanashi_2020-Q4.tif,viirs_19000_yamanashi_2020-Q4.tif,2004.3585570089567
EJX5T,12000 Chiba,2020-Q4,Japan,2020,4069008481605.98,119.4024762808857,Yes,No,High income,Yes,Yes,Yes,Yes,37.5,High,Yes,High,Low,Cfa,sentinel_2_12000_chiba_2020-Q4.tif,viirs_12000_chiba_2020-Q4.tif,2198.112740862093
X4W6X,08000 Ibaraki,2023-Q1,Japan,2023,3993446887350.673,137.8618440412342,Yes,No,High income,Yes,Yes,Yes,Yes,100.0,High,Yes,High,Low,Cfa,sentinel_2_08000_ibaraki_2023-Q1.tif,viirs_08000_ibaraki_2023-Q1.tif,1406.3992853374991
V1XG1,11000 Saitama,2020-Q1,Japan,2020,4069008481605.98,118.4352913210933,Yes,Yes,High income,No,No,Yes,Yes,22.5,Moderate,Yes,Moderate,Low,Cfa,sentinel_2_11000_saitama_2020-Q1.tif,viirs_11000_saitama_2020-Q1.tif,1927.5929675655284
BYGHG,24000 Mie,2023-Q3,Japan,2023,3993446887350.673,140.714328844415,Yes,No,High income,Yes,Yes,Yes,Yes,320.0,High,Yes,High,Low,Cfa,sentinel_2_24000_mie_2023-Q3.tif,viirs_24000_mie_2023-Q3.tif,1612.67732714888
O091C,41000 Saga,2021-Q1,Japan,2021,4247588558872.2593,120.6838014481023,Yes,No,High income,Yes,Yes,Yes,Yes,900.0,Moderate,Yes,Moderate,Low,Cfa,sentinel_2_41000_saga_2021-Q1.tif,viirs_41000_saga_2021-Q1.tif,2044.07486966033
EGQTO,19000 Yamanashi,2022-Q2,Japan,2022,3880440088794.578,134.1731806810651,Yes,Yes,High income,No,No,Yes,Yes,110.0,Moderate,No,Low,Low,Cfa,sentinel_2_19000_yamanashi_2022-Q2.tif,viirs_19000_yamanashi_2022-Q2.tif,1727.9494383831066
TGSQ7,40000 Fukuoka,2022-Q2,Japan,2022,3880440088794.578,134.1731806810651,Yes,No,High income,Yes,Yes,Yes,Yes,880.0,Moderate,Yes,Moderate,Low,Cfa,sentinel_2_40000_fukuoka_2022-Q2.tif,viirs_40000_fukuoka_2022-Q2.tif,1618.7070646712918
WJLSH,23000 Aichi,2019-Q3,Japan,2019,4070264756531.522,117.6899153350103,Yes,No,High income,Yes,Yes,Yes,Yes,260.0,High,Yes,Moderate,Low,Cfa,sentinel_2_23000_aichi_2019-Q3.tif,viirs_23000_aichi_2019-Q3.tif,1825.2109074628167
N9DL5,40000 Fukuoka,2022-Q1,Japan,2022,3880440088794.578,130.2983261906564,Yes,No,High income,Yes,Yes,Yes,Yes,880.0,Moderate,Yes,Moderate,Low,Cfa,sentinel_2_40000_fukuoka_2022-Q1.tif,viirs_40000_fukuoka_2022-Q1.tif,1680.3601296268546
T43PT,26000 Kyoto,2022-Q3,Japan,2022,3880440088794.578,135.9371046973515,Yes,Yes,High income,No,No,Yes,Yes,370.0,Moderate,Yes,Moderate,Low,Cfa,sentinel_2_26000_kyoto_2022-Q3.tif,viirs_26000_kyoto_2022-Q3.tif,1930.1841795797825
UHFJ7,18000 Fukui,2020-Q4,Japan,2020,4069008481605.98,119.4024762808857,Yes,No,High income,No,Yes,Yes,Yes,320.0,Moderate,Yes,Low,Low,Cfa,sentinel_2_18000_fukui_2020-Q4.tif,viirs_18000_fukui_2020-Q4.tif,2215.3038293674567
J6FP8,12000 Chiba,2021-Q2,Japan,2021,4247588558872.2593,123.5075473904579,Yes,No,High income,Yes,Yes,Yes,Yes,37.5,High,Yes,High,Low,Cfa,sentinel_2_12000_chiba_2021-Q2.tif,viirs_12000_chiba_2021-Q2.tif,1820.4800517491096
0N8TT,32000 Shimane,2022-Q4,Japan,2022,3880440088794.578,136.4362131047677,Yes,No,High income,Yes,Yes,Yes,Yes,650.0,Moderate,Yes,Moderate,Low,Cfa,sentinel_2_32000_shimane_2022-Q4.tif,viirs_32000_shimane_2022-Q4.tif,1645.577918016277
SQT26,11000 Saitama,2021-Q3,Japan,2021,4247588558872.2593,125.4848727349994,Yes,Yes,High income,No,No,Yes,Yes,22.5,Moderate,Yes,Low,Low,Cfa,sentinel_2_11000_saitama_2021-Q3.tif,viirs_11000_saitama_2021-Q3.tif,1804.4382758400625
JSRD9,18000 Fukui,2020-Q2,Japan,2020,4069008481605.98,117.7956988014519,Yes,No,High income,No,Yes,Yes,Yes,320.0,Moderate,Yes,Low,Low,Cfa,sentinel_2_18000_fukui_2020-Q2.tif,viirs_18000_fukui_2020-Q2.tif,1786.2850225781672
2SEHE,13000 Tokyo,2024-Q3,Japan,2024,3928801383782.808,144.403145070865,Yes,No,High income,Yes,Yes,Yes,Yes,0.0,High,Yes,Moderate,Low,Cfa,sentinel_2_13000_tokyo_2024-Q3.tif,viirs_13000_tokyo_2024-Q3.tif,2692.795334319999
DZX5Q,25000 Shiga,2024-Q1,Japan,2024,3928801383782.808,142.3299725681459,Yes,Yes,High income,No,No,Yes,Yes,340.0,Moderate,Yes,Moderate,Low,Cfa,sentinel_2_25000_shiga_2024-Q1.tif,viirs_25000_shiga_2024-Q1.tif,2280.482138425658
95RLR,25000 Shiga,2020-Q4,Japan,2020,4069008481605.98,119.4024762808857,Yes,Yes,High income,No,No,Yes,Yes,340.0,Moderate,Yes,Low,Low,Cfa,sentinel_2_25000_shiga_2020-Q4.tif,viirs_25000_shiga_2020-Q4.tif,2138.145391212857
9A3Y3,18000 Fukui,2023-Q2,Japan,2023,3993446887350.673,139.5056151606663,Yes,No,High income,No,Yes,Yes,Yes,320.0,Moderate,Yes,Moderate,Low,Cfa,sentinel_2_18000_fukui_2023-Q2.tif,viirs_18000_fukui_2023-Q2.tif,1643.871980898154
E3CUP,24000 Mie,2019-Q4,Japan,2019,4070264756531.522,117.9406160358257,Yes,No,High income,No,Yes,Yes,Yes,320.0,High,Yes,High,Low,Cfa,sentinel_2_24000_mie_2019-Q4.tif,viirs_24000_mie_2019-Q4.tif,1866.541399479532
NBH6N,33000 Okayama,2022-Q2,Japan,2022,3880440088794.578,134.1731806810651,Yes,No,High income,Yes,Yes,Yes,Yes,540.0,Moderate,Yes,Low,Very Low,Cfa,sentinel_2_33000_okayama_2022-Q2.tif,viirs_33000_okayama_2022-Q2.tif,1476.5366973769476
1POXR,32000 Shimane,2022-Q1,Japan,2022,3880440088794.578,130.2983261906564,Yes,No,High income,Yes,Yes,Yes,Yes,650.0,Moderate,Yes,Moderate,Low,Cfa,sentinel_2_32000_shimane_2022-Q1.tif,viirs_32000_shimane_2022-Q1.tif,1985.3146178404468
XRGN7,44000 Oita,2024-Q2,Japan,2024,3928801383782.808,143.9682405014625,Yes,No,High income,Yes,Yes,Yes,Yes,770.0,Moderate,No,Moderate,Very Low,Cfa,sentinel_2_44000_oita_2024-Q2.tif,viirs_44000_oita_2024-Q2.tif,1673.5785263625369
KOTCK,24000 Mie,2024-Q1,Japan,2024,3928801383782.808,142.3299725681459,Yes,No,High income,No,Yes,Yes,Yes,320.0,High,Yes,High,Low,Cfa,sentinel_2_24000_mie_2024-Q1.tif,viirs_24000_mie_2024-Q1.tif,1581.196790147702
4UNY1,22000 Shizuoka,2024-Q3,Japan,2024,3928801383782.808,144.403145070865,Yes,No,High income,Yes,Yes,Yes,Yes,150.0,High,Yes,High,Low,Cfa,sentinel_2_22000_shizuoka_2024-Q3.tif,viirs_22000_shizuoka_2024-Q3.tif,1847.8121499034496
R6K2V,08000 Ibaraki,2022-Q3,Japan,2022,3880440088794.578,135.9371046973515,Yes,No,High income,Yes,Yes,Yes,Yes,100.0,High,Yes,Moderate,Low,Cfa,sentinel_2_08000_ibaraki_2022-Q3.tif,viirs_08000_ibaraki_2022-Q3.tif,1434.7083528040112
5BCW7,08000 Ibaraki,2019-Q3,Japan,2019,4070264756531.522,117.6899153350103,Yes,No,High income,Yes,Yes,Yes,Yes,100.0,High,Yes,High,Low,Cfa,sentinel_2_08000_ibaraki_2019-Q3.tif,viirs_08000_ibaraki_2019-Q3.tif,1665.570374708905
VSIGB,35000 Yamaguchi,2019-Q4,Japan,2019,4070264756531.522,117.9406160358257,Yes,No,High income,Yes,Yes,Yes,Yes,800.0,Moderate,Yes,Moderate,Low,Cfa,sentinel_2_35000_yamaguchi_2019-Q4.tif,viirs_35000_yamaguchi_2019-Q4.tif,1903.878088513839
U6VK0,39000 Kochi,2022-Q2,Japan,2022,3880440088794.578,134.1731806810651,Yes,No,High income,Yes,Yes,Yes,Yes,625.0,High,Yes,High,Low,Cfa,sentinel_2_39000_kochi_2022-Q2.tif,viirs_39000_kochi_2022-Q2.tif,1484.2942408396948
D44K1,12000 Chiba,2021-Q1,Japan,2021,4247588558872.2593,120.6838014481023,Yes,No,High income,Yes,Yes,Yes,Yes,37.5,High,Yes,High,Low,Cfa,sentinel_2_12000_chiba_2021-Q1.tif,viirs_12000_chiba_2021-Q1.tif,1975.098590938227
3HN14,40000 Fukuoka,2019-Q4,Japan,2019,4070264756531.522,117.9406160358257,Yes,No,High income,Yes,Yes,Yes,Yes,880.0,Moderate,Yes,Moderate,Low,Cfa,sentinel_2_40000_fukuoka_2019-Q4.tif,viirs_40000_fukuoka_2019-Q4.tif,1889.368557711168
U1G46,16000 Toyama,2021-Q4,Japan,2021,4247588558872.2593,127.389433729792,Yes,No,High income,Yes,Yes,Yes,Yes,260.0,Moderate,Yes,Moderate,Low,Cfa,sentinel_2_16000_toyama_2021-Q4.tif,viirs_16000_toyama_2021-Q4.tif,1575.0172643293322
UHXID,10000 Gunma,2020-Q3,Japan,2020,4069008481605.98,119.1285399053605,Yes,Yes,High income,No,No,Yes,Yes,100.0,High,No,Moderate,Low,Cfa,sentinel_2_10000_gunma_2020-Q3.tif,viirs_10000_gunma_2020-Q3.tif,1862.1685271999493
7HEZ7,25000 Shiga,2021-Q2,Japan,2021,4247588558872.2593,123.5075473904579,Yes,Yes,High income,No,No,Yes,Yes,340.0,Moderate,Yes,Moderate,Low,Cfa,sentinel_2_25000_shiga_2021-Q2.tif,viirs_25000_shiga_2021-Q2.tif,1735.7818346726388
YLNFX,34000 Hiroshima,2022-Q4,Japan,2022,3880440088794.578,136.4362131047677,Yes,No,High income,Yes,Yes,Yes,Yes,680.0,Moderate,No,Moderate,Low,Cfa,sentinel_2_34000_hiroshima_2022-Q4.tif,viirs_34000_hiroshima_2022-Q4.tif,1548.4506060276178
0WFOY,22000 Shizuoka,2022-Q3,Japan,2022,3880440088794.578,135.9371046973515,Yes,No,High income,Yes,Yes,Yes,Yes,150.0,High,Yes,Moderate,Low,Cfa,sentinel_2_22000_shizuoka_2022-Q3.tif,viirs_22000_shizuoka_2022-Q3.tif,1397.4026448291752
P501N,14000 Kanagawa,2024-Q3,Japan,2024,3928801383782.808,144.403145070865,Yes,No,High income,Yes,Yes,Yes,Yes,30.0,High,Yes,Moderate,Low,Cfa,sentinel_2_14000_kanagawa_2024-Q3.tif,viirs_14000_kanagawa_2024-Q3.tif,2228.286244681789
O6QJI,01000 Hokkaido,2022-Q4,Japan,2022,3880440088794.578,136.4362131047677,Yes,No,High income,Yes,Yes,Yes,Yes,830.0,High,Yes,Low,Very Low,Dfb,sentinel_2_01000_hokkaido_2022-Q4.tif,viirs_01000_hokkaido_2022-Q4.tif,1550.3106318736277
8NBIQ,30000 Wakayama,2021-Q2,Japan,2021,4247588558872.2593,123.5075473904579,Yes,No,High income,No,Yes,Yes,Yes,450.0,High,Yes,High,Low,Cfa,sentinel_2_30000_wakayama_2021-Q2.tif,viirs_30000_wakayama_2021-Q2.tif,1841.075998783925
ONJPI,37000 Kagawa,2021-Q3,Japan,2021,4247588558872.2593,125.4848727349994,Yes,No,High income,Yes,Yes,Yes,Yes,540.0,Moderate,No,Moderate,Low,Cfa,sentinel_2_37000_kagawa_2021-Q3.tif,viirs_37000_kagawa_2021-Q3.tif,1884.6945917427377
EB875,40000 Fukuoka,2020-Q1,Japan,2020,4069008481605.98,118.4352913210933,Yes,No,High income,Yes,Yes,Yes,Yes,880.0,Moderate,Yes,Moderate,Low,Cfa,sentinel_2_40000_fukuoka_2020-Q1.tif,viirs_40000_fukuoka_2020-Q1.tif,1823.2130614157293
YO18P,20000 Nagano,2021-Q2,Japan,2021,4247588558872.2593,123.5075473904579,Yes,Yes,High income,Yes,No,Yes,Yes,180.0,Moderate,No,Low,Very Low,Dfa,sentinel_2_20000_nagano_2021-Q2.tif,viirs_20000_nagano_2021-Q2.tif,1929.06608711857
BNP84,09000 Tochigi,2020-Q4,Japan,2020,4069008481605.98,119.4024762808857,Yes,Yes,High income,No,No,Yes,Yes,100.0,Moderate,Yes,Moderate,Low,Cfa,sentinel_2_09000_tochigi_2020-Q4.tif,viirs_09000_tochigi_2020-Q4.tif,2296.263728267701
9Q2L4,37000 Kagawa,2023-Q2,Japan,2023,3993446887350.673,139.5056151606663,Yes,No,High income,Yes,Yes,Yes,Yes,540.0,Moderate,No,Moderate,Low,Cfa,sentinel_2_37000_kagawa_2023-Q2.tif,viirs_37000_kagawa_2023-Q2.tif,2019.69295313534
7D2KD,32000 Shimane,2021-Q4,Japan,2021,4247588558872.2593,127.389433729792,Yes,No,High income,Yes,Yes,Yes,Yes,650.0,Moderate,Yes,Moderate,Very Low,Cfa,sentinel_2_32000_shimane_2021-Q4.tif,viirs_32000_shimane_2021-Q4.tif,1665.857884293459
9UZFK,02000 Aomori,2023-Q4,Japan,2023,3993446887350.673,140.8613862067226,Yes,No,High income,Yes,Yes,Yes,Yes,575.0,Moderate,No,Low,Low,Dfa,sentinel_2_02000_aomori_2023-Q4.tif,viirs_02000_aomori_2023-Q4.tif,1845.6216790323208
HQMAB,12000 Chiba,2021-Q3,Japan,2021,4247588558872.2593,125.4848727349994,Yes,No,High income,Yes,Yes,Yes,Yes,37.5,High,Yes,High,Low,Cfa,sentinel_2_12000_chiba_2021-Q3.tif,viirs_12000_chiba_2021-Q3.tif,1877.921045155936
8W2MA,47000 Okinawa,2024-Q1,Japan,2024,3928801383782.808,142.3299725681459,Yes,No,High income,Yes,Yes,Yes,No,1550.0,Moderate,Yes,High,Low,Cfa,sentinel_2_47000_okinawa_2024-Q1.tif,viirs_47000_okinawa_2024-Q1.tif,1921.814160706133
XEQBN,05000 Akita,2020-Q2,Japan,2020,4069008481605.98,117.7956988014519,Yes,No,High income,Yes,Yes,Yes,Yes,450.0,Moderate,Yes,Low,Very Low,Dfa,sentinel_2_05000_akita_2020-Q2.tif,viirs_05000_akita_2020-Q2.tif,1563.2593049476393
4XSZJ,38000 Ehime,2023-Q2,Japan,2023,3993446887350.673,139.5056151606663,Yes,No,High income,Yes,Yes,Yes,Yes,670.0,Moderate,Yes,Moderate,Low,Cfa,sentinel_2_38000_ehime_2023-Q2.tif,viirs_38000_ehime_2023-Q2.tif,1567.3521970976485
TEO2T,32000 Shimane,2022-Q2,Japan,2022,3880440088794.578,134.1731806810651,Yes,No,High income,Yes,Yes,Yes,Yes,650.0,Moderate,Yes,Moderate,Low,Cfa,sentinel_2_32000_shimane_2022-Q2.tif,viirs_32000_shimane_2022-Q2.tif,1580.045362211927
EUSWR,42000 Nagasaki,2023-Q1,Japan,2023,3993446887350.673,137.8618440412342,Yes,No,High income,Yes,Yes,Yes,Yes,1200.0,Moderate,Yes,High,Low,Cfa,sentinel_2_42000_nagasaki_2023-Q1.tif,viirs_42000_nagasaki_2023-Q1.tif,1644.001319881277
1GV0E,05000 Akita,2021-Q4,Japan,2021,4247588558872.2593,127.389433729792,Yes,No,High income,Yes,Yes,Yes,Yes,450.0,Moderate,Yes,Low,Very Low,Dfa,sentinel_2_05000_akita_2021-Q4.tif,viirs_05000_akita_2021-Q4.tif,1588.0446331630558
GU0EN,30000 Wakayama,2023-Q4,Japan,2023,3993446887350.673,140.8613862067226,Yes,No,High income,Yes,Yes,Yes,Yes,450.0,High,Yes,High,Low,Cfa,sentinel_2_30000_wakayama_2023-Q4.tif,viirs_30000_wakayama_2023-Q4.tif,1447.7852897274934
J49YD,21000 Gifu,2023-Q2,Japan,2023,3993446887350.673,139.5056151606663,Yes,Yes,High income,No,No,Yes,Yes,270.0,Moderate,Yes,Moderate,Low,Cfa,sentinel_2_21000_gifu_2023-Q2.tif,viirs_21000_gifu_2023-Q2.tif,1535.574823242409
2O04K,43000 Kumamoto,2019-Q2,Japan,2019,4070264756531.522,117.3681318135368,Yes,No,High income,Yes,Yes,Yes,Yes,900.0,High,Yes,Moderate,Very Low,Cfa,sentinel_2_43000_kumamoto_2019-Q2.tif,viirs_43000_kumamoto_2019-Q2.tif,1872.0457024676448
4SN6S,33000 Okayama,2023-Q2,Japan,2023,3993446887350.673,139.5056151606663,Yes,No,High income,Yes,Yes,Yes,Yes,540.0,Moderate,Yes,Low,Low,Cfa,sentinel_2_33000_okayama_2023-Q2.tif,viirs_33000_okayama_2023-Q2.tif,1831.5930620746008
9P9W4,26000 Kyoto,2023-Q4,Japan,2023,3993446887350.673,140.8613862067226,Yes,Yes,High income,No,No,Yes,Yes,370.0,Moderate,No,Moderate,Low,Cfa,sentinel_2_26000_kyoto_2023-Q4.tif,viirs_26000_kyoto_2023-Q4.tif,2010.6994133751864
0LVSN,04000 Miyagi,2019-Q1,Japan,2019,4070264756531.522,115.9781187205398,Yes,No,High income,Yes,Yes,Yes,Yes,300.0,High,Yes,Moderate,Low,Cfa,sentinel_2_04000_miyagi_2019-Q1.tif,viirs_04000_miyagi_2019-Q1.tif,1653.7514701204425
QQB9L,33000 Okayama,2022-Q3,Japan,2022,3880440088794.578,135.9371046973515,Yes,No,High income,Yes,Yes,Yes,Yes,540.0,Moderate,Yes,Low,Very Low,Cfa,sentinel_2_33000_okayama_2022-Q3.tif,viirs_33000_okayama_2022-Q3.tif,1503.6031643912854
EEKGY,21000 Gifu,2019-Q2,Japan,2019,4070264756531.522,117.3681318135368,Yes,Yes,High income,No,No,Yes,Yes,270.0,Moderate,Yes,Low,Low,Cfa,sentinel_2_21000_gifu_2019-Q2.tif,viirs_21000_gifu_2019-Q2.tif,1650.0139784315486
GRF1H,46000 Kagoshima,2022-Q3,Japan,2022,3880440088794.578,135.9371046973515,Yes,No,High income,Yes,Yes,Yes,Yes,970.0,High,Yes,High,Low,Cfa,sentinel_2_46000_kagoshima_2022-Q3.tif,viirs_46000_kagoshima_2022-Q3.tif,1373.4090993735244
MUURM,22000 Shizuoka,2019-Q3,Japan,2019,4070264756531.522,117.6899153350103,Yes,No,High income,Yes,Yes,Yes,Yes,150.0,High,Yes,Moderate,Low,Cfa,sentinel_2_22000_shizuoka_2019-Q3.tif,viirs_22000_shizuoka_2019-Q3.tif,1855.871898521591
SLAYM,42000 Nagasaki,2024-Q2,Japan,2024,3928801383782.808,143.9682405014625,Yes,No,High income,Yes,Yes,Yes,Yes,1200.0,Moderate,Yes,Moderate,Low,Cfa,sentinel_2_42000_nagasaki_2024-Q2.tif,viirs_42000_nagasaki_2024-Q2.tif,1607.2988924878298
VLS9M,42000 Nagasaki,2022-Q4,Japan,2022,3880440088794.578,136.4362131047677,Yes,No,High income,Yes,Yes,Yes,Yes,1200.0,Moderate,Yes,Moderate,Low,Cfa,sentinel_2_42000_nagasaki_2022-Q4.tif,viirs_42000_nagasaki_2022-Q4.tif,1621.2900500743362
2ATN2,13000 Tokyo,2024-Q4,Japan,2024,3928801383782.808,144.7279859179582,Yes,No,High income,Yes,Yes,Yes,Yes,0.0,High,Yes,Moderate,Low,Cfa,sentinel_2_13000_tokyo_2024-Q4.tif,viirs_13000_tokyo_2024-Q4.tif,2522.261797416693
GDC5T,36000 Tokushima,2024-Q2,Japan,2024,3928801383782.808,143.9682405014625,Yes,No,High income,Yes,Yes,Yes,Yes,500.0,High,Yes,Moderate,Low,Cfa,sentinel_2_36000_tokushima_2024-Q2.tif,viirs_36000_tokushima_2024-Q2.tif,1609.518480911705
6U8UE,17000 Ishikawa,2024-Q2,Japan,2024,3928801383782.808,143.9682405014625,Yes,No,High income,Yes,Yes,Yes,Yes,270.0,Moderate,Yes,Moderate,Low,Cfa,sentinel_2_17000_ishikawa_2024-Q2.tif,viirs_17000_ishikawa_2024-Q2.tif,1568.498521149739
64Z7W,13000 Tokyo,2024-Q2,Japan,2024,3928801383782.808,143.9682405014625,Yes,No,High income,Yes,Yes,Yes,Yes,0.0,High,Yes,Moderate,Low,Cfa,sentinel_2_13000_tokyo_2024-Q2.tif,viirs_13000_tokyo_2024-Q2.tif,2338.892416587923
ZLMA5,10000 Gunma,2021-Q3,Japan,2021,4247588558872.2593,125.4848727349994,Yes,Yes,High income,No,No,Yes,Yes,100.0,High,No,Low,Low,Cfa,sentinel_2_10000_gunma_2021-Q3.tif,viirs_10000_gunma_2021-Q3.tif,1388.4484796203164
0VHMY,46000 Kagoshima,2019-Q4,Japan,2019,4070264756531.522,117.9406160358257,Yes,No,High income,Yes,Yes,Yes,Yes,970.0,High,Yes,High,Low,Cfa,sentinel_2_46000_kagoshima_2019-Q4.tif,viirs_46000_kagoshima_2019-Q4.tif,1620.6488296824875
V8OGA,36000 Tokushima,2023-Q4,Japan,2023,3993446887350.673,140.8613862067226,Yes,No,High income,Yes,Yes,Yes,Yes,500.0,High,Yes,High,Low,Cfa,sentinel_2_36000_tokushima_2023-Q4.tif,viirs_36000_tokushima_2023-Q4.tif,1968.8260888952552
Y4LYK,07000 Fukushima,2020-Q1,Japan,2020,4069008481605.98,118.4352913210933,Yes,No,High income,Yes,Yes,Yes,Yes,250.0,High,Yes,High,Low,Cfa,sentinel_2_07000_fukushima_2020-Q1.tif,viirs_07000_fukushima_2020-Q1.tif,2065.1952015340967
X4LR9,37000 Kagawa,2019-Q2,Japan,2019,4070264756531.522,117.3681318135368,Yes,No,High income,Yes,Yes,Yes,Yes,540.0,Moderate,No,Moderate,Low,Cfa,sentinel_2_37000_kagawa_2019-Q2.tif,viirs_37000_kagawa_2019-Q2.tif,1571.98529943262
KUUOY,36000 Tokushima,2021-Q2,Japan,2021,4247588558872.2593,123.5075473904579,Yes,No,High income,Yes,Yes,Yes,Yes,500.0,High,Yes,High,Low,Cfa,sentinel_2_36000_tokushima_2021-Q2.tif,viirs_36000_tokushima_2021-Q2.tif,1932.121960759247
TR6SN,24000 Mie,2024-Q4,Japan,2024,3928801383782.808,144.7279859179582,Yes,No,High income,No,Yes,Yes,Yes,320.0,High,Yes,High,Low,Cfa,sentinel_2_24000_mie_2024-Q4.tif,viirs_24000_mie_2024-Q4.tif,1614.8717457463306
Z0LJC,24000 Mie,2020-Q2,Japan,2020,4069008481605.98,117.7956988014519,Yes,No,High income,No,Yes,Yes,Yes,320.0,High,Yes,Moderate,Low,Cfa,sentinel_2_24000_mie_2020-Q2.tif,viirs_24000_mie_2020-Q2.tif,1710.333518681229
7UJOD,35000 Yamaguchi,2021-Q1,Japan,2021,4247588558872.2593,120.6838014481023,Yes,No,High income,Yes,Yes,Yes,Yes,800.0,Moderate,No,Moderate,Very Low,Cfa,sentinel_2_35000_yamaguchi_2021-Q1.tif,viirs_35000_yamaguchi_2021-Q1.tif,1877.4162207639004
ZX9JP,28000 Hyogo,2019-Q3,Japan,2019,4070264756531.522,117.6899153350103,Yes,No,High income,Yes,Yes,Yes,Yes,430.0,High,Yes,Moderate,Low,Cfa,sentinel_2_28000_hyogo_2019-Q3.tif,viirs_28000_hyogo_2019-Q3.tif,1981.6513291528613
WD0W9,42000 Nagasaki,2022-Q2,Japan,2022,3880440088794.578,134.1731806810651,Yes,No,High income,Yes,Yes,Yes,Yes,1200.0,Moderate,Yes,Moderate,Low,Cfa,sentinel_2_42000_nagasaki_2022-Q2.tif,viirs_42000_nagasaki_2022-Q2.tif,1643.512568284078
2M0W1,12000 Chiba,2024-Q3,Japan,2024,3928801383782.808,144.403145070865,Yes,No,High income,Yes,Yes,Yes,Yes,37.5,High,Yes,High,Low,Cfa,sentinel_2_12000_chiba_2024-Q3.tif,viirs_12000_chiba_2024-Q3.tif,1724.9051953250785
LQWLV,32000 Shimane,2024-Q4,Japan,2024,3928801383782.808,144.7279859179582,Yes,No,High income,Yes,Yes,Yes,Yes,650.0,Moderate,Yes,Moderate,Low,Cfa,sentinel_2_32000_shimane_2024-Q4.tif,viirs_32000_shimane_2024-Q4.tif,1689.628537717896
6A3KK,27000 Osaka,2020-Q1,Japan,2020,4069008481605.98,118.4352913210933,Yes,No,High income,Yes,Yes,Yes,Yes,400.0,High,Yes,High,Low,Cfa,sentinel_2_27000_osaka_2020-Q1.tif,viirs_27000_osaka_2020-Q1.tif,1901.4944029331768
AN085,25000 Shiga,2024-Q3,Japan,2024,3928801383782.808,144.403145070865,Yes,Yes,High income,No,No,Yes,Yes,340.0,Moderate,Yes,Moderate,Low,Cfa,sentinel_2_25000_shiga_2024-Q3.tif,viirs_25000_shiga_2024-Q3.tif,2780.406815485671
5FU7B,47000 Okinawa,2020-Q3,Japan,2020,4069008481605.98,119.1285399053605,Yes,No,High income,Yes,Yes,Yes,No,1550.0,Moderate,Yes,High,Very Low,Cfa,sentinel_2_47000_okinawa_2020-Q3.tif,viirs_47000_okinawa_2020-Q3.tif,2626.599359717308
R96KH,35000 Yamaguchi,2024-Q3,Japan,2024,3928801383782.808,144.403145070865,Yes,No,High income,Yes,Yes,Yes,Yes,800.0,Moderate,No,Moderate,Low,Cfa,sentinel_2_35000_yamaguchi_2024-Q3.tif,viirs_35000_yamaguchi_2024-Q3.tif,1772.8627579266558
3AYEQ,40000 Fukuoka,2020-Q2,Japan,2020,4069008481605.98,117.7956988014519,Yes,No,High income,Yes,Yes,Yes,Yes,880.0,Moderate,Yes,Moderate,Low,Cfa,sentinel_2_40000_fukuoka_2020-Q2.tif,viirs_40000_fukuoka_2020-Q2.tif,1975.2535936298043
KC4LO,26000 Kyoto,2021-Q2,Japan,2021,4247588558872.2593,123.5075473904579,Yes,Yes,High income,Yes,No,Yes,Yes,370.0,Moderate,No,Moderate,Very Low,Cfa,sentinel_2_26000_kyoto_2021-Q2.tif,viirs_26000_kyoto_2021-Q2.tif,2324.648661952492
P91I3,21000 Gifu,2022-Q2,Japan,2022,3880440088794.578,134.1731806810651,Yes,Yes,High income,No,No,Yes,Yes,270.0,Moderate,Yes,Moderate,Low,Cfa,sentinel_2_21000_gifu_2022-Q2.tif,viirs_21000_gifu_2022-Q2.tif,1670.5142119518555
K3ZEZ,12000 Chiba,2022-Q2,Japan,2022,3880440088794.578,134.1731806810651,Yes,No,High income,Yes,Yes,Yes,Yes,37.5,High,Yes,High,Low,Cfa,sentinel_2_12000_chiba_2022-Q2.tif,viirs_12000_chiba_2022-Q2.tif,1524.2346348437252
RHT7Z,15000 Niigata,2024-Q3,Japan,2024,3928801383782.808,144.403145070865,Yes,No,High income,Yes,Yes,Yes,Yes,250.0,Moderate,Yes,Low,Low,Cfa,sentinel_2_15000_niigata_2024-Q3.tif,viirs_15000_niigata_2024-Q3.tif,1825.9879505880808
43C5B,10000 Gunma,2024-Q1,Japan,2024,3928801383782.808,142.3299725681459,Yes,Yes,High income,No,No,Yes,Yes,100.0,High,Yes,Low,Low,Cfa,sentinel_2_10000_gunma_2024-Q1.tif,viirs_10000_gunma_2024-Q1.tif,1683.851250391868
AX40D,23000 Aichi,2024-Q4,Japan,2024,3928801383782.808,144.7279859179582,Yes,No,High income,Yes,Yes,Yes,Yes,260.0,High,Yes,Moderate,Low,Cfa,sentinel_2_23000_aichi_2024-Q4.tif,viirs_23000_aichi_2024-Q4.tif,1646.6859336795233
0S0R2,09000 Tochigi,2023-Q1,Japan,2023,3993446887350.673,137.8618440412342,Yes,Yes,High income,No,No,Yes,Yes,100.0,Moderate,Yes,Moderate,Low,Cfa,sentinel_2_09000_tochigi_2023-Q1.tif,viirs_09000_tochigi_2023-Q1.tif,1582.6230539929882
A1WJ0,03000 Iwate,2021-Q3,Japan,2021,4247588558872.2593,125.4848727349994,Yes,No,High income,Yes,Yes,Yes,Yes,450.0,High,Yes,Low,Low,Dfa,sentinel_2_03000_iwate_2021-Q3.tif,viirs_03000_iwate_2021-Q3.tif,1589.042048350088
XGH30,27000 Osaka,2020-Q4,Japan,2020,4069008481605.98,119.4024762808857,Yes,No,High income,Yes,Yes,Yes,Yes,400.0,High,Yes,High,Low,Cfa,sentinel_2_27000_osaka_2020-Q4.tif,viirs_27000_osaka_2020-Q4.tif,2305.498627732836
8LX6D,16000 Toyama,2019-Q4,Japan,2019,4070264756531.522,117.9406160358257,Yes,No,High income,Yes,Yes,Yes,Yes,260.0,Moderate,Yes,Moderate,Low,Cfa,sentinel_2_16000_toyama_2019-Q4.tif,viirs_16000_toyama_2019-Q4.tif,1521.5093330516204
HPHJ3,22000 Shizuoka,2019-Q2,Japan,2019,4070264756531.522,117.3681318135368,Yes,No,High income,Yes,Yes,Yes,Yes,150.0,High,Yes,Moderate,Low,Cfa,sentinel_2_22000_shizuoka_2019-Q2.tif,viirs_22000_shizuoka_2019-Q2.tif,1891.7773498195115
IQ2Q4,30000 Wakayama,2020-Q2,Japan,2020,4069008481605.98,117.7956988014519,Yes,No,High income,Yes,Yes,Yes,Yes,450.0,High,Yes,High,Low,Cfa,sentinel_2_30000_wakayama_2020-Q2.tif,viirs_30000_wakayama_2020-Q2.tif,1772.6062088676592
7W7JP,46000 Kagoshima,2021-Q3,Japan,2021,4247588558872.2593,125.4848727349994,Yes,No,High income,Yes,Yes,Yes,Yes,970.0,High,Yes,High,Low,Cfa,sentinel_2_46000_kagoshima_2021-Q3.tif,viirs_46000_kagoshima_2021-Q3.tif,1868.26197274065
4GH2M,05000 Akita,2024-Q3,Japan,2024,3928801383782.808,144.403145070865,Yes,No,High income,Yes,Yes,Yes,Yes,450.0,Moderate,Yes,Low,Very Low,Dfa,sentinel_2_05000_akita_2024-Q3.tif,viirs_05000_akita_2024-Q3.tif,1766.5844795684764
Y4XKS,22000 Shizuoka,2023-Q3,Japan,2023,3993446887350.673,140.714328844415,Yes,No,High income,Yes,Yes,Yes,Yes,150.0,High,Yes,High,Low,Cfa,sentinel_2_22000_shizuoka_2023-Q3.tif,viirs_22000_shizuoka_2023-Q3.tif,1785.9374819506206
EIYAZ,22000 Shizuoka,2021-Q2,Japan,2021,4247588558872.2593,123.5075473904579,Yes,No,High income,Yes,Yes,Yes,Yes,150.0,High,Yes,Moderate,Low,Cfa,sentinel_2_22000_shizuoka_2021-Q2.tif,viirs_22000_shizuoka_2021-Q2.tif,1790.203579819217
GDSWM,04000 Miyagi,2021-Q2,Japan,2021,4247588558872.2593,123.5075473904579,Yes,No,High income,Yes,Yes,Yes,Yes,300.0,High,Yes,Moderate,Low,Cfa,sentinel_2_04000_miyagi_2021-Q2.tif,viirs_04000_miyagi_2021-Q2.tif,1664.2674058782686
UIJNW,32000 Shimane,2021-Q1,Japan,2021,4247588558872.2593,120.6838014481023,Yes,No,High income,Yes,Yes,Yes,Yes,650.0,Moderate,Yes,Moderate,Very Low,Cfa,sentinel_2_32000_shimane_2021-Q1.tif,viirs_32000_shimane_2021-Q1.tif,2388.353443463588
I15CQ,16000 Toyama,2024-Q1,Japan,2024,3928801383782.808,142.3299725681459,Yes,No,High income,Yes,Yes,Yes,Yes,260.0,Moderate,Yes,Low,Low,Cfa,sentinel_2_16000_toyama_2024-Q1.tif,viirs_16000_toyama_2024-Q1.tif,2652.2521805358733
4F9YE,44000 Oita,2024-Q3,Japan,2024,3928801383782.808,144.403145070865,Yes,No,High income,Yes,Yes,Yes,Yes,770.0,Moderate,No,Moderate,Very Low,Cfa,sentinel_2_44000_oita_2024-Q3.tif,viirs_44000_oita_2024-Q3.tif,1994.2345549423444
OWGZR,04000 Miyagi,2022-Q1,Japan,2022,3880440088794.578,130.2983261906564,Yes,No,High income,Yes,Yes,Yes,Yes,300.0,High,Yes,High,Low,Cfa,sentinel_2_04000_miyagi_2022-Q1.tif,viirs_04000_miyagi_2022-Q1.tif,1720.626797464408
MY62X,42000 Nagasaki,2024-Q4,Japan,2024,3928801383782.808,144.7279859179582,Yes,No,High income,Yes,Yes,Yes,Yes,1200.0,Moderate,Yes,Moderate,Low,Cfa,sentinel_2_42000_nagasaki_2024-Q4.tif,viirs_42000_nagasaki_2024-Q4.tif,1706.3073389601082
WI5FL,14000 Kanagawa,2023-Q2,Japan,2023,3993446887350.673,139.5056151606663,Yes,No,High income,Yes,Yes,Yes,Yes,30.0,High,Yes,High,Low,Cfa,sentinel_2_14000_kanagawa_2023-Q2.tif,viirs_14000_kanagawa_2023-Q2.tif,1832.4648485718776
30T9N,01000 Hokkaido,2020-Q3,Japan,2020,4069008481605.98,119.1285399053605,Yes,No,High income,Yes,Yes,Yes,Yes,830.0,High,No,Low,Very Low,Dfb,sentinel_2_01000_hokkaido_2020-Q3.tif,viirs_01000_hokkaido_2020-Q3.tif,2002.147907718492
UOV6T,33000 Okayama,2020-Q3,Japan,2020,4069008481605.98,119.1285399053605,Yes,No,High income,Yes,Yes,Yes,Yes,540.0,Moderate,Yes,Low,Low,Cfa,sentinel_2_33000_okayama_2020-Q3.tif,viirs_33000_okayama_2020-Q3.tif,1974.048858058252
SFFCX,33000 Okayama,2023-Q4,Japan,2023,3993446887350.673,140.8613862067226,Yes,No,High income,Yes,Yes,Yes,Yes,540.0,Moderate,Yes,Low,Low,Cfa,sentinel_2_33000_okayama_2023-Q4.tif,viirs_33000_okayama_2023-Q4.tif,1671.842442790345
4TA5I,42000 Nagasaki,2019-Q4,Japan,2019,4070264756531.522,117.9406160358257,Yes,No,High income,Yes,Yes,Yes,Yes,1200.0,Moderate,Yes,High,Low,Cfa,sentinel_2_42000_nagasaki_2019-Q4.tif,viirs_42000_nagasaki_2019-Q4.tif,1942.669630839344
WVHDK,19000 Yamanashi,2023-Q4,Japan,2023,3993446887350.673,140.8613862067226,Yes,Yes,High income,No,No,Yes,Yes,110.0,Moderate,No,Low,Low,Cfa,sentinel_2_19000_yamanashi_2023-Q4.tif,viirs_19000_yamanashi_2023-Q4.tif,2202.945532356979
3N3BZ,21000 Gifu,2021-Q3,Japan,2021,4247588558872.2593,125.4848727349994,Yes,Yes,High income,No,No,Yes,Yes,270.0,Moderate,Yes,Moderate,Low,Cfa,sentinel_2_21000_gifu_2021-Q3.tif,viirs_21000_gifu_2021-Q3.tif,1721.512044091481
0LBT3,12000 Chiba,2024-Q4,Japan,2024,3928801383782.808,144.7279859179582,Yes,No,High income,Yes,Yes,Yes,Yes,37.5,High,Yes,High,Low,Cfa,sentinel_2_12000_chiba_2024-Q4.tif,viirs_12000_chiba_2024-Q4.tif,1792.644246445123
H55HE,38000 Ehime,2019-Q1,Japan,2019,4070264756531.522,115.9781187205398,Yes,No,High income,Yes,Yes,Yes,Yes,670.0,Moderate,Yes,Moderate,Low,Cfa,sentinel_2_38000_ehime_2019-Q1.tif,viirs_38000_ehime_2019-Q1.tif,1463.884732951242
TV18K,31000 Tottori,2022-Q2,Japan,2022,3880440088794.578,134.1731806810651,Yes,No,High income,Yes,Yes,Yes,Yes,500.0,Moderate,Yes,Moderate,Low,Cfa,sentinel_2_31000_tottori_2022-Q2.tif,viirs_31000_tottori_2022-Q2.tif,1510.4020082668862
RM6J8,35000 Yamaguchi,2023-Q1,Japan,2023,3993446887350.673,137.8618440412342,Yes,No,High income,Yes,Yes,Yes,Yes,800.0,Moderate,No,Moderate,Very Low,Cfa,sentinel_2_35000_yamaguchi_2023-Q1.tif,viirs_35000_yamaguchi_2023-Q1.tif,1661.0702427447288
W9YIL,35000 Yamaguchi,2022-Q2,Japan,2022,3880440088794.578,134.1731806810651,Yes,No,High income,Yes,Yes,Yes,Yes,800.0,Moderate,Yes,Moderate,Low,Cfa,sentinel_2_35000_yamaguchi_2022-Q2.tif,viirs_35000_yamaguchi_2022-Q2.tif,1637.2435502161625
ML9LN,39000 Kochi,2019-Q4,Japan,2019,4070264756531.522,117.9406160358257,Yes,No,High income,Yes,Yes,Yes,Yes,625.0,High,Yes,High,Low,Cfa,sentinel_2_39000_kochi_2019-Q4.tif,viirs_39000_kochi_2019-Q4.tif,1899.7600336172973
DR2H2,47000 Okinawa,2021-Q3,Japan,2021,4247588558872.2593,125.4848727349994,Yes,No,High income,Yes,Yes,Yes,Yes,1550.0,Moderate,Yes,High,Low,Cfa,sentinel_2_47000_okinawa_2021-Q3.tif,viirs_47000_okinawa_2021-Q3.tif,2050.7521193112207
ENULQ,14000 Kanagawa,2022-Q4,Japan,2022,3880440088794.578,136.4362131047677,Yes,No,High income,Yes,Yes,Yes,Yes,30.0,High,Yes,High,Low,Cfa,sentinel_2_14000_kanagawa_2022-Q4.tif,viirs_14000_kanagawa_2022-Q4.tif,1700.4041839614777
DW2ZC,19000 Yamanashi,2021-Q3,Japan,2021,4247588558872.2593,125.4848727349994,Yes,Yes,High income,No,No,Yes,Yes,110.0,Moderate,No,Low,Very Low,Cfa,sentinel_2_19000_yamanashi_2021-Q3.tif,viirs_19000_yamanashi_2021-Q3.tif,1650.9545844263089
MPEQY,43000 Kumamoto,2023-Q4,Japan,2023,3993446887350.673,140.8613862067226,Yes,No,High income,Yes,Yes,Yes,Yes,900.0,High,Yes,High,Low,Cfa,sentinel_2_43000_kumamoto_2023-Q4.tif,viirs_43000_kumamoto_2023-Q4.tif,2074.48022383494
MDW0F,47000 Okinawa,2019-Q2,Japan,2019,4070264756531.522,117.3681318135368,Yes,No,High income,Yes,Yes,Yes,No,1550.0,Moderate,Yes,High,Very Low,Cfa,sentinel_2_47000_okinawa_2019-Q2.tif,viirs_47000_okinawa_2019-Q2.tif,2387.287653310311
OMF9P,39000 Kochi,2019-Q3,Japan,2019,4070264756531.522,117.6899153350103,Yes,No,High income,Yes,Yes,Yes,Yes,625.0,High,Yes,High,Low,Cfa,sentinel_2_39000_kochi_2019-Q3.tif,viirs_39000_kochi_2019-Q3.tif,1919.2223977050264
YFPMV,08000 Ibaraki,2021-Q2,Japan,2021,4247588558872.2593,123.5075473904579,Yes,No,High income,Yes,Yes,Yes,Yes,100.0,High,Yes,Moderate,Low,Cfa,sentinel_2_08000_ibaraki_2021-Q2.tif,viirs_08000_ibaraki_2021-Q2.tif,1620.903916134608
DPG8S,04000 Miyagi,2022-Q3,Japan,2022,3880440088794.578,135.9371046973515,Yes,No,High income,Yes,Yes,Yes,Yes,300.0,High,Yes,High,Low,Cfa,sentinel_2_04000_miyagi_2022-Q3.tif,viirs_04000_miyagi_2022-Q3.tif,1586.8869031810875
UVTYT,20000 Nagano,2019-Q2,Japan,2019,4070264756531.522,117.3681318135368,Yes,Yes,High income,Yes,No,Yes,Yes,180.0,Moderate,No,Low,Very Low,Dfa,sentinel_2_20000_nagano_2019-Q2.tif,viirs_20000_nagano_2019-Q2.tif,1779.4061579671477
3KX7E,03000 Iwate,2020-Q3,Japan,2020,4069008481605.98,119.1285399053605,Yes,No,High income,Yes,Yes,Yes,Yes,450.0,High,Yes,Low,Very Low,Dfa,sentinel_2_03000_iwate_2020-Q3.tif,viirs_03000_iwate_2020-Q3.tif,2220.7410730980955
8XPNM,27000 Osaka,2023-Q4,Japan,2023,3993446887350.673,140.8613862067226,Yes,No,High income,Yes,Yes,Yes,Yes,400.0,High,Yes,High,Low,Cfa,sentinel_2_27000_osaka_2023-Q4.tif,viirs_27000_osaka_2023-Q4.tif,1939.6398367430108
JVE3D,29000 Nara,2020-Q2,Japan,2020,4069008481605.98,117.7956988014519,Yes,Yes,High income,No,No,Yes,Yes,370.0,Moderate,Yes,Low,Low,Cfa,sentinel_2_29000_nara_2020-Q2.tif,viirs_29000_nara_2020-Q2.tif,1790.8035275864152
5Z8VM,10000 Gunma,2020-Q2,Japan,2020,4069008481605.98,117.7956988014519,Yes,Yes,High income,No,No,Yes,Yes,100.0,High,No,Moderate,Low,Cfa,sentinel_2_10000_gunma_2020-Q2.tif,viirs_10000_gunma_2020-Q2.tif,1670.0558519768977
3D8W3,05000 Akita,2023-Q2,Japan,2023,3993446887350.673,139.5056151606663,Yes,No,High income,Yes,Yes,Yes,Yes,450.0,Moderate,No,Low,Very Low,Dfa,sentinel_2_05000_akita_2023-Q2.tif,viirs_05000_akita_2023-Q2.tif,1702.1886205748767
LGJLP,43000 Kumamoto,2022-Q4,Japan,2022,3880440088794.578,136.4362131047677,Yes,No,High income,Yes,Yes,Yes,Yes,900.0,High,Yes,Moderate,Low,Cfa,sentinel_2_43000_kumamoto_2022-Q4.tif,viirs_43000_kumamoto_2022-Q4.tif,1536.9377562794778
U2GC5,08000 Ibaraki,2020-Q3,Japan,2020,4069008481605.98,119.1285399053605,Yes,No,High income,Yes,Yes,Yes,Yes,100.0,High,Yes,Moderate,Low,Cfa,sentinel_2_08000_ibaraki_2020-Q3.tif,viirs_08000_ibaraki_2020-Q3.tif,1883.5983140844
IPWH0,45000 Miyazaki,2023-Q4,Japan,2023,3993446887350.673,140.8613862067226,Yes,No,High income,Yes,Yes,Yes,Yes,870.0,Moderate,Yes,High,Low,Cfa,sentinel_2_45000_miyazaki_2023-Q4.tif,viirs_45000_miyazaki_2023-Q4.tif,1665.5303001610391
F828X,25000 Shiga,2022-Q2,Japan,2022,3880440088794.578,134.1731806810651,Yes,Yes,High income,No,No,Yes,Yes,340.0,Moderate,No,,Low,Cfa,sentinel_2_25000_shiga_2022-Q2.tif,viirs_25000_shiga_2022-Q2.tif,1616.2304589912585
DW2PC,01000 Hokkaido,2023-Q3,Japan,2023,3993446887350.673,140.714328844415,Yes,No,High income,Yes,Yes,Yes,Yes,830.0,High,No,Low,Very Low,Dfb,sentinel_2_01000_hokkaido_2023-Q3.tif,viirs_01000_hokkaido_2023-Q3.tif,2508.421727107279
WYWRR,18000 Fukui,2022-Q4,Japan,2022,3880440088794.578,136.4362131047677,Yes,No,High income,No,Yes,Yes,Yes,320.0,Moderate,Yes,Low,Very Low,Cfa,sentinel_2_18000_fukui_2022-Q4.tif,viirs_18000_fukui_2022-Q4.tif,1659.3451857718217
QW9JA,12000 Chiba,2024-Q2,Japan,2024,3928801383782.808,143.9682405014625,Yes,No,High income,Yes,Yes,Yes,Yes,37.5,High,Yes,High,Low,Cfa,sentinel_2_12000_chiba_2024-Q2.tif,viirs_12000_chiba_2024-Q2.tif,1874.5125984685133
OU9IY,18000 Fukui,2024-Q1,Japan,2024,3928801383782.808,142.3299725681459,Yes,No,High income,No,Yes,Yes,Yes,320.0,Moderate,Yes,Low,Low,Cfa,sentinel_2_18000_fukui_2024-Q1.tif,viirs_18000_fukui_2024-Q1.tif,1887.2570312474768
0VM59,28000 Hyogo,2024-Q2,Japan,2024,3928801383782.808,143.9682405014625,Yes,No,High income,Yes,Yes,Yes,Yes,430.0,High,Yes,Moderate,Low,Cfa,sentinel_2_28000_hyogo_2024-Q2.tif,viirs_28000_hyogo_2024-Q2.tif,1985.1546263795424
IMVIH,02000 Aomori,2020-Q4,Japan,2020,4069008481605.98,119.4024762808857,Yes,No,High income,Yes,Yes,Yes,Yes,575.0,Moderate,Yes,Low,Very Low,Dfa,sentinel_2_02000_aomori_2020-Q4.tif,viirs_02000_aomori_2020-Q4.tif,1936.7279269382136
GVZHQ,41000 Saga,2023-Q4,Japan,2023,3993446887350.673,140.8613862067226,Yes,No,High income,Yes,Yes,Yes,Yes,900.0,Moderate,Yes,Moderate,Low,Cfa,sentinel_2_41000_saga_2023-Q4.tif,viirs_41000_saga_2023-Q4.tif,1756.054795682565
YLEMR,31000 Tottori,2019-Q3,Japan,2019,4070264756531.522,117.6899153350103,Yes,No,High income,Yes,Yes,Yes,Yes,500.0,Moderate,Yes,Moderate,Low,Cfa,sentinel_2_31000_tottori_2019-Q3.tif,viirs_31000_tottori_2019-Q3.tif,1762.1363449518349
TQVDZ,09000 Tochigi,2024-Q3,Japan,2024,3928801383782.808,144.403145070865,Yes,Yes,High income,No,No,Yes,Yes,100.0,Moderate,Yes,Low,Very Low,Cfa,sentinel_2_09000_tochigi_2024-Q3.tif,viirs_09000_tochigi_2024-Q3.tif,1947.812481116303
LZ049,14000 Kanagawa,2022-Q3,Japan,2022,3880440088794.578,135.9371046973515,Yes,No,High income,Yes,Yes,Yes,Yes,30.0,High,Yes,High,Low,Cfa,sentinel_2_14000_kanagawa_2022-Q3.tif,viirs_14000_kanagawa_2022-Q3.tif,1709.9548611224154
LJEFY,24000 Mie,2021-Q1,Japan,2021,4247588558872.2593,120.6838014481023,Yes,No,High income,Yes,Yes,Yes,Yes,320.0,High,Yes,High,Low,Cfa,sentinel_2_24000_mie_2021-Q1.tif,viirs_24000_mie_2021-Q1.tif,1787.7008325367306
8BIXO,30000 Wakayama,2020-Q1,Japan,2020,4069008481605.98,118.4352913210933,Yes,No,High income,Yes,Yes,Yes,Yes,450.0,High,Yes,High,Low,Cfa,sentinel_2_30000_wakayama_2020-Q1.tif,viirs_30000_wakayama_2020-Q1.tif,1774.6513409797408
90KM3,15000 Niigata,2020-Q2,Japan,2020,4069008481605.98,117.7956988014519,Yes,No,High income,Yes,Yes,Yes,Yes,250.0,Moderate,Yes,Low,Low,Cfa,sentinel_2_15000_niigata_2020-Q2.tif,viirs_15000_niigata_2020-Q2.tif,1750.7766883501588
RZD5E,27000 Osaka,2020-Q2,Japan,2020,4069008481605.98,117.7956988014519,Yes,No,High income,Yes,Yes,Yes,Yes,400.0,High,Yes,High,Low,Cfa,sentinel_2_27000_osaka_2020-Q2.tif,viirs_27000_osaka_2020-Q2.tif,2112.860475486505
WRDML,07000 Fukushima,2019-Q4,Japan,2019,4070264756531.522,117.9406160358257,Yes,No,High income,Yes,Yes,Yes,Yes,250.0,High,Yes,Moderate,Low,Cfa,sentinel_2_07000_fukushima_2019-Q4.tif,viirs_07000_fukushima_2019-Q4.tif,1865.442928159241
TWBOZ,16000 Toyama,2019-Q1,Japan,2019,4070264756531.522,115.9781187205398,Yes,No,High income,Yes,Yes,Yes,Yes,260.0,Moderate,Yes,Moderate,Low,Cfa,sentinel_2_16000_toyama_2019-Q1.tif,viirs_16000_toyama_2019-Q1.tif,1596.1232775428111
AIR4C,04000 Miyagi,2021-Q4,Japan,2021,4247588558872.2593,127.389433729792,Yes,No,High income,Yes,Yes,Yes,Yes,300.0,High,Yes,Moderate,Low,Cfa,sentinel_2_04000_miyagi_2021-Q4.tif,viirs_04000_miyagi_2021-Q4.tif,1705.6052961733678
PVS7H,03000 Iwate,2019-Q1,Japan,2019,4070264756531.522,115.9781187205398,Yes,No,High income,Yes,Yes,Yes,Yes,450.0,High,Yes,Low,Low,Dfa,sentinel_2_03000_iwate_2019-Q1.tif,viirs_03000_iwate_2019-Q1.tif,1487.4392324376963
SMADO,20000 Nagano,2022-Q1,Japan,2022,3880440088794.578,130.2983261906564,Yes,Yes,High income,Yes,No,Yes,Yes,180.0,Moderate,No,Low,Very Low,Dfa,sentinel_2_20000_nagano_2022-Q1.tif,viirs_20000_nagano_2022-Q1.tif,1760.8891826630188
D96QE,07000 Fukushima,2021-Q4,Japan,2021,4247588558872.2593,127.389433729792,Yes,No,High income,Yes,Yes,Yes,Yes,250.0,High,Yes,High,Low,Cfa,sentinel_2_07000_fukushima_2021-Q4.tif,viirs_07000_fukushima_2021-Q4.tif,1578.582929499733
BTI22,34000 Hiroshima,2021-Q3,Japan,2021,4247588558872.2593,125.4848727349994,Yes,No,High income,Yes,Yes,Yes,Yes,680.0,Moderate,Yes,Moderate,Low,Cfa,sentinel_2_34000_hiroshima_2021-Q3.tif,viirs_34000_hiroshima_2021-Q3.tif,2021.6600584960777
1YRUJ,21000 Gifu,2024-Q1,Japan,2024,3928801383782.808,142.3299725681459,Yes,Yes,High income,No,No,Yes,Yes,270.0,Moderate,Yes,Moderate,Low,Cfa,sentinel_2_21000_gifu_2024-Q1.tif,viirs_21000_gifu_2024-Q1.tif,1721.701574668389
NRIUU,08000 Ibaraki,2021-Q4,Japan,2021,4247588558872.2593,127.389433729792,Yes,No,High income,Yes,Yes,Yes,Yes,100.0,High,Yes,Moderate,Low,Cfa,sentinel_2_08000_ibaraki_2021-Q4.tif,viirs_08000_ibaraki_2021-Q4.tif,1563.980561446306
BC2SW,23000 Aichi,2019-Q1,Japan,2019,4070264756531.522,115.9781187205398,Yes,No,High income,Yes,Yes,Yes,Yes,260.0,High,Yes,Moderate,Low,Cfa,sentinel_2_23000_aichi_2019-Q1.tif,viirs_23000_aichi_2019-Q1.tif,1796.8792690365196
WW4FY,15000 Niigata,2021-Q3,Japan,2021,4247588558872.2593,125.4848727349994,Yes,No,High income,Yes,Yes,Yes,Yes,250.0,Moderate,Yes,Moderate,Low,Cfa,sentinel_2_15000_niigata_2021-Q3.tif,viirs_15000_niigata_2021-Q3.tif,1644.4191811557228
0LTHY,43000 Kumamoto,2019-Q3,Japan,2019,4070264756531.522,117.6899153350103,Yes,No,High income,Yes,Yes,Yes,Yes,900.0,High,Yes,Moderate,Very Low,Cfa,sentinel_2_43000_kumamoto_2019-Q3.tif,viirs_43000_kumamoto_2019-Q3.tif,1776.89527390313
2P2TI,44000 Oita,2021-Q1,Japan,2021,4247588558872.2593,120.6838014481023,Yes,No,High income,Yes,Yes,Yes,Yes,770.0,Moderate,Yes,Moderate,Low,Cfa,sentinel_2_44000_oita_2021-Q1.tif,viirs_44000_oita_2021-Q1.tif,1523.1500976770135
4KL8C,26000 Kyoto,2019-Q2,Japan,2019,4070264756531.522,117.3681318135368,Yes,Yes,High income,No,No,Yes,Yes,370.0,Moderate,No,Low,Very Low,Cfa,sentinel_2_26000_kyoto_2019-Q2.tif,viirs_26000_kyoto_2019-Q2.tif,2065.932181300802
33IFH,11000 Saitama,2019-Q4,Japan,2019,4070264756531.522,117.9406160358257,Yes,Yes,High income,No,No,Yes,Yes,22.5,Moderate,Yes,Low,Low,Cfa,sentinel_2_11000_saitama_2019-Q4.tif,viirs_11000_saitama_2019-Q4.tif,1811.2337373297887
TWDL9,14000 Kanagawa,2019-Q1,Japan,2019,4070264756531.522,115.9781187205398,Yes,No,High income,Yes,Yes,Yes,Yes,30.0,High,Yes,High,Low,Cfa,sentinel_2_14000_kanagawa_2019-Q1.tif,viirs_14000_kanagawa_2019-Q1.tif,1911.351544171219
8V1ZO,19000 Yamanashi,2019-Q4,Japan,2019,4070264756531.522,117.9406160358257,Yes,Yes,High income,No,No,Yes,Yes,110.0,Moderate,No,Moderate,Low,Cfa,sentinel_2_19000_yamanashi_2019-Q4.tif,viirs_19000_yamanashi_2019-Q4.tif,1671.8928556716464
4LMCT,13000 Tokyo,2024-Q1,Japan,2024,3928801383782.808,142.3299725681459,Yes,No,High income,Yes,Yes,Yes,Yes,0.0,High,Yes,Moderate,Low,Cfa,sentinel_2_13000_tokyo_2024-Q1.tif,viirs_13000_tokyo_2024-Q1.tif,2530.570724453581
NTCAG,18000 Fukui,2024-Q3,Japan,2024,3928801383782.808,144.403145070865,Yes,No,High income,No,Yes,Yes,Yes,320.0,Moderate,Yes,Low,Low,Cfa,sentinel_2_18000_fukui_2024-Q3.tif,viirs_18000_fukui_2024-Q3.tif,1986.7255208110912
EHOU6,28000 Hyogo,2022-Q1,Japan,2022,3880440088794.578,130.2983261906564,Yes,No,High income,Yes,Yes,Yes,Yes,430.0,High,Yes,Moderate,Low,Cfa,sentinel_2_28000_hyogo_2022-Q1.tif,viirs_28000_hyogo_2022-Q1.tif,1781.4504421860056
QJG02,16000 Toyama,2021-Q3,Japan,2021,4247588558872.2593,125.4848727349994,Yes,No,High income,Yes,Yes,Yes,Yes,260.0,Moderate,Yes,Moderate,Low,Cfa,sentinel_2_16000_toyama_2021-Q3.tif,viirs_16000_toyama_2021-Q3.tif,1813.794598100683
NWXUJ,24000 Mie,2022-Q3,Japan,2022,3880440088794.578,135.9371046973515,Yes,No,High income,No,Yes,Yes,Yes,320.0,High,Yes,High,Low,Cfa,sentinel_2_24000_mie_2022-Q3.tif,viirs_24000_mie_2022-Q3.tif,1409.4916917644616
UY0BV,08000 Ibaraki,2022-Q2,Japan,2022,3880440088794.578,134.1731806810651,Yes,No,High income,Yes,Yes,Yes,Yes,100.0,High,Yes,Moderate,Low,Cfa,sentinel_2_08000_ibaraki_2022-Q2.tif,viirs_08000_ibaraki_2022-Q2.tif,1452.5029916145202
DSC4E,38000 Ehime,2022-Q4,Japan,2022,3880440088794.578,136.4362131047677,Yes,No,High income,Yes,Yes,Yes,Yes,670.0,Moderate,Yes,High,Low,Cfa,sentinel_2_38000_ehime_2022-Q4.tif,viirs_38000_ehime_2022-Q4.tif,1363.3742836035494
OLJQ5,26000 Kyoto,2024-Q2,Japan,2024,3928801383782.808,143.9682405014625,Yes,Yes,High income,No,No,Yes,Yes,370.0,Moderate,No,Moderate,Low,Cfa,sentinel_2_26000_kyoto_2024-Q2.tif,viirs_26000_kyoto_2024-Q2.tif,1857.3236847681592
MTZZF,34000 Hiroshima,2024-Q2,Japan,2024,3928801383782.808,143.9682405014625,Yes,No,High income,Yes,Yes,Yes,Yes,680.0,Moderate,Yes,Moderate,Low,Cfa,sentinel_2_34000_hiroshima_2024-Q2.tif,viirs_34000_hiroshima_2024-Q2.tif,1768.2220283080917
TLCXL,13000 Tokyo,2021-Q1,Japan,2021,4247588558872.2593,120.6838014481023,Yes,No,High income,Yes,Yes,Yes,Yes,0.0,High,Yes,Moderate,Low,Cfa,sentinel_2_13000_tokyo_2021-Q1.tif,viirs_13000_tokyo_2021-Q1.tif,2771.1111685490355
W9PFB,40000 Fukuoka,2019-Q3,Japan,2019,4070264756531.522,117.6899153350103,Yes,No,High income,Yes,Yes,Yes,Yes,880.0,Moderate,Yes,Moderate,Low,Cfa,sentinel_2_40000_fukuoka_2019-Q3.tif,viirs_40000_fukuoka_2019-Q3.tif,1873.9078920534007
C9ROS,20000 Nagano,2020-Q2,Japan,2020,4069008481605.98,117.7956988014519,Yes,Yes,High income,Yes,No,Yes,Yes,180.0,Moderate,Yes,Low,Very Low,Dfa,sentinel_2_20000_nagano_2020-Q2.tif,viirs_20000_nagano_2020-Q2.tif,1957.3610836400017
E6KWH,16000 Toyama,2023-Q2,Japan,2023,3993446887350.673,139.5056151606663,Yes,No,High income,Yes,Yes,Yes,Yes,260.0,Moderate,Yes,Low,Low,Cfa,sentinel_2_16000_toyama_2023-Q2.tif,viirs_16000_toyama_2023-Q2.tif,1786.8935269687593
4SPFD,34000 Hiroshima,2020-Q3,Japan,2020,4069008481605.98,119.1285399053605,Yes,No,High income,Yes,Yes,Yes,Yes,680.0,Moderate,Yes,Moderate,Low,Cfa,sentinel_2_34000_hiroshima_2020-Q3.tif,viirs_34000_hiroshima_2020-Q3.tif,2098.670472613748
18HAF,05000 Akita,2021-Q2,Japan,2021,4247588558872.2593,123.5075473904579,Yes,No,High income,Yes,Yes,Yes,Yes,450.0,Moderate,Yes,Low,Very Low,Dfa,sentinel_2_05000_akita_2021-Q2.tif,viirs_05000_akita_2021-Q2.tif,2025.7627267618827
9SKDG,06000 Yamagata,2020-Q3,Japan,2020,4069008481605.98,119.1285399053605,Yes,Yes,High income,Yes,No,Yes,Yes,300.0,Moderate,Yes,Moderate,Low,Dfa,sentinel_2_06000_yamagata_2020-Q3.tif,viirs_06000_yamagata_2020-Q3.tif,1892.9777087905563
OUOF0,37000 Kagawa,2021-Q2,Japan,2021,4247588558872.2593,123.5075473904579,Yes,No,High income,Yes,Yes,Yes,Yes,540.0,Moderate,No,Moderate,Low,Cfa,sentinel_2_37000_kagawa_2021-Q2.tif,viirs_37000_kagawa_2021-Q2.tif,1694.732224816459
2JEYN,15000 Niigata,2023-Q4,Japan,2023,3993446887350.673,140.8613862067226,Yes,No,High income,Yes,Yes,Yes,Yes,250.0,Moderate,Yes,Low,Low,Cfa,sentinel_2_15000_niigata_2023-Q4.tif,viirs_15000_niigata_2023-Q4.tif,1579.9122481922143
YFDS0,29000 Nara,2021-Q3,Japan,2021,4247588558872.2593,125.4848727349994,Yes,Yes,High income,No,No,Yes,Yes,370.0,Moderate,Yes,Moderate,Low,Cfa,sentinel_2_29000_nara_2021-Q3.tif,viirs_29000_nara_2021-Q3.tif,2035.192041589908
7ZEOQ,41000 Saga,2023-Q3,Japan,2023,3993446887350.673,140.714328844415,Yes,No,High income,Yes,Yes,Yes,Yes,900.0,Moderate,Yes,Moderate,Low,Cfa,sentinel_2_41000_saga_2023-Q3.tif,viirs_41000_saga_2023-Q3.tif,1417.167178904055
GEUID,36000 Tokushima,2020-Q2,Japan,2020,4069008481605.98,117.7956988014519,Yes,No,High income,Yes,Yes,Yes,Yes,500.0,High,Yes,Moderate,Low,Cfa,sentinel_2_36000_tokushima_2020-Q2.tif,viirs_36000_tokushima_2020-Q2.tif,2000.0487735643096
SDS8B,09000 Tochigi,2023-Q2,Japan,2023,3993446887350.673,139.5056151606663,Yes,Yes,High income,No,No,Yes,Yes,100.0,Moderate,Yes,Moderate,Low,Cfa,sentinel_2_09000_tochigi_2023-Q2.tif,viirs_09000_tochigi_2023-Q2.tif,1771.0978059826512
X63CF,06000 Yamagata,2024-Q1,Japan,2024,3928801383782.808,142.3299725681459,Yes,Yes,High income,Yes,No,Yes,Yes,300.0,Moderate,Yes,Low,Low,Dfa,sentinel_2_06000_yamagata_2024-Q1.tif,viirs_06000_yamagata_2024-Q1.tif,1734.169745549514
DDQHK,46000 Kagoshima,2020-Q2,Japan,2020,4069008481605.98,117.7956988014519,Yes,No,High income,Yes,Yes,Yes,Yes,970.0,High,Yes,High,Low,Cfa,sentinel_2_46000_kagoshima_2020-Q2.tif,viirs_46000_kagoshima_2020-Q2.tif,1811.1170397762423
0USWB,41000 Saga,2022-Q3,Japan,2022,3880440088794.578,135.9371046973515,Yes,No,High income,Yes,Yes,Yes,Yes,900.0,Moderate,Yes,Moderate,Low,Cfa,sentinel_2_41000_saga_2022-Q3.tif,viirs_41000_saga_2022-Q3.tif,1626.0745979381447
2ZDO7,30000 Wakayama,2022-Q4,Japan,2022,3880440088794.578,136.4362131047677,Yes,No,High income,Yes,Yes,Yes,Yes,450.0,High,Yes,High,Low,Cfa,sentinel_2_30000_wakayama_2022-Q4.tif,viirs_30000_wakayama_2022-Q4.tif,1378.4407660212091
0WBGL,42000 Nagasaki,2024-Q3,Japan,2024,3928801383782.808,144.403145070865,Yes,No,High income,Yes,Yes,Yes,Yes,1200.0,Moderate,Yes,Moderate,Low,Cfa,sentinel_2_42000_nagasaki_2024-Q3.tif,viirs_42000_nagasaki_2024-Q3.tif,1677.8926219326322
WLGJE,38000 Ehime,2019-Q2,Japan,2019,4070264756531.522,117.3681318135368,Yes,No,High income,Yes,Yes,Yes,Yes,670.0,Moderate,Yes,Moderate,Low,Cfa,sentinel_2_38000_ehime_2019-Q2.tif,viirs_38000_ehime_2019-Q2.tif,1814.784802900783
NHJ7X,01000 Hokkaido,2021-Q3,Japan,2021,4247588558872.2593,125.4848727349994,Yes,No,High income,Yes,Yes,Yes,Yes,830.0,High,Yes,Low,Low,Dfb,sentinel_2_01000_hokkaido_2021-Q3.tif,viirs_01000_hokkaido_2021-Q3.tif,1861.061831831949
IFPWI,12000 Chiba,2023-Q3,Japan,2023,3993446887350.673,140.714328844415,Yes,No,High income,Yes,Yes,Yes,Yes,37.5,High,Yes,High,Low,Cfa,sentinel_2_12000_chiba_2023-Q3.tif,viirs_12000_chiba_2023-Q3.tif,1566.9966198385443
NTJLM,34000 Hiroshima,2023-Q3,Japan,2023,3993446887350.673,140.714328844415,Yes,No,High income,Yes,Yes,Yes,Yes,680.0,Moderate,Yes,Moderate,Low,Cfa,sentinel_2_34000_hiroshima_2023-Q3.tif,viirs_34000_hiroshima_2023-Q3.tif,1735.062656661684
OZTP7,47000 Okinawa,2022-Q3,Japan,2022,3880440088794.578,135.9371046973515,Yes,No,High income,Yes,Yes,Yes,No,1550.0,Moderate,Yes,High,Very Low,Cfa,sentinel_2_47000_okinawa_2022-Q3.tif,viirs_47000_okinawa_2022-Q3.tif,2000.6410138925376
9TJ1G,13000 Tokyo,2019-Q4,Japan,2019,4070264756531.522,117.9406160358257,Yes,No,High income,Yes,Yes,Yes,Yes,0.0,High,Yes,Moderate,Low,Cfa,sentinel_2_13000_tokyo_2019-Q4.tif,viirs_13000_tokyo_2019-Q4.tif,2814.088712894056
W1VZC,32000 Shimane,2021-Q3,Japan,2021,4247588558872.2593,125.4848727349994,Yes,No,High income,Yes,Yes,Yes,Yes,650.0,Moderate,Yes,Moderate,Very Low,Cfa,sentinel_2_32000_shimane_2021-Q3.tif,viirs_32000_shimane_2021-Q3.tif,1507.4092583559443
JFVYB,27000 Osaka,2019-Q3,Japan,2019,4070264756531.522,117.6899153350103,Yes,No,High income,Yes,Yes,Yes,Yes,400.0,High,Yes,High,Low,Cfa,sentinel_2_27000_osaka_2019-Q3.tif,viirs_27000_osaka_2019-Q3.tif,1994.2244435474192
N2S8N,41000 Saga,2024-Q3,Japan,2024,3928801383782.808,144.403145070865,Yes,No,High income,Yes,Yes,Yes,Yes,900.0,Moderate,Yes,Moderate,Low,Cfa,sentinel_2_41000_saga_2024-Q3.tif,viirs_41000_saga_2024-Q3.tif,1683.7046308419217
R5UQP,06000 Yamagata,2021-Q2,Japan,2021,4247588558872.2593,123.5075473904579,Yes,No,High income,Yes,No,Yes,Yes,300.0,Moderate,Yes,Low,Low,Dfa,sentinel_2_06000_yamagata_2021-Q2.tif,viirs_06000_yamagata_2021-Q2.tif,1647.249672540329
IQWNR,36000 Tokushima,2019-Q4,Japan,2019,4070264756531.522,117.9406160358257,Yes,No,High income,Yes,Yes,Yes,Yes,500.0,High,Yes,High,Low,Cfa,sentinel_2_36000_tokushima_2019-Q4.tif,viirs_36000_tokushima_2019-Q4.tif,1834.5739216252648
XRWK8,14000 Kanagawa,2021-Q4,Japan,2021,4247588558872.2593,127.389433729792,Yes,No,High income,Yes,Yes,Yes,Yes,30.0,High,Yes,Moderate,Low,Cfa,sentinel_2_14000_kanagawa_2021-Q4.tif,viirs_14000_kanagawa_2021-Q4.tif,1818.817734300764
9UE42,47000 Okinawa,2022-Q1,Japan,2022,3880440088794.578,130.2983261906564,Yes,No,High income,Yes,Yes,Yes,No,1550.0,Moderate,Yes,High,Very Low,Cfa,sentinel_2_47000_okinawa_2022-Q1.tif,viirs_47000_okinawa_2022-Q1.tif,1937.8470133808507
3JBCK,38000 Ehime,2024-Q2,Japan,2024,3928801383782.808,143.9682405014625,Yes,No,High income,Yes,Yes,Yes,Yes,670.0,Moderate,Yes,High,Low,Cfa,sentinel_2_38000_ehime_2024-Q2.tif,viirs_38000_ehime_2024-Q2.tif,1562.0503583841737
UU9YM,29000 Nara,2024-Q4,Japan,2024,3928801383782.808,144.7279859179582,Yes,Yes,High income,No,No,Yes,Yes,370.0,Moderate,Yes,Low,Very Low,Cfa,sentinel_2_29000_nara_2024-Q4.tif,viirs_29000_nara_2024-Q4.tif,1456.6397644818207
4X1ZH,09000 Tochigi,2024-Q4,Japan,2024,3928801383782.808,144.7279859179582,Yes,Yes,High income,No,No,Yes,Yes,100.0,Moderate,Yes,Low,Very Low,Cfa,sentinel_2_09000_tochigi_2024-Q4.tif,viirs_09000_tochigi_2024-Q4.tif,1534.448931841302
2VPGS,45000 Miyazaki,2019-Q2,Japan,2019,4070264756531.522,117.3681318135368,Yes,No,High income,Yes,Yes,Yes,Yes,870.0,Moderate,Yes,High,Low,Cfa,sentinel_2_45000_miyazaki_2019-Q2.tif,viirs_45000_miyazaki_2019-Q2.tif,1589.3380910079363
B700U,45000 Miyazaki,2021-Q4,Japan,2021,4247588558872.2593,127.389433729792,Yes,No,High income,Yes,Yes,Yes,Yes,870.0,Moderate,Yes,High,Low,Cfa,sentinel_2_45000_miyazaki_2021-Q4.tif,viirs_45000_miyazaki_2021-Q4.tif,1701.1552778038822
7S55J,07000 Fukushima,2022-Q3,Japan,2022,3880440088794.578,135.9371046973515,Yes,No,High income,Yes,Yes,Yes,Yes,250.0,High,Yes,Low,Low,Cfa,sentinel_2_07000_fukushima_2022-Q3.tif,viirs_07000_fukushima_2022-Q3.tif,1497.3554758129476
GTY3A,46000 Kagoshima,2020-Q1,Japan,2020,4069008481605.98,118.4352913210933,Yes,No,High income,Yes,Yes,Yes,Yes,970.0,High,Yes,High,Low,Cfa,sentinel_2_46000_kagoshima_2020-Q1.tif,viirs_46000_kagoshima_2020-Q1.tif,1878.734747784837
32LX2,44000 Oita,2020-Q2,Japan,2020,4069008481605.98,117.7956988014519,Yes,No,High income,Yes,Yes,Yes,Yes,770.0,Moderate,Yes,Moderate,Low,Cfa,sentinel_2_44000_oita_2020-Q2.tif,viirs_44000_oita_2020-Q2.tif,1877.082554361911
VROCV,42000 Nagasaki,2020-Q1,Japan,2020,4069008481605.98,118.4352913210933,Yes,No,High income,Yes,Yes,Yes,Yes,1200.0,Moderate,Yes,High,Low,Cfa,sentinel_2_42000_nagasaki_2020-Q1.tif,viirs_42000_nagasaki_2020-Q1.tif,2137.355313412675
ZQYAH,36000 Tokushima,2019-Q2,Japan,2019,4070264756531.522,117.3681318135368,Yes,No,High income,Yes,Yes,Yes,Yes,500.0,High,Yes,High,Low,Cfa,sentinel_2_36000_tokushima_2019-Q2.tif,viirs_36000_tokushima_2019-Q2.tif,1809.0869488864075
BG34I,27000 Osaka,2021-Q3,Japan,2021,4247588558872.2593,125.4848727349994,Yes,No,High income,Yes,Yes,Yes,Yes,400.0,High,Yes,High,Low,Cfa,sentinel_2_27000_osaka_2021-Q3.tif,viirs_27000_osaka_2021-Q3.tif,2124.7133338222934
E11E9,22000 Shizuoka,2022-Q1,Japan,2022,3880440088794.578,130.2983261906564,Yes,No,High income,Yes,Yes,Yes,Yes,150.0,High,Yes,Moderate,Low,Cfa,sentinel_2_22000_shizuoka_2022-Q1.tif,viirs_22000_shizuoka_2022-Q1.tif,1737.8765177386283
JICJD,25000 Shiga,2024-Q2,Japan,2024,3928801383782.808,143.9682405014625,Yes,Yes,High income,No,No,Yes,Yes,340.0,Moderate,Yes,Moderate,Low,Cfa,sentinel_2_25000_shiga_2024-Q2.tif,viirs_25000_shiga_2024-Q2.tif,1441.9543556435003
OF8KR,09000 Tochigi,2019-Q4,Japan,2019,4070264756531.522,117.9406160358257,Yes,Yes,High income,No,No,Yes,Yes,100.0,Moderate,Yes,Low,Low,Cfa,sentinel_2_09000_tochigi_2019-Q4.tif,viirs_09000_tochigi_2019-Q4.tif,1617.425832084681
NVC7H,38000 Ehime,2023-Q3,Japan,2023,3993446887350.673,140.714328844415,Yes,No,High income,Yes,Yes,Yes,Yes,670.0,Moderate,Yes,Moderate,Low,Cfa,sentinel_2_38000_ehime_2023-Q3.tif,viirs_38000_ehime_2023-Q3.tif,1802.27521037873
A78E9,18000 Fukui,2019-Q3,Japan,2019,4070264756531.522,117.6899153350103,Yes,No,High income,No,Yes,Yes,Yes,320.0,Moderate,Yes,Low,Low,Cfa,sentinel_2_18000_fukui_2019-Q3.tif,viirs_18000_fukui_2019-Q3.tif,2007.815941276677
NAM14,05000 Akita,2019-Q1,Japan,2019,4070264756531.522,115.9781187205398,Yes,No,High income,Yes,Yes,Yes,Yes,450.0,Moderate,Yes,Low,Very Low,Dfa,sentinel_2_05000_akita_2019-Q1.tif,viirs_05000_akita_2019-Q1.tif,1656.2183101739258
1BJ9R,19000 Yamanashi,2021-Q1,Japan,2021,4247588558872.2593,120.6838014481023,Yes,Yes,High income,No,No,Yes,Yes,110.0,Moderate,No,Low,Very Low,Cfa,sentinel_2_19000_yamanashi_2021-Q1.tif,viirs_19000_yamanashi_2021-Q1.tif,1952.031927186562
L1QWE,42000 Nagasaki,2019-Q2,Japan,2019,4070264756531.522,117.3681318135368,Yes,No,High income,Yes,Yes,Yes,Yes,1200.0,Moderate,Yes,High,Low,Cfa,sentinel_2_42000_nagasaki_2019-Q2.tif,viirs_42000_nagasaki_2019-Q2.tif,2149.794679182459
3RZSJ,07000 Fukushima,2022-Q1,Japan,2022,3880440088794.578,130.2983261906564,Yes,No,High income,Yes,Yes,Yes,Yes,250.0,High,Yes,Low,Low,Cfa,sentinel_2_07000_fukushima_2022-Q1.tif,viirs_07000_fukushima_2022-Q1.tif,1903.382413166741
2GZR7,18000 Fukui,2021-Q4,Japan,2021,4247588558872.2593,127.389433729792,Yes,No,High income,No,Yes,Yes,Yes,320.0,Moderate,Yes,Moderate,Low,Cfa,sentinel_2_18000_fukui_2021-Q4.tif,viirs_18000_fukui_2021-Q4.tif,2181.4003315246723
D5GLQ,20000 Nagano,2024-Q2,Japan,2024,3928801383782.808,143.9682405014625,Yes,Yes,High income,Yes,No,Yes,Yes,180.0,Moderate,Yes,Low,Very Low,Dfa,sentinel_2_20000_nagano_2024-Q2.tif,viirs_20000_nagano_2024-Q2.tif,1845.5823183716589
VG3KK,28000 Hyogo,2024-Q1,Japan,2024,3928801383782.808,142.3299725681459,Yes,No,High income,Yes,Yes,Yes,Yes,430.0,High,Yes,Moderate,Low,Cfa,sentinel_2_28000_hyogo_2024-Q1.tif,viirs_28000_hyogo_2024-Q1.tif,2108.7027919161087
NKND6,19000 Yamanashi,2022-Q4,Japan,2022,3880440088794.578,136.4362131047677,Yes,Yes,High income,No,No,Yes,Yes,110.0,Moderate,No,Low,Low,Cfa,sentinel_2_19000_yamanashi_2022-Q4.tif,viirs_19000_yamanashi_2022-Q4.tif,1501.339309779025
ZD76S,24000 Mie,2019-Q2,Japan,2019,4070264756531.522,117.3681318135368,Yes,No,High income,No,Yes,Yes,Yes,320.0,High,Yes,High,Low,Cfa,sentinel_2_24000_mie_2019-Q2.tif,viirs_24000_mie_2019-Q2.tif,1797.8575445916877
XPJ4H,08000 Ibaraki,2021-Q3,Japan,2021,4247588558872.2593,125.4848727349994,Yes,No,High income,Yes,Yes,Yes,Yes,100.0,High,Yes,Moderate,Low,Cfa,sentinel_2_08000_ibaraki_2021-Q3.tif,viirs_08000_ibaraki_2021-Q3.tif,1617.1959148149297
NYXTX,17000 Ishikawa,2020-Q3,Japan,2020,4069008481605.98,119.1285399053605,Yes,No,High income,Yes,Yes,Yes,Yes,270.0,Moderate,Yes,Low,Low,Cfa,sentinel_2_17000_ishikawa_2020-Q3.tif,viirs_17000_ishikawa_2020-Q3.tif,1892.0030883564584
9DXJ3,25000 Shiga,2019-Q3,Japan,2019,4070264756531.522,117.6899153350103,Yes,Yes,High income,No,No,Yes,Yes,340.0,Moderate,Yes,Moderate,Low,Cfa,sentinel_2_25000_shiga_2019-Q3.tif,viirs_25000_shiga_2019-Q3.tif,1750.3274967165853
IAF92,35000 Yamaguchi,2020-Q1,Japan,2020,4069008481605.98,118.4352913210933,Yes,No,High income,Yes,Yes,Yes,Yes,800.0,Moderate,Yes,Moderate,Low,Cfa,sentinel_2_35000_yamaguchi_2020-Q1.tif,viirs_35000_yamaguchi_2020-Q1.tif,2045.5194141657896
25MDF,45000 Miyazaki,2023-Q2,Japan,2023,3993446887350.673,139.5056151606663,Yes,No,High income,Yes,Yes,Yes,Yes,870.0,Moderate,Yes,High,Low,Cfa,sentinel_2_45000_miyazaki_2023-Q2.tif,viirs_45000_miyazaki_2023-Q2.tif,1757.417015706806
DWWO8,28000 Hyogo,2023-Q1,Japan,2023,3993446887350.673,137.8618440412342,Yes,No,High income,Yes,Yes,Yes,Yes,430.0,High,Yes,High,Low,Cfa,sentinel_2_28000_hyogo_2023-Q1.tif,viirs_28000_hyogo_2023-Q1.tif,1864.3288165663296
YZ7SR,06000 Yamagata,2024-Q3,Japan,2024,3928801383782.808,144.403145070865,Yes,Yes,High income,Yes,No,Yes,Yes,300.0,Moderate,Yes,Low,Low,Dfa,sentinel_2_06000_yamagata_2024-Q3.tif,viirs_06000_yamagata_2024-Q3.tif,1782.1024068015072
KWE4B,37000 Kagawa,2019-Q1,Japan,2019,4070264756531.522,115.9781187205398,Yes,No,High income,Yes,Yes,Yes,Yes,540.0,Moderate,No,Moderate,Low,Cfa,sentinel_2_37000_kagawa_2019-Q1.tif,viirs_37000_kagawa_2019-Q1.tif,1684.0999420011983
8Y1O4,18000 Fukui,2022-Q2,Japan,2022,3880440088794.578,134.1731806810651,Yes,No,High income,No,Yes,Yes,Yes,320.0,Moderate,Yes,Low,Very Low,Cfa,sentinel_2_18000_fukui_2022-Q2.tif,viirs_18000_fukui_2022-Q2.tif,1463.8485888033815
SWEBN,27000 Osaka,2022-Q1,Japan,2022,3880440088794.578,130.2983261906564,Yes,No,High income,Yes,Yes,Yes,Yes,400.0,High,Yes,Moderate,Low,Cfa,sentinel_2_27000_osaka_2022-Q1.tif,viirs_27000_osaka_2022-Q1.tif,1752.5079482024194
RWB2S,34000 Hiroshima,2020-Q4,Japan,2020,4069008481605.98,119.4024762808857,Yes,No,High income,Yes,Yes,Yes,Yes,680.0,Moderate,Yes,Moderate,Low,Cfa,sentinel_2_34000_hiroshima_2020-Q4.tif,viirs_34000_hiroshima_2020-Q4.tif,2067.2543522183355
5R5RC,26000 Kyoto,2022-Q4,Japan,2022,3880440088794.578,136.4362131047677,Yes,Yes,High income,No,No,Yes,Yes,370.0,Moderate,Yes,Moderate,Low,Cfa,sentinel_2_26000_kyoto_2022-Q4.tif,viirs_26000_kyoto_2022-Q4.tif,1846.0973553024185
9RR7S,13000 Tokyo,2020-Q3,Japan,2020,4069008481605.98,119.1285399053605,Yes,No,High income,Yes,Yes,Yes,Yes,0.0,High,Yes,Moderate,Low,Cfa,sentinel_2_13000_tokyo_2020-Q3.tif,viirs_13000_tokyo_2020-Q3.tif,2971.3833977044164
ZN4RE,41000 Saga,2020-Q3,Japan,2020,4069008481605.98,119.1285399053605,Yes,No,High income,Yes,Yes,Yes,Yes,900.0,Moderate,Yes,Moderate,Low,Cfa,sentinel_2_41000_saga_2020-Q3.tif,viirs_41000_saga_2020-Q3.tif,2134.839018163967
Y9V86,04000 Miyagi,2023-Q1,Japan,2023,3993446887350.673,137.8618440412342,Yes,No,High income,Yes,Yes,Yes,Yes,300.0,High,Yes,Low,Low,Cfa,sentinel_2_04000_miyagi_2023-Q1.tif,viirs_04000_miyagi_2023-Q1.tif,1561.6443251982632
HOCN9,02000 Aomori,2023-Q2,Japan,2023,3993446887350.673,139.5056151606663,Yes,No,High income,Yes,Yes,Yes,Yes,575.0,Moderate,No,Low,Low,Dfa,sentinel_2_02000_aomori_2023-Q2.tif,viirs_02000_aomori_2023-Q2.tif,1560.790017803457
OCWBF,06000 Yamagata,2021-Q4,Japan,2021,4247588558872.2593,127.389433729792,Yes,No,High income,Yes,No,Yes,Yes,300.0,Moderate,Yes,Low,Low,Dfa,sentinel_2_06000_yamagata_2021-Q4.tif,viirs_06000_yamagata_2021-Q4.tif,1549.7597090792567
II4W6,44000 Oita,2019-Q2,Japan,2019,4070264756531.522,117.3681318135368,Yes,No,High income,Yes,Yes,Yes,Yes,770.0,Moderate,Yes,High,Low,Cfa,sentinel_2_44000_oita_2019-Q2.tif,viirs_44000_oita_2019-Q2.tif,1827.7388966084889
UR5L8,18000 Fukui,2019-Q2,Japan,2019,4070264756531.522,117.3681318135368,Yes,No,High income,No,Yes,Yes,Yes,320.0,Moderate,Yes,Low,Low,Cfa,sentinel_2_18000_fukui_2019-Q2.tif,viirs_18000_fukui_2019-Q2.tif,1653.3032991820764
3NX39,07000 Fukushima,2024-Q1,Japan,2024,3928801383782.808,142.3299725681459,Yes,No,High income,Yes,Yes,Yes,Yes,250.0,High,Yes,Low,Low,Cfa,sentinel_2_07000_fukushima_2024-Q1.tif,viirs_07000_fukushima_2024-Q1.tif,1709.1875758803512
K43SA,31000 Tottori,2020-Q1,Japan,2020,4069008481605.98,118.4352913210933,Yes,No,High income,Yes,Yes,Yes,Yes,500.0,Moderate,Yes,Moderate,Low,Cfa,sentinel_2_31000_tottori_2020-Q1.tif,viirs_31000_tottori_2020-Q1.tif,1977.9623048927497
BHB7S,13000 Tokyo,2019-Q3,Japan,2019,4070264756531.522,117.6899153350103,Yes,No,High income,Yes,Yes,Yes,Yes,0.0,High,Yes,Moderate,Low,Cfa,sentinel_2_13000_tokyo_2019-Q3.tif,viirs_13000_tokyo_2019-Q3.tif,3110.126019585606
3WFSQ,33000 Okayama,2021-Q3,Japan,2021,4247588558872.2593,125.4848727349994,Yes,No,High income,Yes,Yes,Yes,Yes,540.0,Moderate,Yes,Moderate,Low,Cfa,sentinel_2_33000_okayama_2021-Q3.tif,viirs_33000_okayama_2021-Q3.tif,1745.1338616409842
UB2RT,35000 Yamaguchi,2024-Q4,Japan,2024,3928801383782.808,144.7279859179582,Yes,No,High income,Yes,Yes,Yes,Yes,800.0,Moderate,No,Moderate,Low,Cfa,sentinel_2_35000_yamaguchi_2024-Q4.tif,viirs_35000_yamaguchi_2024-Q4.tif,2213.6736226223625
FYO17,15000 Niigata,2022-Q1,Japan,2022,3880440088794.578,130.2983261906564,Yes,No,High income,Yes,Yes,Yes,Yes,250.0,Moderate,Yes,Low,Low,Cfa,sentinel_2_15000_niigata_2022-Q1.tif,viirs_15000_niigata_2022-Q1.tif,1561.117934665032
K5BWI,24000 Mie,2023-Q4,Japan,2023,3993446887350.673,140.8613862067226,Yes,No,High income,Yes,Yes,Yes,Yes,320.0,High,Yes,High,Low,Cfa,sentinel_2_24000_mie_2023-Q4.tif,viirs_24000_mie_2023-Q4.tif,1742.7302934661702
H17J8,39000 Kochi,2020-Q2,Japan,2020,4069008481605.98,117.7956988014519,Yes,No,High income,Yes,Yes,Yes,Yes,625.0,High,Yes,High,Low,Cfa,sentinel_2_39000_kochi_2020-Q2.tif,viirs_39000_kochi_2020-Q2.tif,1811.234161641221
XFGCA,06000 Yamagata,2023-Q1,Japan,2023,3993446887350.673,137.8618440412342,Yes,Yes,High income,Yes,No,Yes,Yes,300.0,Moderate,Yes,Low,Very Low,Dfa,sentinel_2_06000_yamagata_2023-Q1.tif,viirs_06000_yamagata_2023-Q1.tif,1470.6433971028184
8QZPK,20000 Nagano,2019-Q3,Japan,2019,4070264756531.522,117.6899153350103,Yes,Yes,High income,Yes,No,Yes,Yes,180.0,Moderate,No,Low,Very Low,Dfa,sentinel_2_20000_nagano_2019-Q3.tif,viirs_20000_nagano_2019-Q3.tif,1756.7422514362613
XYCEL,16000 Toyama,2022-Q4,Japan,2022,3880440088794.578,136.4362131047677,Yes,No,High income,Yes,Yes,Yes,Yes,260.0,Moderate,No,Low,Very Low,Cfa,sentinel_2_16000_toyama_2022-Q4.tif,viirs_16000_toyama_2022-Q4.tif,1711.7916534069952
5XQT4,14000 Kanagawa,2024-Q2,Japan,2024,3928801383782.808,143.9682405014625,Yes,No,High income,Yes,Yes,Yes,Yes,30.0,High,Yes,Moderate,Low,Cfa,sentinel_2_14000_kanagawa_2024-Q2.tif,viirs_14000_kanagawa_2024-Q2.tif,1930.000151285736
N9WSZ,35000 Yamaguchi,2019-Q1,Japan,2019,4070264756531.522,115.9781187205398,Yes,No,High income,Yes,Yes,Yes,Yes,800.0,Moderate,Yes,Moderate,Low,Cfa,sentinel_2_35000_yamaguchi_2019-Q1.tif,viirs_35000_yamaguchi_2019-Q1.tif,1858.544568635901
HGZZ0,26000 Kyoto,2020-Q2,Japan,2020,4069008481605.98,117.7956988014519,Yes,Yes,High income,No,No,Yes,Yes,370.0,Moderate,Yes,Moderate,Low,Cfa,sentinel_2_26000_kyoto_2020-Q2.tif,viirs_26000_kyoto_2020-Q2.tif,2400.9921041380835
8CD31,44000 Oita,2021-Q4,Japan,2021,4247588558872.2593,127.389433729792,Yes,No,High income,Yes,Yes,Yes,Yes,770.0,Moderate,Yes,Moderate,Low,Cfa,sentinel_2_44000_oita_2021-Q4.tif,viirs_44000_oita_2021-Q4.tif,1607.581611969019
88D0T,38000 Ehime,2024-Q3,Japan,2024,3928801383782.808,144.403145070865,Yes,No,High income,Yes,Yes,Yes,Yes,670.0,Moderate,Yes,High,Low,Cfa,sentinel_2_38000_ehime_2024-Q3.tif,viirs_38000_ehime_2024-Q3.tif,1526.028379047107
JIDKN,14000 Kanagawa,2023-Q1,Japan,2023,3993446887350.673,137.8618440412342,Yes,No,High income,Yes,Yes,Yes,Yes,30.0,High,Yes,High,Low,Cfa,sentinel_2_14000_kanagawa_2023-Q1.tif,viirs_14000_kanagawa_2023-Q1.tif,1866.368280718689
64JWT,14000 Kanagawa,2020-Q3,Japan,2020,4069008481605.98,119.1285399053605,Yes,No,High income,Yes,Yes,Yes,Yes,30.0,High,Yes,Low,Low,Cfa,sentinel_2_14000_kanagawa_2020-Q3.tif,viirs_14000_kanagawa_2020-Q3.tif,2244.963645242396
OXFQ8,07000 Fukushima,2024-Q4,Japan,2024,3928801383782.808,144.7279859179582,Yes,No,High income,Yes,Yes,Yes,Yes,250.0,High,Yes,Low,Low,Cfa,sentinel_2_07000_fukushima_2024-Q4.tif,viirs_07000_fukushima_2024-Q4.tif,1717.4793445279124
9XUY4,01000 Hokkaido,2022-Q1,Japan,2022,3880440088794.578,130.2983261906564,Yes,No,High income,Yes,Yes,Yes,Yes,830.0,High,Yes,Low,Very Low,Dfb,sentinel_2_01000_hokkaido_2022-Q1.tif,viirs_01000_hokkaido_2022-Q1.tif,2000.4354925870628
90PDW,08000 Ibaraki,2019-Q4,Japan,2019,4070264756531.522,117.9406160358257,Yes,No,High income,Yes,Yes,Yes,Yes,100.0,High,Yes,High,Low,Cfa,sentinel_2_08000_ibaraki_2019-Q4.tif,viirs_08000_ibaraki_2019-Q4.tif,1563.661276267782
22VXY,28000 Hyogo,2019-Q2,Japan,2019,4070264756531.522,117.3681318135368,Yes,No,High income,Yes,Yes,Yes,Yes,430.0,High,Yes,Moderate,Low,Cfa,sentinel_2_28000_hyogo_2019-Q2.tif,viirs_28000_hyogo_2019-Q2.tif,1904.8804694331743
48WZE,46000 Kagoshima,2020-Q4,Japan,2020,4069008481605.98,119.4024762808857,Yes,No,High income,Yes,Yes,Yes,Yes,970.0,High,Yes,High,Low,Cfa,sentinel_2_46000_kagoshima_2020-Q4.tif,viirs_46000_kagoshima_2020-Q4.tif,2129.708397205153
3Y30Y,11000 Saitama,2024-Q1,Japan,2024,3928801383782.808,142.3299725681459,Yes,Yes,High income,No,No,Yes,Yes,22.5,Moderate,Yes,Moderate,Low,Cfa,sentinel_2_11000_saitama_2024-Q1.tif,viirs_11000_saitama_2024-Q1.tif,1635.8939474212325
ZXTNS,38000 Ehime,2022-Q2,Japan,2022,3880440088794.578,134.1731806810651,Yes,No,High income,Yes,Yes,Yes,Yes,670.0,Moderate,Yes,High,Low,Cfa,sentinel_2_38000_ehime_2022-Q2.tif,viirs_38000_ehime_2022-Q2.tif,1371.328686109135
0VGNX,29000 Nara,2019-Q1,Japan,2019,4070264756531.522,115.9781187205398,Yes,Yes,High income,No,No,Yes,Yes,370.0,Moderate,Yes,Moderate,Low,Cfa,sentinel_2_29000_nara_2019-Q1.tif,viirs_29000_nara_2019-Q1.tif,1715.501942424894
FM8ZO,11000 Saitama,2023-Q3,Japan,2023,3993446887350.673,140.714328844415,Yes,Yes,High income,No,No,Yes,Yes,22.5,Moderate,Yes,Low,Low,Cfa,sentinel_2_11000_saitama_2023-Q3.tif,viirs_11000_saitama_2023-Q3.tif,1607.9574079311255
HZN4K,36000 Tokushima,2020-Q1,Japan,2020,4069008481605.98,118.4352913210933,Yes,No,High income,Yes,Yes,Yes,Yes,500.0,High,Yes,Moderate,Low,Cfa,sentinel_2_36000_tokushima_2020-Q1.tif,viirs_36000_tokushima_2020-Q1.tif,1782.6494108050758
GVWWU,37000 Kagawa,2019-Q4,Japan,2019,4070264756531.522,117.9406160358257,Yes,No,High income,Yes,Yes,Yes,Yes,540.0,Moderate,No,Moderate,Low,Cfa,sentinel_2_37000_kagawa_2019-Q4.tif,viirs_37000_kagawa_2019-Q4.tif,1641.8169242955796
ZQY72,06000 Yamagata,2023-Q3,Japan,2023,3993446887350.673,140.714328844415,Yes,Yes,High income,Yes,No,Yes,Yes,300.0,Moderate,Yes,Low,Very Low,Dfa,sentinel_2_06000_yamagata_2023-Q3.tif,viirs_06000_yamagata_2023-Q3.tif,1532.369883517189
XZ2EI,38000 Ehime,2020-Q2,Japan,2020,4069008481605.98,117.7956988014519,Yes,No,High income,Yes,Yes,Yes,Yes,670.0,Moderate,Yes,High,Low,Cfa,sentinel_2_38000_ehime_2020-Q2.tif,viirs_38000_ehime_2020-Q2.tif,1673.3861082114713
61IAO,23000 Aichi,2024-Q2,Japan,2024,3928801383782.808,143.9682405014625,Yes,No,High income,Yes,Yes,Yes,Yes,260.0,High,Yes,Moderate,Low,Cfa,sentinel_2_23000_aichi_2024-Q2.tif,viirs_23000_aichi_2024-Q2.tif,1534.2972223206923
EKTSG,14000 Kanagawa,2020-Q4,Japan,2020,4069008481605.98,119.4024762808857,Yes,No,High income,Yes,Yes,Yes,Yes,30.0,High,Yes,Low,Low,Cfa,sentinel_2_14000_kanagawa_2020-Q4.tif,viirs_14000_kanagawa_2020-Q4.tif,2270.1195221476355
H2VFF,24000 Mie,2020-Q3,Japan,2020,4069008481605.98,119.1285399053605,Yes,No,High income,No,Yes,Yes,Yes,320.0,High,Yes,Moderate,Low,Cfa,sentinel_2_24000_mie_2020-Q3.tif,viirs_24000_mie_2020-Q3.tif,1850.491892052283
WX7PT,06000 Yamagata,2023-Q4,Japan,2023,3993446887350.673,140.8613862067226,Yes,Yes,High income,Yes,No,Yes,Yes,300.0,Moderate,Yes,Low,Very Low,Dfa,sentinel_2_06000_yamagata_2023-Q4.tif,viirs_06000_yamagata_2023-Q4.tif,1665.9359796966028
